DriverNumber,DriverId,TeamName,TeamId,FullName,Position,ClassifiedPosition,GridPosition,Q1,Q2,Q3,Year,RoundNumber
77,bottas,Mercedes,mercedes,Valtteri Bottas,1.0,,,64.111,63.015,62.939,2020,1
44,hamilton,Mercedes,mercedes,Lewis Hamilton,2.0,,,64.198,63.096,62.951,2020,1
33,max_verstappen,Red Bull Racing,red_bull,Max Verstappen,3.0,,,64.024,64.0,63.477,2020,1
4,norris,McLaren,mclaren,Lando Norris,4.0,,,64.606,63.819,63.626,2020,1
23,albon,Red Bull Racing,red_bull,Alexander Albon,5.0,,,64.661,63.746,63.868,2020,1
11,perez,Racing Point,racing_point,Sergio Perez,6.0,,,64.543,63.86,63.868,2020,1
16,leclerc,Ferrari,ferrari,Charles Leclerc,7.0,,,64.5,64.041,63.923,2020,1
55,sainz,McLaren,mclaren,Carlos Sainz,8.0,,,64.537,63.971,63.971,2020,1
18,stroll,Racing Point,racing_point,Lance Stroll,9.0,,,64.309,63.955,64.029,2020,1
3,ricciardo,Renault,renault,Daniel Ricciardo,10.0,,,64.556,64.023,64.239,2020,1
5,vettel,Ferrari,ferrari,Sebastian Vettel,11.0,,,64.554,64.206,,2020,1
10,gasly,AlphaTauri,alphatauri,Pierre Gasly,12.0,,,64.603,64.305,,2020,1
26,kvyat,AlphaTauri,alphatauri,Daniil Kvyat,13.0,,,65.031,64.431,,2020,1
31,ocon,Renault,renault,Esteban Ocon,14.0,,,64.933,64.643,,2020,1
8,grosjean,Haas F1 Team,haas,Romain Grosjean,15.0,,,65.094,64.691,,2020,1
20,kevin_magnussen,Haas F1 Team,haas,Kevin Magnussen,16.0,,,65.164,,,2020,1
63,russell,Williams,williams,George Russell,17.0,,,65.167,,,2020,1
99,giovinazzi,Alfa Romeo Racing,alfa,Antonio Giovinazzi,18.0,,,65.175,,,2020,1
7,raikkonen,Alfa Romeo Racing,alfa,Kimi Räikkönen,19.0,,,65.224,,,2020,1
6,latifi,Williams,williams,Nicholas Latifi,20.0,,,65.757,,,2020,1
44,hamilton,Mercedes,mercedes,Lewis Hamilton,1.0,,,78.188,77.825,79.273,2020,2
33,max_verstappen,Red Bull Racing,red_bull,Max Verstappen,2.0,,,78.297,77.938,80.489,2020,2
55,sainz,McLaren,mclaren,Carlos Sainz,3.0,,,78.59,78.836,80.671,2020,2
77,bottas,Mercedes,mercedes,Valtteri Bottas,4.0,,,78.791,78.657,80.701,2020,2
31,ocon,Renault,renault,Esteban Ocon,5.0,,,79.687,78.764,80.922,2020,2
4,norris,McLaren,mclaren,Lando Norris,6.0,,,78.504,78.448,80.925,2020,2
23,albon,Red Bull Racing,red_bull,Alexander Albon,7.0,,,80.882,79.014,81.011,2020,2
10,gasly,AlphaTauri,alphatauri,Pierre Gasly,8.0,,,80.192,78.744,81.028,2020,2
3,ricciardo,Renault,renault,Daniel Ricciardo,9.0,,,79.662,79.229,81.192,2020,2
5,vettel,Ferrari,ferrari,Sebastian Vettel,10.0,,,80.243,79.545,81.651,2020,2
16,leclerc,Ferrari,ferrari,Charles Leclerc,11.0,,,80.871,79.628,,2020,2
63,russell,Williams,williams,George Russell,12.0,,,80.382,79.636,,2020,2
18,stroll,Racing Point,racing_point,Lance Stroll,13.0,,,79.697,79.645,,2020,2
26,kvyat,AlphaTauri,alphatauri,Daniil Kvyat,14.0,,,79.824,79.717,,2020,2
20,kevin_magnussen,Haas F1 Team,haas,Kevin Magnussen,15.0,,,81.14,80.211,,2020,2
7,raikkonen,Alfa Romeo Racing,alfa,Kimi Räikkönen,16.0,,,81.14,,,2020,2
11,perez,Racing Point,racing_point,Sergio Perez,17.0,,,81.607,,,2020,2
6,latifi,Williams,williams,Nicholas Latifi,18.0,,,81.759,,,2020,2
99,giovinazzi,Alfa Romeo Racing,alfa,Antonio Giovinazzi,19.0,,,81.831,,,2020,2
8,grosjean,Haas F1 Team,haas,Romain Grosjean,20.0,,,,,,2020,2
44,hamilton,Mercedes,mercedes,Lewis Hamilton,1.0,,,74.907,74.261,73.447,2020,3
77,bottas,Mercedes,mercedes,Valtteri Bottas,2.0,,,75.474,74.53,73.554,2020,3
18,stroll,Racing Point,racing_point,Lance Stroll,3.0,,,74.895,75.176,74.377,2020,3
11,perez,Racing Point,racing_point,Sergio Perez,4.0,,,74.681,75.394,74.545,2020,3
5,vettel,Ferrari,ferrari,Sebastian Vettel,5.0,,,75.455,75.131,74.774,2020,3
16,leclerc,Ferrari,ferrari,Charles Leclerc,6.0,,,75.793,75.006,74.817,2020,3
33,max_verstappen,Red Bull Racing,red_bull,Max Verstappen,7.0,,,75.495,74.976,74.849,2020,3
4,norris,McLaren,mclaren,Lando Norris,8.0,,,75.444,75.085,74.966,2020,3
55,sainz,McLaren,mclaren,Carlos Sainz,9.0,,,75.281,75.267,75.027,2020,3
10,gasly,AlphaTauri,alphatauri,Pierre Gasly,10.0,,,75.767,75.508,,2020,3
3,ricciardo,Renault,renault,Daniel Ricciardo,11.0,,,75.848,75.661,,2020,3
63,russell,Williams,williams,George Russell,12.0,,,75.585,75.698,,2020,3
23,albon,Red Bull Racing,red_bull,Alexander Albon,13.0,,,75.722,75.715,,2020,3
31,ocon,Renault,renault,Esteban Ocon,14.0,,,75.719,75.742,,2020,3
6,latifi,Williams,williams,Nicholas Latifi,15.0,,,76.105,76.544,,2020,3
20,kevin_magnussen,Haas F1 Team,haas,Kevin Magnussen,16.0,,,76.152,,,2020,3
26,kvyat,AlphaTauri,alphatauri,Daniil Kvyat,17.0,,,76.204,,,2020,3
8,grosjean,Haas F1 Team,haas,Romain Grosjean,18.0,,,76.407,,,2020,3
99,giovinazzi,Alfa Romeo Racing,alfa,Antonio Giovinazzi,19.0,,,76.506,,,2020,3
7,raikkonen,Alfa Romeo Racing,alfa,Kimi Räikkönen,20.0,,,76.614,,,2020,3
44,hamilton,Mercedes,mercedes,Lewis Hamilton,1.0,,,85.9,85.347,84.303,2020,4
77,bottas,Mercedes,mercedes,Valtteri Bottas,2.0,,,85.801,85.015,84.616,2020,4
33,max_verstappen,Red Bull Racing,red_bull,Max Verstappen,3.0,,,86.115,86.144,85.325,2020,4
16,leclerc,Ferrari,ferrari,Charles Leclerc,4.0,,,86.55,86.203,85.427,2020,4
4,norris,McLaren,mclaren,Lando Norris,5.0,,,86.855,86.42,85.782,2020,4
18,stroll,Racing Point,racing_point,Lance Stroll,6.0,,,86.243,86.501,85.839,2020,4
55,sainz,McLaren,mclaren,Carlos Sainz,7.0,,,86.715,86.149,85.965,2020,4
3,ricciardo,Renault,renault,Daniel Ricciardo,8.0,,,86.677,86.339,86.009,2020,4
31,ocon,Renault,renault,Esteban Ocon,9.0,,,86.396,86.252,86.209,2020,4
5,vettel,Ferrari,ferrari,Sebastian Vettel,10.0,,,86.469,86.455,86.339,2020,4
10,gasly,AlphaTauri,alphatauri,Pierre Gasly,11.0,,,86.343,86.501,,2020,4
23,albon,Red Bull Racing,red_bull,Alexander Albon,12.0,,,86.565,86.545,,2020,4
27,hulkenberg,Racing Point,racing_point,Nico Hulkenberg,13.0,,,86.327,86.566,,2020,4
26,kvyat,AlphaTauri,alphatauri,Daniil Kvyat,14.0,,,86.774,86.744,,2020,4
63,russell,Williams,williams,George Russell,15.0,,,86.732,87.092,,2020,4
20,kevin_magnussen,Haas F1 Team,haas,Kevin Magnussen,16.0,,,87.158,,,2020,4
99,giovinazzi,Alfa Romeo Racing,alfa,Antonio Giovinazzi,17.0,,,87.164,,,2020,4
7,raikkonen,Alfa Romeo Racing,alfa,Kimi Räikkönen,18.0,,,87.366,,,2020,4
8,grosjean,Haas F1 Team,haas,Romain Grosjean,19.0,,,87.643,,,2020,4
6,latifi,Williams,williams,Nicholas Latifi,20.0,,,87.705,,,2020,4
77,bottas,Mercedes,mercedes,Valtteri Bottas,1.0,,,86.738,85.785,85.154,2020,5
44,hamilton,Mercedes,mercedes,Lewis Hamilton,2.0,,,86.818,86.266,85.217,2020,5
27,hulkenberg,Racing Point,racing_point,Nico Hulkenberg,3.0,,,87.279,86.261,86.082,2020,5
33,max_verstappen,Red Bull Racing,red_bull,Max Verstappen,4.0,,,87.154,86.779,86.176,2020,5
3,ricciardo,Renault,renault,Daniel Ricciardo,5.0,,,87.442,86.636,86.297,2020,5
18,stroll,Racing Point,racing_point,Lance Stroll,6.0,,,87.187,86.674,86.428,2020,5
10,gasly,AlphaTauri,alphatauri,Pierre Gasly,7.0,,,87.154,86.523,86.534,2020,5
16,leclerc,Ferrari,ferrari,Charles Leclerc,8.0,,,87.427,86.709,86.614,2020,5
23,albon,Red Bull Racing,red_bull,Alexander Albon,9.0,,,87.153,86.642,86.669,2020,5
4,norris,McLaren,mclaren,Lando Norris,10.0,,,87.217,86.885,86.778,2020,5
31,ocon,Renault,renault,Esteban Ocon,11.0,,,87.278,87.011,,2020,5
5,vettel,Ferrari,ferrari,Sebastian Vettel,12.0,,,87.612,87.078,,2020,5
55,sainz,McLaren,mclaren,Carlos Sainz,13.0,,,87.45,87.083,,2020,5
8,grosjean,Haas F1 Team,haas,Romain Grosjean,14.0,,,87.519,87.254,,2020,5
63,russell,Williams,williams,George Russell,15.0,,,87.757,87.455,,2020,5
26,kvyat,AlphaTauri,alphatauri,Daniil Kvyat,16.0,,,87.882,,,2020,5
20,kevin_magnussen,Haas F1 Team,haas,Kevin Magnussen,17.0,,,88.236,,,2020,5
6,latifi,Williams,williams,Nicholas Latifi,18.0,,,88.43,,,2020,5
99,giovinazzi,Alfa Romeo Racing,alfa,Antonio Giovinazzi,19.0,,,88.433,,,2020,5
7,raikkonen,Alfa Romeo Racing,alfa,Kimi Räikkönen,20.0,,,88.493,,,2020,5
44,hamilton,Mercedes,mercedes,Lewis Hamilton,1.0,,,76.872,76.013,75.584,2020,6
77,bottas,Mercedes,mercedes,Valtteri Bottas,2.0,,,77.243,76.152,75.643,2020,6
33,max_verstappen,Red Bull Racing,red_bull,Max Verstappen,3.0,,,77.213,76.518,76.292,2020,6
11,perez,Racing Point,racing_point,Sergio Perez,4.0,,,77.117,76.936,76.482,2020,6
18,stroll,Racing Point,racing_point,Lance Stroll,5.0,,,77.316,76.666,76.589,2020,6
23,albon,Red Bull Racing,red_bull,Alexander Albon,6.0,,,77.419,77.163,77.029,2020,6
55,sainz,McLaren,mclaren,Carlos Sainz,7.0,,,77.438,76.876,77.044,2020,6
4,norris,McLaren,mclaren,Lando Norris,8.0,,,77.577,77.166,77.084,2020,6
16,leclerc,Ferrari,ferrari,Charles Leclerc,9.0,,,77.256,76.953,77.087,2020,6
10,gasly,AlphaTauri,alphatauri,Pierre Gasly,10.0,,,77.356,76.8,77.136,2020,6
5,vettel,Ferrari,ferrari,Sebastian Vettel,11.0,,,77.573,77.168,,2020,6
26,kvyat,AlphaTauri,alphatauri,Daniil Kvyat,12.0,,,77.676,77.192,,2020,6
3,ricciardo,Renault,renault,Daniel Ricciardo,13.0,,,77.667,77.198,,2020,6
7,raikkonen,Alfa Romeo Racing,alfa,Kimi Räikkönen,14.0,,,77.797,77.386,,2020,6
31,ocon,Renault,renault,Esteban Ocon,15.0,,,77.765,77.567,,2020,6
20,kevin_magnussen,Haas F1 Team,haas,Kevin Magnussen,16.0,,,77.908,,,2020,6
8,grosjean,Haas F1 Team,haas,Romain Grosjean,17.0,,,78.089,,,2020,6
63,russell,Williams,williams,George Russell,18.0,,,78.099,,,2020,6
6,latifi,Williams,williams,Nicholas Latifi,19.0,,,78.532,,,2020,6
99,giovinazzi,Alfa Romeo Racing,alfa,Antonio Giovinazzi,20.0,,,78.697,,,2020,6
44,hamilton,Mercedes,mercedes,Lewis Hamilton,1.0,,,102.323,102.014,101.252,2020,7
77,bottas,Mercedes,mercedes,Valtteri Bottas,2.0,,,102.534,102.126,101.763,2020,7
33,max_verstappen,Red Bull Racing,red_bull,Max Verstappen,3.0,,,103.197,102.473,101.778,2020,7
3,ricciardo,Renault,renault,Daniel Ricciardo,4.0,,,103.309,102.487,102.061,2020,7
23,albon,Red Bull Racing,red_bull,Alexander Albon,5.0,,,103.418,102.193,102.264,2020,7
31,ocon,Renault,renault,Esteban Ocon,6.0,,,103.505,102.534,102.396,2020,7
55,sainz,McLaren,mclaren,Carlos Sainz,7.0,,,103.322,102.478,102.438,2020,7
11,perez,Racing Point,racing_point,Sergio Perez,8.0,,,103.349,102.67,102.532,2020,7
18,stroll,Racing Point,racing_point,Lance Stroll,9.0,,,103.265,102.491,102.603,2020,7
4,norris,McLaren,mclaren,Lando Norris,10.0,,,103.514,102.722,102.657,2020,7
26,kvyat,AlphaTauri,alphatauri,Daniil Kvyat,11.0,,,103.267,102.73,,2020,7
10,gasly,AlphaTauri,alphatauri,Pierre Gasly,12.0,,,103.262,102.745,,2020,7
16,leclerc,Ferrari,ferrari,Charles Leclerc,13.0,,,103.656,102.996,,2020,7
5,vettel,Ferrari,ferrari,Sebastian Vettel,14.0,,,103.567,103.261,,2020,7
63,russell,Williams,williams,George Russell,15.0,,,103.63,103.468,,2020,7
7,raikkonen,Alfa Romeo Racing,alfa,Kimi Räikkönen,16.0,,,103.743,,,2020,7
8,grosjean,Haas F1 Team,haas,Romain Grosjean,17.0,,,103.838,,,2020,7
99,giovinazzi,Alfa Romeo Racing,alfa,Antonio Giovinazzi,18.0,,,103.95,,,2020,7
6,latifi,Williams,williams,Nicholas Latifi,19.0,,,104.138,,,2020,7
20,kevin_magnussen,Haas F1 Team,haas,Kevin Magnussen,20.0,,,104.314,,,2020,7
44,hamilton,Mercedes,mercedes,Lewis Hamilton,1.0,,,79.514,79.092,78.887,2020,8
77,bottas,Mercedes,mercedes,Valtteri Bottas,2.0,,,79.786,78.952,78.956,2020,8
55,sainz,McLaren,mclaren,Carlos Sainz,3.0,,,80.099,79.705,79.695,2020,8
11,perez,Racing Point,racing_point,Sergio Perez,4.0,,,80.048,79.718,79.72,2020,8
33,max_verstappen,Red Bull Racing,red_bull,Max Verstappen,5.0,,,80.193,79.78,79.795,2020,8
4,norris,McLaren,mclaren,Lando Norris,6.0,,,80.344,79.962,79.82,2020,8
3,ricciardo,Renault,renault,Daniel Ricciardo,7.0,,,80.548,80.031,79.864,2020,8
18,stroll,Racing Point,racing_point,Lance Stroll,8.0,,,80.4,79.924,80.049,2020,8
23,albon,Red Bull Racing,red_bull,Alexander Albon,9.0,,,81.104,80.064,80.09,2020,8
10,gasly,AlphaTauri,alphatauri,Pierre Gasly,10.0,,,80.145,79.909,80.177,2020,8
26,kvyat,AlphaTauri,alphatauri,Daniil Kvyat,11.0,,,80.307,80.169,,2020,8
31,ocon,Renault,renault,Esteban Ocon,12.0,,,80.747,80.234,,2020,8
16,leclerc,Ferrari,ferrari,Charles Leclerc,13.0,,,80.443,80.273,,2020,8
7,raikkonen,Alfa Romeo Racing,alfa,Kimi Räikkönen,14.0,,,81.01,80.926,,2020,8
20,kevin_magnussen,Haas F1 Team,haas,Kevin Magnussen,15.0,,,80.869,81.573,,2020,8
8,grosjean,Haas F1 Team,haas,Romain Grosjean,16.0,,,81.139,,,2020,8
5,vettel,Ferrari,ferrari,Sebastian Vettel,17.0,,,81.151,,,2020,8
99,giovinazzi,Alfa Romeo Racing,alfa,Antonio Giovinazzi,18.0,,,81.206,,,2020,8
63,russell,Williams,williams,George Russell,19.0,,,81.587,,,2020,8
6,latifi,Williams,williams,Nicholas Latifi,20.0,,,81.717,,,2020,8
44,hamilton,Mercedes,mercedes,Lewis Hamilton,1.0,,,75.778,75.309,75.144,2020,9
77,bottas,Mercedes,mercedes,Valtteri Bottas,2.0,,,75.749,75.322,75.203,2020,9
33,max_verstappen,Red Bull Racing,red_bull,Max Verstappen,3.0,,,76.335,75.471,75.509,2020,9
23,albon,Red Bull Racing,red_bull,Alexander Albon,4.0,,,76.527,75.914,75.954,2020,9
16,leclerc,Ferrari,ferrari,Charles Leclerc,5.0,,,76.698,76.324,76.27,2020,9
11,perez,Racing Point,racing_point,Sergio Perez,6.0,,,76.596,76.489,76.311,2020,9
18,stroll,Racing Point,racing_point,Lance Stroll,7.0,,,76.701,76.271,76.356,2020,9
3,ricciardo,Renault,renault,Daniel Ricciardo,8.0,,,76.981,76.243,76.543,2020,9
55,sainz,McLaren,mclaren,Carlos Sainz,9.0,,,76.993,76.522,77.87,2020,9
31,ocon,Renault,renault,Esteban Ocon,10.0,,,76.825,76.297,,2020,9
4,norris,McLaren,mclaren,Lando Norris,11.0,,,76.895,76.64,,2020,9
26,kvyat,AlphaTauri,alphatauri,Daniil Kvyat,12.0,,,76.928,76.854,,2020,9
7,raikkonen,Alfa Romeo Racing,alfa,Kimi Räikkönen,13.0,,,77.059,76.854,,2020,9
5,vettel,Ferrari,ferrari,Sebastian Vettel,14.0,,,77.072,76.858,,2020,9
8,grosjean,Haas F1 Team,haas,Romain Grosjean,15.0,,,77.069,77.254,,2020,9
10,gasly,AlphaTauri,alphatauri,Pierre Gasly,16.0,,,77.125,,,2020,9
99,giovinazzi,Alfa Romeo Racing,alfa,Antonio Giovinazzi,17.0,,,77.22,,,2020,9
63,russell,Williams,williams,George Russell,18.0,,,77.232,,,2020,9
6,latifi,Williams,williams,Nicholas Latifi,19.0,,,77.32,,,2020,9
20,kevin_magnussen,Haas F1 Team,haas,Kevin Magnussen,20.0,,,77.348,,,2020,9
44,hamilton,Mercedes,mercedes,Lewis Hamilton,1.0,,,92.983,92.835,91.304,2020,10
33,max_verstappen,Red Bull Racing,red_bull,Max Verstappen,2.0,,,93.63,93.157,91.867,2020,10
77,bottas,Mercedes,mercedes,Valtteri Bottas,3.0,,,92.656,92.405,91.956,2020,10
11,perez,Racing Point,racing_point,Sergio Perez,4.0,,,93.704,93.038,92.317,2020,10
3,ricciardo,Renault,renault,Daniel Ricciardo,5.0,,,93.65,92.218,92.364,2020,10
55,sainz,McLaren,mclaren,Carlos Sainz,6.0,,,93.967,92.757,92.55,2020,10
31,ocon,Renault,renault,Esteban Ocon,7.0,,,93.557,93.196,92.624,2020,10
4,norris,McLaren,mclaren,Lando Norris,8.0,,,93.804,93.081,92.847,2020,10
10,gasly,AlphaTauri,alphatauri,Pierre Gasly,9.0,,,93.734,93.139,93.0,2020,10
23,albon,Red Bull Racing,red_bull,Alexander Albon,10.0,,,93.919,93.153,93.008,2020,10
16,leclerc,Ferrari,ferrari,Charles Leclerc,11.0,,,94.071,93.239,,2020,10
26,kvyat,AlphaTauri,alphatauri,Daniil Kvyat,12.0,,,93.511,93.249,,2020,10
18,stroll,Racing Point,racing_point,Lance Stroll,13.0,,,93.852,93.364,,2020,10
63,russell,Williams,williams,George Russell,14.0,,,94.02,93.583,,2020,10
5,vettel,Ferrari,ferrari,Sebastian Vettel,15.0,,,94.134,93.609,,2020,10
8,grosjean,Haas F1 Team,haas,Romain Grosjean,16.0,,,94.592,,,2020,10
99,giovinazzi,Alfa Romeo Racing,alfa,Antonio Giovinazzi,17.0,,,94.594,,,2020,10
20,kevin_magnussen,Haas F1 Team,haas,Kevin Magnussen,18.0,,,94.681,,,2020,10
6,latifi,Williams,williams,Nicholas Latifi,19.0,,,95.066,,,2020,10
7,raikkonen,Alfa Romeo Racing,alfa,Kimi Räikkönen,20.0,,,95.267,,,2020,10
77,bottas,Mercedes,mercedes,Valtteri Bottas,1.0,,,86.573,85.971,85.269,2020,11
44,hamilton,Mercedes,mercedes,Lewis Hamilton,2.0,,,86.62,85.39,85.525,2020,11
33,max_verstappen,Red Bull Racing,red_bull,Max Verstappen,3.0,,,86.319,85.467,85.562,2020,11
16,leclerc,Ferrari,ferrari,Charles Leclerc,4.0,,,86.857,86.24,86.035,2020,11
23,albon,Red Bull Racing,red_bull,Alexander Albon,5.0,,,87.126,86.285,86.047,2020,11
3,ricciardo,Renault,renault,Daniel Ricciardo,6.0,,,86.836,86.096,86.223,2020,11
31,ocon,Renault,renault,Esteban Ocon,7.0,,,87.086,86.364,86.242,2020,11
4,norris,McLaren,mclaren,Lando Norris,8.0,,,86.829,86.316,86.458,2020,11
11,perez,Racing Point,racing_point,Sergio Perez,9.0,,,87.12,86.33,86.704,2020,11
55,sainz,McLaren,mclaren,Carlos Sainz,10.0,,,87.378,86.361,86.709,2020,11
5,vettel,Ferrari,ferrari,Sebastian Vettel,11.0,,,87.107,86.738,,2020,11
10,gasly,AlphaTauri,alphatauri,Pierre Gasly,12.0,,,87.072,86.776,,2020,11
26,kvyat,AlphaTauri,alphatauri,Daniil Kvyat,13.0,,,87.285,86.848,,2020,11
99,giovinazzi,Alfa Romeo Racing,alfa,Antonio Giovinazzi,14.0,,,87.532,86.936,,2020,11
20,kevin_magnussen,Haas F1 Team,haas,Kevin Magnussen,15.0,,,87.231,87.125,,2020,11
8,grosjean,Haas F1 Team,haas,Romain Grosjean,16.0,,,87.552,,,2020,11
63,russell,Williams,williams,George Russell,17.0,,,87.564,,,2020,11
6,latifi,Williams,williams,Nicholas Latifi,18.0,,,87.812,,,2020,11
7,raikkonen,Alfa Romeo Racing,alfa,Kimi Räikkönen,19.0,,,87.817,,,2020,11
27,hulkenberg,Racing Point,racing_point,Nico Hulkenberg,20.0,,,88.021,,,2020,11
44,hamilton,Mercedes,mercedes,Lewis Hamilton,1.0,,,76.828,76.824,76.652,2020,12
77,bottas,Mercedes,mercedes,Valtteri Bottas,2.0,,,76.945,76.466,76.754,2020,12
33,max_verstappen,Red Bull Racing,red_bull,Max Verstappen,3.0,,,76.879,77.038,76.904,2020,12
16,leclerc,Ferrari,ferrari,Charles Leclerc,4.0,,,77.421,77.367,77.09,2020,12
11,perez,Racing Point,racing_point,Sergio Perez,5.0,,,77.37,77.129,77.223,2020,12
23,albon,Red Bull Racing,red_bull,Alexander Albon,6.0,,,77.435,77.411,77.437,2020,12
55,sainz,McLaren,mclaren,Carlos Sainz,7.0,,,77.627,77.183,77.52,2020,12
4,norris,McLaren,mclaren,Lando Norris,8.0,,,77.547,77.321,77.525,2020,12
10,gasly,AlphaTauri,alphatauri,Pierre Gasly,9.0,,,77.209,77.367,77.803,2020,12
3,ricciardo,Renault,renault,Daniel Ricciardo,10.0,,,77.621,77.481,,2020,12
31,ocon,Renault,renault,Esteban Ocon,11.0,,,77.775,77.614,,2020,12
18,stroll,Racing Point,racing_point,Lance Stroll,12.0,,,77.667,77.626,,2020,12
26,kvyat,AlphaTauri,alphatauri,Daniil Kvyat,13.0,,,77.841,77.728,,2020,12
63,russell,Williams,williams,George Russell,14.0,,,77.931,77.788,,2020,12
5,vettel,Ferrari,ferrari,Sebastian Vettel,15.0,,,77.446,77.919,,2020,12
7,raikkonen,Alfa Romeo Racing,alfa,Kimi Räikkönen,16.0,,,78.201,,,2020,12
99,giovinazzi,Alfa Romeo Racing,alfa,Antonio Giovinazzi,17.0,,,78.323,,,2020,12
8,grosjean,Haas F1 Team,haas,Romain Grosjean,18.0,,,78.364,,,2020,12
20,kevin_magnussen,Haas F1 Team,haas,Kevin Magnussen,19.0,,,78.508,,,2020,12
6,latifi,Williams,williams,Nicholas Latifi,20.0,,,78.777,,,2020,12
77,bottas,Mercedes,mercedes,Valtteri Bottas,1.0,,,74.221,74.585,73.609,2020,13
44,hamilton,Mercedes,mercedes,Lewis Hamilton,2.0,,,74.229,74.643,73.706,2020,13
33,max_verstappen,Red Bull Racing,red_bull,Max Verstappen,3.0,,,75.034,74.974,74.176,2020,13
10,gasly,AlphaTauri,alphatauri,Pierre Gasly,4.0,,,75.183,74.681,74.502,2020,13
3,ricciardo,Renault,renault,Daniel Ricciardo,5.0,,,75.474,74.953,74.52,2020,13
23,albon,Red Bull Racing,red_bull,Alexander Albon,6.0,,,75.402,74.745,74.572,2020,13
16,leclerc,Ferrari,ferrari,Charles Leclerc,7.0,,,75.123,75.017,74.616,2020,13
26,kvyat,AlphaTauri,alphatauri,Daniil Kvyat,8.0,,,75.412,75.022,74.696,2020,13
4,norris,McLaren,mclaren,Lando Norris,9.0,,,75.274,75.051,74.814,2020,13
55,sainz,McLaren,mclaren,Carlos Sainz,10.0,,,75.528,75.027,74.911,2020,13
11,perez,Racing Point,racing_point,Sergio Perez,11.0,,,75.407,75.061,,2020,13
31,ocon,Renault,renault,Esteban Ocon,12.0,,,75.352,75.201,,2020,13
63,russell,Williams,williams,George Russell,13.0,,,75.76,75.323,,2020,13
5,vettel,Ferrari,ferrari,Sebastian Vettel,14.0,,,75.571,75.385,,2020,13
18,stroll,Racing Point,racing_point,Lance Stroll,15.0,,,75.822,75.494,,2020,13
8,grosjean,Haas F1 Team,haas,Romain Grosjean,16.0,,,75.918,,,2020,13
20,kevin_magnussen,Haas F1 Team,haas,Kevin Magnussen,17.0,,,75.939,,,2020,13
7,raikkonen,Alfa Romeo Racing,alfa,Kimi Räikkönen,18.0,,,75.953,,,2020,13
6,latifi,Williams,williams,Nicholas Latifi,19.0,,,75.987,,,2020,13
99,giovinazzi,Alfa Romeo Racing,alfa,Antonio Giovinazzi,20.0,,,76.208,,,2020,13
18,stroll,Racing Point,racing_point,Lance Stroll,1.0,,,127.467,113.372,107.765,2020,14
33,max_verstappen,Red Bull Racing,red_bull,Max Verstappen,2.0,,,117.485,110.293,108.055,2020,14
11,perez,Racing Point,racing_point,Sergio Perez,3.0,,,127.614,114.097,109.321,2020,14
23,albon,Red Bull Racing,red_bull,Alexander Albon,4.0,,,119.431,112.282,110.448,2020,14
3,ricciardo,Renault,renault,Daniel Ricciardo,5.0,,,125.598,114.278,111.595,2020,14
44,hamilton,Mercedes,mercedes,Lewis Hamilton,6.0,,,127.599,112.709,112.56,2020,14
31,ocon,Renault,renault,Esteban Ocon,7.0,,,126.115,113.657,112.622,2020,14
7,raikkonen,Alfa Romeo Racing,alfa,Kimi Räikkönen,8.0,,,121.249,113.793,112.745,2020,14
77,bottas,Mercedes,mercedes,Valtteri Bottas,9.0,,,127.001,113.767,113.258,2020,14
99,giovinazzi,Alfa Romeo Racing,alfa,Antonio Giovinazzi,10.0,,,127.341,113.431,117.226,2020,14
4,norris,McLaren,mclaren,Lando Norris,11.0,,,127.167,114.945,,2020,14
5,vettel,Ferrari,ferrari,Sebastian Vettel,12.0,,,123.356,115.169,,2020,14
55,sainz,McLaren,mclaren,Carlos Sainz,13.0,,,127.489,115.41,,2020,14
16,leclerc,Ferrari,ferrari,Charles Leclerc,14.0,,,124.464,116.696,,2020,14
10,gasly,AlphaTauri,alphatauri,Pierre Gasly,15.0,,,125.579,118.556,,2020,14
20,kevin_magnussen,Haas F1 Team,haas,Kevin Magnussen,16.0,,,128.007,,,2020,14
26,kvyat,AlphaTauri,alphatauri,Daniil Kvyat,17.0,,,129.07,,,2020,14
63,russell,Williams,williams,George Russell,18.0,,,130.017,,,2020,14
8,grosjean,Haas F1 Team,haas,Romain Grosjean,19.0,,,132.909,,,2020,14
6,latifi,Williams,williams,Nicholas Latifi,20.0,,,141.611,,,2020,14
44,hamilton,Mercedes,mercedes,Lewis Hamilton,1.0,,,88.343,87.586,87.264,2020,15
77,bottas,Mercedes,mercedes,Valtteri Bottas,2.0,,,88.767,88.063,87.553,2020,15
33,max_verstappen,Red Bull Racing,red_bull,Max Verstappen,3.0,,,88.885,88.025,87.678,2020,15
23,albon,Red Bull Racing,red_bull,Alexander Albon,4.0,,,88.732,88.749,88.274,2020,15
11,perez,Racing Point,racing_point,Sergio Perez,5.0,,,89.178,88.894,88.322,2020,15
3,ricciardo,Renault,renault,Daniel Ricciardo,6.0,,,89.005,88.648,88.417,2020,15
31,ocon,Renault,renault,Esteban Ocon,7.0,,,89.203,88.937,88.419,2020,15
10,gasly,AlphaTauri,alphatauri,Pierre Gasly,8.0,,,88.971,89.008,88.448,2020,15
4,norris,McLaren,mclaren,Lando Norris,9.0,,,89.464,88.877,88.542,2020,15
26,kvyat,AlphaTauri,alphatauri,Daniil Kvyat,10.0,,,89.158,88.944,88.618,2020,15
5,vettel,Ferrari,ferrari,Sebastian Vettel,11.0,,,89.142,89.149,,2020,15
16,leclerc,Ferrari,ferrari,Charles Leclerc,12.0,,,89.137,89.165,,2020,15
18,stroll,Racing Point,racing_point,Lance Stroll,13.0,,,88.679,89.557,,2020,15
63,russell,Williams,williams,George Russell,14.0,,,89.294,91.218,,2020,15
55,sainz,McLaren,mclaren,Carlos Sainz,15.0,,,88.975,,,2020,15
99,giovinazzi,Alfa Romeo Racing,alfa,Antonio Giovinazzi,16.0,,,89.491,,,2020,15
7,raikkonen,Alfa Romeo Racing,alfa,Kimi Räikkönen,17.0,,,89.81,,,2020,15
20,kevin_magnussen,Haas F1 Team,haas,Kevin Magnussen,18.0,,,90.111,,,2020,15
8,grosjean,Haas F1 Team,haas,Romain Grosjean,19.0,,,90.138,,,2020,15
6,latifi,Williams,williams,Nicholas Latifi,20.0,,,90.182,,,2020,15
77,bottas,Mercedes,mercedes,Valtteri Bottas,1.0,,,53.904,53.803,53.377,2020,16
63,russell,Mercedes,mercedes,George Russell,2.0,,,54.16,53.819,53.403,2020,16
33,max_verstappen,Red Bull Racing,red_bull,Max Verstappen,3.0,,,54.037,53.647,53.433,2020,16
16,leclerc,Ferrari,ferrari,Charles Leclerc,4.0,,,54.249,53.825,53.613,2020,16
11,perez,Racing Point,racing_point,Sergio Perez,5.0,,,54.236,53.787,53.79,2020,16
26,kvyat,AlphaTauri,alphatauri,Daniil Kvyat,6.0,,,54.346,53.856,53.906,2020,16
3,ricciardo,Renault,renault,Daniel Ricciardo,7.0,,,54.388,53.871,53.957,2020,16
55,sainz,McLaren,mclaren,Carlos Sainz,8.0,,,54.45,53.818,54.01,2020,16
10,gasly,AlphaTauri,alphatauri,Pierre Gasly,9.0,,,54.207,53.941,54.154,2020,16
18,stroll,Racing Point,racing_point,Lance Stroll,10.0,,,54.595,53.84,54.2,2020,16
31,ocon,Renault,renault,Esteban Ocon,11.0,,,54.309,53.995,,2020,16
23,albon,Red Bull Racing,red_bull,Alexander Albon,12.0,,,54.62,54.026,,2020,16
5,vettel,Ferrari,ferrari,Sebastian Vettel,13.0,,,54.301,54.175,,2020,16
99,giovinazzi,Alfa Romeo Racing,alfa,Antonio Giovinazzi,14.0,,,54.523,54.377,,2020,16
4,norris,McLaren,mclaren,Lando Norris,15.0,,,54.194,54.693,,2020,16
20,kevin_magnussen,Haas F1 Team,haas,Kevin Magnussen,16.0,,,54.705,,,2020,16
6,latifi,Williams,williams,Nicholas Latifi,17.0,,,54.796,,,2020,16
89,aitken,Williams,williams,Jack Aitken,18.0,,,54.892,,,2020,16
7,raikkonen,Alfa Romeo Racing,alfa,Kimi Räikkönen,19.0,,,54.963,,,2020,16
51,pietro_fittipaldi,Haas F1 Team,haas,Pietro Fittipaldi,20.0,,,55.426,,,2020,16
33,max_verstappen,Red Bull Racing,red_bull,Max Verstappen,1.0,,,95.993,95.641,95.246,2020,17
77,bottas,Mercedes,mercedes,Valtteri Bottas,2.0,,,95.699,95.527,95.271,2020,17
44,hamilton,Mercedes,mercedes,Lewis Hamilton,3.0,,,95.528,95.466,95.332,2020,17
4,norris,McLaren,mclaren,Lando Norris,4.0,,,96.016,95.849,95.497,2020,17
23,albon,Red Bull Racing,red_bull,Alexander Albon,5.0,,,96.106,95.654,95.571,2020,17
55,sainz,McLaren,mclaren,Carlos Sainz,6.0,,,96.517,96.192,95.815,2020,17
26,kvyat,AlphaTauri,alphatauri,Daniil Kvyat,7.0,,,96.459,96.214,95.963,2020,17
18,stroll,Racing Point,racing_point,Lance Stroll,8.0,,,96.502,96.143,96.046,2020,17
16,leclerc,Ferrari,ferrari,Charles Leclerc,9.0,,,95.881,95.932,96.065,2020,17
10,gasly,AlphaTauri,alphatauri,Pierre Gasly,10.0,,,96.545,96.282,96.242,2020,17
31,ocon,Renault,renault,Esteban Ocon,11.0,,,96.783,96.359,,2020,17
3,ricciardo,Renault,renault,Daniel Ricciardo,12.0,,,96.704,96.406,,2020,17
5,vettel,Ferrari,ferrari,Sebastian Vettel,13.0,,,96.655,96.631,,2020,17
99,giovinazzi,Alfa Romeo Racing,alfa,Antonio Giovinazzi,14.0,,,97.075,98.248,,2020,17
11,perez,Racing Point,racing_point,Sergio Perez,15.0,,,96.034,,,2020,17
7,raikkonen,Alfa Romeo Racing,alfa,Kimi Räikkönen,16.0,,,97.555,,,2020,17
20,kevin_magnussen,Haas F1 Team,haas,Kevin Magnussen,17.0,,,97.863,,,2020,17
63,russell,Williams,williams,George Russell,18.0,,,98.045,,,2020,17
51,pietro_fittipaldi,Haas F1 Team,haas,Pietro Fittipaldi,19.0,,,98.173,,,2020,17
6,latifi,Williams,williams,Nicholas Latifi,20.0,,,98.443,,,2020,17
