Year,RoundNumber,EventName,DriverNumber,Abbreviation,FullName,LapNumber,PitInTime,PitStopDuration,Compound,TyreLife,NextCompound
2018,1,Australian Grand Prix,10,GAS,GAS,14.0,0 days 00:29:16.873000,,ULTRASOFT,13.0,
2018,1,Australian Grand Prix,11,PER,PER,24.0,0 days 00:43:40.427000,,ULTRASOFT,23.0,
2018,1,Australian Grand Prix,14,ALO,ALO,26.0,0 days 00:46:59.732000,,ULTRASOFT,25.0,
2018,1,Australian Grand Prix,16,LEC,LEC,20.0,0 days 00:37:53.289000,,SUPERSOFT,19.0,
2018,1,Australian Grand Prix,16,LEC,LEC,27.0,0 days 00:50:14.593000,,SOFT,7.0,
2018,1,Australian Grand Prix,18,STR,STR,25.0,0 days 00:45:35.482000,,SUPERSOFT,24.0,
2018,1,Australian Grand Prix,18,STR,STR,29.0,0 days 00:53:47.069000,,SOFT,4.0,
2018,1,Australian Grand Prix,2,VAN,VAN,25.0,0 days 00:45:08.049000,,ULTRASOFT,24.0,
2018,1,Australian Grand Prix,20,MAG,MAG,22.0,0 days 00:40:20.801000,,ULTRASOFT,24.0,
2018,1,Australian Grand Prix,27,HUL,HUL,24.0,0 days 00:43:24.644000,,ULTRASOFT,26.0,
2018,1,Australian Grand Prix,28,HAR,HAR,1.0,0 days 00:08:55.152000,,SUPERSOFT,1.0,
2018,1,Australian Grand Prix,28,HAR,HAR,22.0,0 days 00:41:26.417000,,SOFT,21.0,
2018,1,Australian Grand Prix,3,RIC,RIC,26.0,0 days 00:46:48.949000,,SUPERSOFT,28.0,
2018,1,Australian Grand Prix,31,OCO,OCO,23.0,0 days 00:42:15.180000,,ULTRASOFT,22.0,
2018,1,Australian Grand Prix,33,VER,VER,21.0,0 days 00:38:56.371000,,SUPERSOFT,23.0,
2018,1,Australian Grand Prix,44,HAM,HAM,19.0,0 days 00:35:20.123000,,ULTRASOFT,20.0,
2018,1,Australian Grand Prix,5,VET,VET,26.0,0 days 00:46:08.993000,,ULTRASOFT,28.0,
2018,1,Australian Grand Prix,55,SAI,SAI,22.0,0 days 00:40:35.965000,,ULTRASOFT,24.0,
2018,1,Australian Grand Prix,7,RAI,RAI,18.0,0 days 00:33:56.979000,,ULTRASOFT,20.0,
2018,1,Australian Grand Prix,77,BOT,BOT,25.0,0 days 00:45:10.528000,,ULTRASOFT,27.0,
2018,1,Australian Grand Prix,8,GRO,GRO,24.0,0 days 00:43:20.784000,,ULTRASOFT,26.0,
2018,1,Australian Grand Prix,9,ERI,ERI,6.0,0 days 00:16:49.622000,,SUPERSOFT,5.0,
2018,2,Bahrain Grand Prix,10,GAS,GAS,15.0,0 days 00:33:00.199000,,SUPERSOFT,17.0,
2018,2,Bahrain Grand Prix,10,GAS,GAS,34.0,0 days 01:03:51.038000,,SOFT,19.0,
2018,2,Bahrain Grand Prix,11,PER,PER,9.0,0 days 00:23:30.511000,,SOFT,8.0,
2018,2,Bahrain Grand Prix,11,PER,PER,32.0,0 days 01:01:18.388000,,MEDIUM,23.0,
2018,2,Bahrain Grand Prix,14,ALO,ALO,14.0,0 days 00:31:30.610000,,SOFT,13.0,
2018,2,Bahrain Grand Prix,14,ALO,ALO,39.0,0 days 01:12:09.508000,,MEDIUM,25.0,
2018,2,Bahrain Grand Prix,16,LEC,LEC,3.0,0 days 00:13:25.236000,,SOFT,2.0,
2018,2,Bahrain Grand Prix,16,LEC,LEC,34.0,0 days 01:04:47.376000,,MEDIUM,31.0,
2018,2,Bahrain Grand Prix,18,STR,STR,10.0,0 days 00:25:13.150000,,SOFT,9.0,
2018,2,Bahrain Grand Prix,18,STR,STR,29.0,0 days 00:58:24.983000,,SUPERSOFT,19.0,
2018,2,Bahrain Grand Prix,2,VAN,VAN,10.0,0 days 00:25:06.055000,,SUPERSOFT,9.0,
2018,2,Bahrain Grand Prix,2,VAN,VAN,28.0,0 days 00:54:39.430000,,SOFT,18.0,
2018,2,Bahrain Grand Prix,20,MAG,MAG,13.0,0 days 00:29:49.590000,,SUPERSOFT,15.0,
2018,2,Bahrain Grand Prix,20,MAG,MAG,27.0,0 days 00:52:45.798000,,SUPERSOFT,17.0,
2018,2,Bahrain Grand Prix,27,HUL,HUL,15.0,0 days 00:33:07.480000,,SUPERSOFT,17.0,
2018,2,Bahrain Grand Prix,27,HUL,HUL,39.0,0 days 01:12:07.227000,,SOFT,24.0,
2018,2,Bahrain Grand Prix,28,HAR,HAR,20.0,0 days 00:41:24.566000,,SUPERSOFT,19.0,
2018,2,Bahrain Grand Prix,28,HAR,HAR,42.0,0 days 01:17:29.256000,,SOFT,22.0,
2018,2,Bahrain Grand Prix,31,OCO,OCO,15.0,0 days 00:33:12.573000,,SUPERSOFT,17.0,
2018,2,Bahrain Grand Prix,31,OCO,OCO,35.0,0 days 01:06:02.554000,,MEDIUM,20.0,
2018,2,Bahrain Grand Prix,33,VER,VER,2.0,0 days 00:12:15.165000,,SOFT,1.0,
2018,2,Bahrain Grand Prix,35,SIR,SIR,22.0,0 days 00:45:05.946000,,SOFT,21.0,
2018,2,Bahrain Grand Prix,35,SIR,SIR,40.0,0 days 01:14:39.533000,,MEDIUM,18.0,
2018,2,Bahrain Grand Prix,44,HAM,HAM,25.0,0 days 00:50:30.112000,,SOFT,27.0,
2018,2,Bahrain Grand Prix,5,VET,VET,17.0,0 days 00:37:25.563000,,SUPERSOFT,18.0,
2018,2,Bahrain Grand Prix,55,SAI,SAI,16.0,0 days 00:34:53.065000,,SUPERSOFT,18.0,
2018,2,Bahrain Grand Prix,55,SAI,SAI,26.0,0 days 00:51:31.334000,,SUPERSOFT,13.0,
2018,2,Bahrain Grand Prix,7,RAI,RAI,18.0,0 days 00:39:09.635000,,SUPERSOFT,20.0,
2018,2,Bahrain Grand Prix,7,RAI,RAI,34.0,0 days 01:04:49.266000,,SOFT,15.0,
2018,2,Bahrain Grand Prix,77,BOT,BOT,19.0,0 days 00:40:40.566000,,SUPERSOFT,21.0,
2018,2,Bahrain Grand Prix,8,GRO,GRO,18.0,0 days 00:38:12.553000,,SUPERSOFT,17.0,
2018,2,Bahrain Grand Prix,8,GRO,GRO,30.0,0 days 00:57:55.840000,,SOFT,12.0,
2018,2,Bahrain Grand Prix,8,GRO,GRO,45.0,0 days 01:22:26.202000,,SUPERSOFT,15.0,
2018,2,Bahrain Grand Prix,9,ERI,ERI,23.0,0 days 00:46:22.851000,,SOFT,22.0,
2018,3,Chinese Grand Prix,3,RIC,RIC,17.0,0 days 00:35:57,,ULTRASOFT,19.0,
2018,3,Chinese Grand Prix,3,RIC,RIC,31.0,0 days 00:59:16.271000,,ULTRASOFT,33.0,
2018,3,Chinese Grand Prix,77,BOT,BOT,19.0,0 days 00:39:02.708000,,SOFT,21.0,
2018,3,Chinese Grand Prix,7,RAI,RAI,27.0,0 days 00:52:28.609000,,SOFT,29.0,
2018,3,Chinese Grand Prix,44,HAM,HAM,18.0,0 days 00:37:34.060000,,SOFT,20.0,
2018,3,Chinese Grand Prix,33,VER,VER,17.0,0 days 00:35:50.381000,,ULTRASOFT,19.0,
2018,3,Chinese Grand Prix,33,VER,VER,31.0,0 days 00:59:06.552000,,ULTRASOFT,33.0,
2018,3,Chinese Grand Prix,27,HUL,HUL,13.0,0 days 00:29:30.881000,,ULTRASOFT,15.0,
2018,3,Chinese Grand Prix,27,HUL,HUL,31.0,0 days 01:00:04.884000,,ULTRASOFT,33.0,
2018,3,Chinese Grand Prix,14,ALO,ALO,29.0,0 days 00:56:24.955000,,SOFT,28.0,
2018,3,Chinese Grand Prix,5,VET,VET,20.0,0 days 00:40:39.076000,,SOFT,21.0,
2018,3,Chinese Grand Prix,55,SAI,SAI,12.0,0 days 00:27:54.195000,,ULTRASOFT,14.0,
2018,3,Chinese Grand Prix,55,SAI,SAI,31.0,0 days 01:00:18.322000,,ULTRASOFT,33.0,
2018,3,Chinese Grand Prix,20,MAG,MAG,24.0,0 days 00:47:58.343000,,SOFT,27.0,
2018,3,Chinese Grand Prix,31,OCO,OCO,11.0,0 days 00:26:19.295000,,SOFT,10.0,
2018,3,Chinese Grand Prix,31,OCO,OCO,31.0,0 days 01:00:24.436000,,SOFT,30.0,
2018,3,Chinese Grand Prix,11,PER,PER,12.0,0 days 00:28:06.016000,,ULTRASOFT,14.0,
2018,3,Chinese Grand Prix,11,PER,PER,32.0,0 days 01:02:44.678000,,ULTRASOFT,34.0,
2018,3,Chinese Grand Prix,2,VAN,VAN,22.0,0 days 00:44:55.471000,,SOFT,21.0,
2018,3,Chinese Grand Prix,18,STR,STR,23.0,0 days 00:46:35.303000,,SOFT,22.0,
2018,3,Chinese Grand Prix,35,SIR,SIR,28.0,0 days 00:55:08.823000,,SOFT,27.0,
2018,3,Chinese Grand Prix,35,SIR,SIR,33.0,0 days 01:05:07.877000,,SOFT,32.0,
2018,3,Chinese Grand Prix,9,ERI,ERI,29.0,0 days 00:57:02.968000,,SOFT,28.0,
2018,3,Chinese Grand Prix,8,GRO,GRO,16.0,0 days 00:34:41.572000,,ULTRASOFT,18.0,
2018,3,Chinese Grand Prix,8,GRO,GRO,46.0,0 days 01:27:38.575000,,ULTRASOFT,48.0,
2018,3,Chinese Grand Prix,10,GAS,GAS,20.0,0 days 00:41:49.551000,,MEDIUM,19.0,
2018,3,Chinese Grand Prix,10,GAS,GAS,31.0,0 days 01:01:01.505000,,MEDIUM,30.0,
2018,3,Chinese Grand Prix,16,LEC,LEC,21.0,0 days 00:43:28.793000,,SOFT,20.0,
2018,3,Chinese Grand Prix,28,HAR,HAR,10.0,0 days 00:24:52.688000,,ULTRASOFT,9.0,
2018,3,Chinese Grand Prix,28,HAR,HAR,30.0,0 days 00:59:08.711000,,ULTRASOFT,29.0,
2018,3,Chinese Grand Prix,28,HAR,HAR,51.0,0 days 01:36:19.661000,,SOFT,5.0,
2018,4,Azerbaijan Grand Prix,10,GAS,GAS,12.0,0 days 00:34:49.061000,,ULTRASOFT,11.0,
2018,4,Azerbaijan Grand Prix,10,GAS,GAS,39.0,0 days 01:24:54.717000,,SOFT,27.0,
2018,4,Azerbaijan Grand Prix,11,PER,PER,2.0,0 days 00:13:26.917000,,ULTRASOFT,4.0,
2018,4,Azerbaijan Grand Prix,11,PER,PER,40.0,0 days 01:25:34.563000,,SOFT,38.0,
2018,4,Azerbaijan Grand Prix,14,ALO,ALO,1.0,0 days 00:10:58.372000,,SUPERSOFT,1.0,
2018,4,Azerbaijan Grand Prix,14,ALO,ALO,40.0,0 days 01:26:15.363000,,SOFT,39.0,
2018,4,Azerbaijan Grand Prix,16,LEC,LEC,24.0,0 days 00:56:21.990000,,SUPERSOFT,23.0,
2018,4,Azerbaijan Grand Prix,16,LEC,LEC,40.0,0 days 01:26:00.863000,,SOFT,16.0,
2018,4,Azerbaijan Grand Prix,18,STR,STR,23.0,0 days 00:54:39.170000,,SUPERSOFT,22.0,
2018,4,Azerbaijan Grand Prix,18,STR,STR,40.0,0 days 01:26:03.722000,,SOFT,17.0,
2018,4,Azerbaijan Grand Prix,2,VAN,VAN,17.0,0 days 00:43:59.113000,,SUPERSOFT,16.0,
2018,4,Azerbaijan Grand Prix,2,VAN,VAN,25.0,0 days 00:59:02.815000,,SOFT,8.0,
2018,4,Azerbaijan Grand Prix,2,VAN,VAN,39.0,0 days 01:25:27.595000,,ULTRASOFT,14.0,
2018,4,Azerbaijan Grand Prix,2,VAN,VAN,46.0,0 days 01:41:50.735000,,ULTRASOFT,7.0,
2018,4,Azerbaijan Grand Prix,20,MAG,MAG,1.0,0 days 00:11:12.248000,,SUPERSOFT,1.0,
2018,4,Azerbaijan Grand Prix,20,MAG,MAG,39.0,0 days 01:24:36.731000,,SOFT,38.0,
2018,4,Azerbaijan Grand Prix,28,HAR,HAR,1.0,0 days 00:10:35.436000,,SOFT,1.0,
2018,4,Azerbaijan Grand Prix,28,HAR,HAR,22.0,0 days 00:53:24.533000,,ULTRASOFT,21.0,
2018,4,Azerbaijan Grand Prix,28,HAR,HAR,39.0,0 days 01:25:04.967000,,SUPERSOFT,17.0,
2018,4,Azerbaijan Grand Prix,3,RIC,RIC,37.0,0 days 01:19:09.971000,,SUPERSOFT,40.0,
2018,4,Azerbaijan Grand Prix,33,VER,VER,38.0,0 days 01:20:56.542000,,SUPERSOFT,41.0,
2018,4,Azerbaijan Grand Prix,44,HAM,HAM,22.0,0 days 00:52:08.205000,,SUPERSOFT,26.0,
2018,4,Azerbaijan Grand Prix,44,HAM,HAM,40.0,0 days 01:24:37.761000,,SOFT,18.0,
2018,4,Azerbaijan Grand Prix,5,VET,VET,30.0,0 days 01:06:13.943000,,SUPERSOFT,32.0,
2018,4,Azerbaijan Grand Prix,5,VET,VET,40.0,0 days 01:24:26.324000,,SOFT,10.0,
2018,4,Azerbaijan Grand Prix,55,SAI,SAI,15.0,0 days 00:40:02.414000,,ULTRASOFT,17.0,
2018,4,Azerbaijan Grand Prix,55,SAI,SAI,40.0,0 days 01:25:48.534000,,SOFT,25.0,
2018,4,Azerbaijan Grand Prix,7,RAI,RAI,1.0,0 days 00:10:15.946000,,ULTRASOFT,4.0,
2018,4,Azerbaijan Grand Prix,7,RAI,RAI,40.0,0 days 01:25:22.554000,,SOFT,39.0,
2018,4,Azerbaijan Grand Prix,77,BOT,BOT,40.0,0 days 01:24:08.429000,,SUPERSOFT,43.0,
2018,4,Azerbaijan Grand Prix,8,GRO,GRO,2.0,0 days 00:13:32.540000,,SOFT,1.0,
2018,4,Azerbaijan Grand Prix,8,GRO,GRO,40.0,0 days 01:25:39.705000,,SUPERSOFT,38.0,
2018,4,Azerbaijan Grand Prix,9,ERI,ERI,1.0,0 days 00:11:17.234000,,SUPERSOFT,1.0,
2018,4,Azerbaijan Grand Prix,9,ERI,ERI,18.0,0 days 00:46:19.205000,,SOFT,17.0,
2018,4,Azerbaijan Grand Prix,9,ERI,ERI,36.0,0 days 01:19:51.615000,,ULTRASOFT,18.0,
2018,4,Azerbaijan Grand Prix,9,ERI,ERI,39.0,0 days 01:26:40.852000,,ULTRASOFT,3.0,
2018,5,Spanish Grand Prix,11,PER,PER,26.0,0 days 00:48:38.968000,,SOFT,25.0,
2018,5,Spanish Grand Prix,11,PER,PER,40.0,0 days 01:08:49.631000,,MEDIUM,14.0,
2018,5,Spanish Grand Prix,14,ALO,ALO,21.0,0 days 00:41:27.923000,,SUPERSOFT,23.0,
2018,5,Spanish Grand Prix,16,LEC,LEC,20.0,0 days 00:40:02.878000,,SOFT,19.0,
2018,5,Spanish Grand Prix,18,STR,STR,20.0,0 days 00:40:11.919000,,SOFT,19.0,
2018,5,Spanish Grand Prix,2,VAN,VAN,34.0,0 days 00:59:46.640000,,SOFT,36.0,
2018,5,Spanish Grand Prix,2,VAN,VAN,46.0,0 days 01:19:14.629000,,MEDIUM,12.0,
2018,5,Spanish Grand Prix,20,MAG,MAG,32.0,0 days 00:56:28.705000,,SOFT,35.0,
2018,5,Spanish Grand Prix,28,HAR,HAR,1.0,0 days 00:09:12.755000,,nan,,
2018,5,Spanish Grand Prix,28,HAR,HAR,33.0,0 days 00:58:33.682000,,MEDIUM,32.0,
2018,5,Spanish Grand Prix,3,RIC,RIC,33.0,0 days 00:57:22.271000,,SOFT,35.0,
2018,5,Spanish Grand Prix,31,OCO,OCO,29.0,0 days 00:52:39.016000,,SOFT,28.0,
2018,5,Spanish Grand Prix,33,VER,VER,34.0,0 days 00:58:35.494000,,SOFT,36.0,
2018,5,Spanish Grand Prix,35,SIR,SIR,1.0,0 days 00:09:17.380000,,nan,,
2018,5,Spanish Grand Prix,35,SIR,SIR,24.0,0 days 00:45:56.035000,,MEDIUM,23.0,
2018,5,Spanish Grand Prix,35,SIR,SIR,41.0,0 days 01:11:29.719000,,MEDIUM,19.0,
2018,5,Spanish Grand Prix,44,HAM,HAM,25.0,0 days 00:46:04.600000,,SOFT,26.0,
2018,5,Spanish Grand Prix,5,VET,VET,17.0,0 days 00:35:22.895000,,SOFT,19.0,
2018,5,Spanish Grand Prix,5,VET,VET,41.0,0 days 01:08:45.740000,,MEDIUM,24.0,
2018,5,Spanish Grand Prix,55,SAI,SAI,25.0,0 days 00:46:56.933000,,SOFT,28.0,
2018,5,Spanish Grand Prix,7,RAI,RAI,25.0,0 days 00:47:11.743000,,SOFT,27.0,
2018,5,Spanish Grand Prix,77,BOT,BOT,19.0,0 days 00:38:06.393000,,SOFT,21.0,
2018,5,Spanish Grand Prix,9,ERI,ERI,35.0,0 days 01:01:13.808000,,MEDIUM,34.0,
2018,6,Monaco Grand Prix,10,GAS,GAS,37.0,0 days 00:55:41.127000,,HYPERSOFT,41.0,
2018,6,Monaco Grand Prix,11,PER,PER,21.0,0 days 00:34:40.650000,,HYPERSOFT,23.0,
2018,6,Monaco Grand Prix,14,ALO,ALO,19.0,0 days 00:31:55.075000,,HYPERSOFT,23.0,
2018,6,Monaco Grand Prix,16,LEC,LEC,14.0,0 days 00:25:33.030000,,ULTRASOFT,13.0,
2018,6,Monaco Grand Prix,18,STR,STR,9.0,0 days 00:19:39.970000,,ULTRASOFT,8.0,
2018,6,Monaco Grand Prix,18,STR,STR,34.0,0 days 00:53:56.225000,,SUPERSOFT,26.0,
2018,6,Monaco Grand Prix,18,STR,STR,59.0,0 days 01:27:18.773000,,HYPERSOFT,25.0,
2018,6,Monaco Grand Prix,2,VAN,VAN,20.0,0 days 00:33:36.154000,,ULTRASOFT,19.0,
2018,6,Monaco Grand Prix,2,VAN,VAN,72.0,0 days 01:42:43.175000,,SUPERSOFT,52.0,
2018,6,Monaco Grand Prix,20,MAG,MAG,17.0,0 days 00:29:36.299000,,ULTRASOFT,16.0,
2018,6,Monaco Grand Prix,27,HUL,HUL,50.0,0 days 01:12:54.146000,,ULTRASOFT,49.0,
2018,6,Monaco Grand Prix,28,HAR,HAR,13.0,0 days 00:24:14.946000,,HYPERSOFT,12.0,
2018,6,Monaco Grand Prix,28,HAR,HAR,71.0,0 days 01:41:16.466000,,ULTRASOFT,58.0,
2018,6,Monaco Grand Prix,3,RIC,RIC,17.0,0 days 00:28:32.716000,,HYPERSOFT,18.0,
2018,6,Monaco Grand Prix,31,OCO,OCO,23.0,0 days 00:37:07.194000,,HYPERSOFT,27.0,
2018,6,Monaco Grand Prix,33,VER,VER,47.0,0 days 01:09:06.250000,,ULTRASOFT,46.0,
2018,6,Monaco Grand Prix,35,SIR,SIR,7.0,0 days 00:16:14.097000,,HYPERSOFT,6.0,
2018,6,Monaco Grand Prix,35,SIR,SIR,19.0,0 days 00:32:42.205000,,HYPERSOFT,19.0,
2018,6,Monaco Grand Prix,35,SIR,SIR,49.0,0 days 01:12:50.174000,,ULTRASOFT,30.0,
2018,6,Monaco Grand Prix,44,HAM,HAM,12.0,0 days 00:22:19.577000,,HYPERSOFT,14.0,
2018,6,Monaco Grand Prix,5,VET,VET,16.0,0 days 00:27:21.443000,,HYPERSOFT,18.0,
2018,6,Monaco Grand Prix,55,SAI,SAI,16.0,0 days 00:28:04.698000,,HYPERSOFT,18.0,
2018,6,Monaco Grand Prix,7,RAI,RAI,17.0,0 days 00:28:47.858000,,HYPERSOFT,19.0,
2018,6,Monaco Grand Prix,77,BOT,BOT,17.0,0 days 00:29:02.234000,,HYPERSOFT,20.0,
2018,6,Monaco Grand Prix,8,GRO,GRO,15.0,0 days 00:27:05.241000,,ULTRASOFT,14.0,
2018,6,Monaco Grand Prix,8,GRO,GRO,68.0,0 days 01:37:24.731000,,SUPERSOFT,54.0,
2018,6,Monaco Grand Prix,9,ERI,ERI,17.0,0 days 00:29:35.704000,,ULTRASOFT,16.0,
2018,7,Canadian Grand Prix,5,VET,VET,37.0,0 days 00:56:29.492000,,ULTRASOFT,38.0,
2018,7,Canadian Grand Prix,77,BOT,BOT,36.0,0 days 00:55:20.285000,,ULTRASOFT,38.0,
2018,7,Canadian Grand Prix,33,VER,VER,16.0,0 days 00:30:14.149000,,HYPERSOFT,18.0,
2018,7,Canadian Grand Prix,3,RIC,RIC,17.0,0 days 00:31:32.873000,,HYPERSOFT,19.0,
2018,7,Canadian Grand Prix,44,HAM,HAM,16.0,0 days 00:30:16.288000,,ULTRASOFT,18.0,
2018,7,Canadian Grand Prix,7,RAI,RAI,32.0,0 days 00:50:30.729000,,ULTRASOFT,34.0,
2018,7,Canadian Grand Prix,27,HUL,HUL,13.0,0 days 00:26:32.774000,,HYPERSOFT,15.0,
2018,7,Canadian Grand Prix,55,SAI,SAI,14.0,0 days 00:27:51.456000,,HYPERSOFT,16.0,
2018,7,Canadian Grand Prix,31,OCO,OCO,11.0,0 days 00:24:00.155000,,HYPERSOFT,13.0,
2018,7,Canadian Grand Prix,16,LEC,LEC,19.0,0 days 00:34:26.637000,,ULTRASOFT,18.0,
2018,7,Canadian Grand Prix,10,GAS,GAS,23.0,0 days 00:39:36.708000,,HYPERSOFT,22.0,
2018,7,Canadian Grand Prix,8,GRO,GRO,48.0,0 days 01:11:41.892000,,ULTRASOFT,47.0,
2018,7,Canadian Grand Prix,20,MAG,MAG,22.0,0 days 00:38:22.109000,,ULTRASOFT,21.0,
2018,7,Canadian Grand Prix,11,PER,PER,9.0,0 days 00:21:34.811000,,HYPERSOFT,11.0,
2018,7,Canadian Grand Prix,11,PER,PER,44.0,0 days 01:06:49.080000,,SUPERSOFT,35.0,
2018,7,Canadian Grand Prix,9,ERI,ERI,1.0,0 days 00:09:00.671000,,ULTRASOFT,1.0,
2018,7,Canadian Grand Prix,2,VAN,VAN,1.0,0 days 00:08:56.719000,,ULTRASOFT,1.0,
2018,7,Canadian Grand Prix,2,VAN,VAN,48.0,0 days 01:12:21.409000,,SUPERSOFT,47.0,
2018,7,Canadian Grand Prix,35,SIR,SIR,26.0,0 days 00:43:55.932000,,SUPERSOFT,25.0,
2018,7,Canadian Grand Prix,14,ALO,ALO,18.0,0 days 00:33:10.595000,,ULTRASOFT,17.0,
2018,7,Canadian Grand Prix,14,ALO,ALO,41.0,0 days 01:03:22.713000,,SUPERSOFT,23.0,
2018,8,French Grand Prix,11,PER,PER,28.0,0 days 00:57:45.892000,,SOFT,27.0,
2018,8,French Grand Prix,14,ALO,ALO,1.0,0 days 00:09:57.204000,,SUPERSOFT,1.0,
2018,8,French Grand Prix,14,ALO,ALO,46.0,0 days 01:27:43.249000,,SOFT,45.0,
2018,8,French Grand Prix,14,ALO,ALO,51.0,0 days 01:37:45.648000,,ULTRASOFT,5.0,
2018,8,French Grand Prix,16,LEC,LEC,31.0,0 days 01:02:35.776000,,ULTRASOFT,33.0,
2018,8,French Grand Prix,18,STR,STR,1.0,0 days 00:09:46.935000,,ULTRASOFT,1.0,
2018,8,French Grand Prix,2,VAN,VAN,40.0,0 days 01:17:26.913000,,SUPERSOFT,39.0,
2018,8,French Grand Prix,20,MAG,MAG,28.0,0 days 00:57:32.186000,,ULTRASOFT,30.0,
2018,8,French Grand Prix,27,HUL,HUL,37.0,0 days 01:12:16.548000,,SOFT,36.0,
2018,8,French Grand Prix,28,HAR,HAR,38.0,0 days 01:14:21.808000,,ULTRASOFT,37.0,
2018,8,French Grand Prix,3,RIC,RIC,28.0,0 days 00:56:53.277000,,SUPERSOFT,32.0,
2018,8,French Grand Prix,33,VER,VER,25.0,0 days 00:52:00.039000,,SUPERSOFT,27.0,
2018,8,French Grand Prix,35,SIR,SIR,1.0,0 days 00:09:55.689000,,ULTRASOFT,1.0,
2018,8,French Grand Prix,44,HAM,HAM,33.0,0 days 01:04:41.384000,,SUPERSOFT,34.0,
2018,8,French Grand Prix,5,VET,VET,1.0,0 days 00:09:56.453000,,ULTRASOFT,4.0,
2018,8,French Grand Prix,5,VET,VET,40.0,0 days 01:16:39.253000,,SOFT,39.0,
2018,8,French Grand Prix,55,SAI,SAI,26.0,0 days 00:54:15.625000,,ULTRASOFT,28.0,
2018,8,French Grand Prix,7,RAI,RAI,34.0,0 days 01:06:38.947000,,ULTRASOFT,36.0,
2018,8,French Grand Prix,77,BOT,BOT,1.0,0 days 00:10:40.040000,,SUPERSOFT,4.0,
2018,8,French Grand Prix,77,BOT,BOT,39.0,0 days 01:15:23.017000,,SOFT,38.0,
2018,8,French Grand Prix,8,GRO,GRO,34.0,0 days 01:07:30.747000,,ULTRASOFT,36.0,
2018,8,French Grand Prix,9,ERI,ERI,35.0,0 days 01:09:28.648000,,SUPERSOFT,34.0,
2018,9,Austrian Grand Prix,10,GAS,GAS,15.0,0 days 00:25:09.232000,,SUPERSOFT,14.0,
2018,9,Austrian Grand Prix,11,PER,PER,27.0,0 days 00:39:05.451000,,SUPERSOFT,26.0,
2018,9,Austrian Grand Prix,14,ALO,ALO,15.0,0 days 00:25:16.198000,,SUPERSOFT,14.0,
2018,9,Austrian Grand Prix,16,LEC,LEC,15.0,0 days 00:25:12.447000,,SUPERSOFT,14.0,
2018,9,Austrian Grand Prix,18,STR,STR,15.0,0 days 00:25:04.150000,,ULTRASOFT,14.0,
2018,9,Austrian Grand Prix,18,STR,STR,65.0,0 days 01:24:07.474000,,SOFT,50.0,
2018,9,Austrian Grand Prix,2,VAN,VAN,1.0,0 days 00:08:13.900000,,SUPERSOFT,1.0,
2018,9,Austrian Grand Prix,2,VAN,VAN,40.0,0 days 00:55:56.374000,,SOFT,39.0,
2018,9,Austrian Grand Prix,2,VAN,VAN,65.0,0 days 01:25:29.153000,,SOFT,25.0,
2018,9,Austrian Grand Prix,20,MAG,MAG,28.0,0 days 00:40:11.128000,,ULTRASOFT,30.0,
2018,9,Austrian Grand Prix,3,RIC,RIC,15.0,0 days 00:24:32.397000,,SUPERSOFT,17.0,
2018,9,Austrian Grand Prix,3,RIC,RIC,38.0,0 days 00:51:21.508000,,SOFT,23.0,
2018,9,Austrian Grand Prix,31,OCO,OCO,15.0,0 days 00:24:54.929000,,SUPERSOFT,14.0,
2018,9,Austrian Grand Prix,33,VER,VER,15.0,0 days 00:24:26.710000,,SUPERSOFT,17.0,
2018,9,Austrian Grand Prix,35,SIR,SIR,24.0,0 days 00:35:54.545000,,SUPERSOFT,23.0,
2018,9,Austrian Grand Prix,35,SIR,SIR,60.0,0 days 01:18:26.120000,,SOFT,36.0,
2018,9,Austrian Grand Prix,44,HAM,HAM,25.0,0 days 00:36:08.952000,,SUPERSOFT,26.0,
2018,9,Austrian Grand Prix,44,HAM,HAM,52.0,0 days 01:07:21.068000,,SOFT,27.0,
2018,9,Austrian Grand Prix,5,VET,VET,15.0,0 days 00:24:34.757000,,ULTRASOFT,17.0,
2018,9,Austrian Grand Prix,55,SAI,SAI,15.0,0 days 00:24:57.322000,,ULTRASOFT,17.0,
2018,9,Austrian Grand Prix,55,SAI,SAI,34.0,0 days 00:47:34.552000,,SOFT,19.0,
2018,9,Austrian Grand Prix,7,RAI,RAI,15.0,0 days 00:24:30.850000,,ULTRASOFT,17.0,
2018,9,Austrian Grand Prix,8,GRO,GRO,15.0,0 days 00:24:46.204000,,ULTRASOFT,17.0,
2018,9,Austrian Grand Prix,9,ERI,ERI,45.0,0 days 01:00:19.160000,,SOFT,44.0,
2018,10,British Grand Prix,10,GAS,GAS,20.0,0 days 00:39:19.691000,,SOFT,19.0,
2018,10,British Grand Prix,10,GAS,GAS,32.0,0 days 00:58:50.142000,,MEDIUM,12.0,
2018,10,British Grand Prix,11,PER,PER,13.0,0 days 00:28:17.527000,,SOFT,12.0,
2018,10,British Grand Prix,11,PER,PER,32.0,0 days 00:58:53.378000,,MEDIUM,19.0,
2018,10,British Grand Prix,14,ALO,ALO,13.0,0 days 00:28:10.220000,,SOFT,12.0,
2018,10,British Grand Prix,14,ALO,ALO,32.0,0 days 00:58:43.094000,,MEDIUM,19.0,
2018,10,British Grand Prix,16,LEC,LEC,18.0,0 days 00:35:58.814000,,SOFT,22.0,
2018,10,British Grand Prix,18,STR,STR,30.0,0 days 00:55:51.613000,,MEDIUM,29.0,
2018,10,British Grand Prix,2,VAN,VAN,21.0,0 days 00:41:03.182000,,SOFT,20.0,
2018,10,British Grand Prix,2,VAN,VAN,33.0,0 days 01:01:14.793000,,MEDIUM,12.0,
2018,10,British Grand Prix,20,MAG,MAG,25.0,0 days 00:47:08.915000,,SOFT,27.0,
2018,10,British Grand Prix,27,HUL,HUL,20.0,0 days 00:39:07.298000,,MEDIUM,19.0,
2018,10,British Grand Prix,28,HAR,HAR,1.0,0 days 00:10:06.276000,,nan,,
2018,10,British Grand Prix,3,RIC,RIC,18.0,0 days 00:35:31.907000,,SOFT,20.0,
2018,10,British Grand Prix,3,RIC,RIC,30.0,0 days 00:54:29.820000,,MEDIUM,12.0,
2018,10,British Grand Prix,31,OCO,OCO,19.0,0 days 00:37:35.542000,,SOFT,21.0,
2018,10,British Grand Prix,33,VER,VER,17.0,0 days 00:33:53.758000,,SOFT,19.0,
2018,10,British Grand Prix,33,VER,VER,33.0,0 days 00:59:35.802000,,MEDIUM,16.0,
2018,10,British Grand Prix,35,SIR,SIR,21.0,0 days 00:41:19.590000,,SOFT,20.0,
2018,10,British Grand Prix,44,HAM,HAM,25.0,0 days 00:46:37.656000,,SOFT,28.0,
2018,10,British Grand Prix,5,VET,VET,20.0,0 days 00:38:25.342000,,SOFT,21.0,
2018,10,British Grand Prix,5,VET,VET,33.0,0 days 00:59:15.521000,,MEDIUM,13.0,
2018,10,British Grand Prix,55,SAI,SAI,17.0,0 days 00:34:29.244000,,MEDIUM,16.0,
2018,10,British Grand Prix,55,SAI,SAI,32.0,0 days 00:58:46.922000,,HARD,15.0,
2018,10,British Grand Prix,7,RAI,RAI,13.0,0 days 00:27:40.212000,,SOFT,15.0,
2018,10,British Grand Prix,7,RAI,RAI,33.0,0 days 00:59:39.427000,,MEDIUM,20.0,
2018,10,British Grand Prix,77,BOT,BOT,21.0,0 days 00:40:03.335000,,SOFT,23.0,
2018,10,British Grand Prix,8,GRO,GRO,26.0,0 days 00:48:52.939000,,SOFT,28.0,
2018,10,British Grand Prix,9,ERI,ERI,24.0,0 days 00:45:45.470000,,SOFT,23.0,
2018,11,German Grand Prix,10,GAS,GAS,43.0,0 days 01:05:05.973000,,SOFT,42.0,
2018,11,German Grand Prix,10,GAS,GAS,46.0,0 days 01:10:12.527000,,WET,3.0,
2018,11,German Grand Prix,11,PER,PER,22.0,0 days 00:36:28.227000,,ULTRASOFT,24.0,
2018,11,German Grand Prix,14,ALO,ALO,31.0,0 days 00:48:44.630000,,SOFT,30.0,
2018,11,German Grand Prix,14,ALO,ALO,43.0,0 days 01:05:00.105000,,MEDIUM,12.0,
2018,11,German Grand Prix,14,ALO,ALO,47.0,0 days 01:11:10.783000,,INTERMEDIATE,4.0,
2018,11,German Grand Prix,14,ALO,ALO,65.0,0 days 01:38:47.210000,,SOFT,21.0,
2018,11,German Grand Prix,16,LEC,LEC,20.0,0 days 00:33:58.279000,,ULTRASOFT,22.0,
2018,11,German Grand Prix,16,LEC,LEC,43.0,0 days 01:04:44.628000,,SOFT,23.0,
2018,11,German Grand Prix,16,LEC,LEC,46.0,0 days 01:09:30.228000,,INTERMEDIATE,3.0,
2018,11,German Grand Prix,18,STR,STR,27.0,0 days 00:43:40.183000,,SOFT,26.0,
2018,11,German Grand Prix,18,STR,STR,50.0,0 days 01:15:07.583000,,MEDIUM,23.0,
2018,11,German Grand Prix,18,STR,STR,53.0,0 days 01:21:10.956000,,INTERMEDIATE,3.0,
2018,11,German Grand Prix,2,VAN,VAN,29.0,0 days 00:46:23.369000,,SOFT,28.0,
2018,11,German Grand Prix,2,VAN,VAN,52.0,0 days 01:19:43.325000,,MEDIUM,23.0,
2018,11,German Grand Prix,20,MAG,MAG,20.0,0 days 00:33:44.419000,,ULTRASOFT,23.0,
2018,11,German Grand Prix,20,MAG,MAG,51.0,0 days 01:16:07.556000,,MEDIUM,31.0,
2018,11,German Grand Prix,20,MAG,MAG,55.0,0 days 01:23:53.124000,,INTERMEDIATE,4.0,
2018,11,German Grand Prix,27,HUL,HUL,18.0,0 days 00:31:07.750000,,ULTRASOFT,20.0,
2018,11,German Grand Prix,27,HUL,HUL,51.0,0 days 01:15:49.697000,,MEDIUM,33.0,
2018,11,German Grand Prix,27,HUL,HUL,55.0,0 days 01:23:09.637000,,INTERMEDIATE,4.0,
2018,11,German Grand Prix,28,HAR,HAR,28.0,0 days 00:44:59.065000,,SOFT,27.0,
2018,11,German Grand Prix,28,HAR,HAR,52.0,0 days 01:18:54.240000,,MEDIUM,24.0,
2018,11,German Grand Prix,31,OCO,OCO,25.0,0 days 00:40:48.937000,,ULTRASOFT,24.0,
2018,11,German Grand Prix,33,VER,VER,29.0,0 days 00:45:09.567000,,ULTRASOFT,31.0,
2018,11,German Grand Prix,33,VER,VER,46.0,0 days 01:07:32.485000,,SOFT,17.0,
2018,11,German Grand Prix,33,VER,VER,48.0,0 days 01:10:40.046000,,INTERMEDIATE,2.0,
2018,11,German Grand Prix,35,SIR,SIR,28.0,0 days 00:44:58.361000,,SOFT,27.0,
2018,11,German Grand Prix,35,SIR,SIR,51.0,0 days 01:16:53.607000,,MEDIUM,23.0,
2018,11,German Grand Prix,44,HAM,HAM,42.0,0 days 01:02:11.106000,,SOFT,41.0,
2018,11,German Grand Prix,5,VET,VET,25.0,0 days 00:39:41.790000,,ULTRASOFT,26.0,
2018,11,German Grand Prix,55,SAI,SAI,20.0,0 days 00:33:54.466000,,ULTRASOFT,22.0,
2018,11,German Grand Prix,55,SAI,SAI,50.0,0 days 01:14:35.846000,,MEDIUM,30.0,
2018,11,German Grand Prix,55,SAI,SAI,56.0,0 days 01:25:17.474000,,INTERMEDIATE,6.0,
2018,11,German Grand Prix,7,RAI,RAI,14.0,0 days 00:25:23.004000,,ULTRASOFT,16.0,
2018,11,German Grand Prix,7,RAI,RAI,53.0,0 days 01:18:12.816000,,SOFT,39.0,
2018,11,German Grand Prix,77,BOT,BOT,28.0,0 days 00:43:44.731000,,ULTRASOFT,30.0,
2018,11,German Grand Prix,77,BOT,BOT,52.0,0 days 01:15:59.180000,,SOFT,24.0,
2018,11,German Grand Prix,8,GRO,GRO,21.0,0 days 00:35:12.330000,,ULTRASOFT,24.0,
2018,11,German Grand Prix,8,GRO,GRO,51.0,0 days 01:16:06.431000,,MEDIUM,30.0,
2018,11,German Grand Prix,8,GRO,GRO,55.0,0 days 01:23:50.968000,,INTERMEDIATE,4.0,
2018,11,German Grand Prix,9,ERI,ERI,38.0,0 days 00:58:10.407000,,SOFT,37.0,
2018,12,Hungarian Grand Prix,10,GAS,GAS,32.0,0 days 00:52:19.802000,,ULTRASOFT,31.0,
2018,12,Hungarian Grand Prix,11,PER,PER,22.0,0 days 00:38:53.080000,,ULTRASOFT,21.0,
2018,12,Hungarian Grand Prix,14,ALO,ALO,39.0,0 days 01:02:27.365000,,SOFT,38.0,
2018,12,Hungarian Grand Prix,18,STR,STR,47.0,0 days 01:14:54.279000,,MEDIUM,46.0,
2018,12,Hungarian Grand Prix,2,VAN,VAN,40.0,0 days 01:03:54.577000,,SOFT,39.0,
2018,12,Hungarian Grand Prix,20,MAG,MAG,31.0,0 days 00:51:05.904000,,ULTRASOFT,30.0,
2018,12,Hungarian Grand Prix,27,HUL,HUL,23.0,0 days 00:40:04.395000,,SOFT,22.0,
2018,12,Hungarian Grand Prix,27,HUL,HUL,50.0,0 days 01:18:45.285000,,MEDIUM,27.0,
2018,12,Hungarian Grand Prix,28,HAR,HAR,24.0,0 days 00:41:27.039000,,ULTRASOFT,23.0,
2018,12,Hungarian Grand Prix,3,RIC,RIC,44.0,0 days 01:08:45.762000,,SOFT,43.0,
2018,12,Hungarian Grand Prix,31,OCO,OCO,39.0,0 days 01:02:53.480000,,SOFT,38.0,
2018,12,Hungarian Grand Prix,35,SIR,SIR,31.0,0 days 00:51:50.561000,,SOFT,30.0,
2018,12,Hungarian Grand Prix,44,HAM,HAM,25.0,0 days 00:41:53.648000,,ULTRASOFT,23.0,
2018,12,Hungarian Grand Prix,5,VET,VET,39.0,0 days 01:01:22.489000,,SOFT,38.0,
2018,12,Hungarian Grand Prix,55,SAI,SAI,25.0,0 days 00:42:47.855000,,SOFT,24.0,
2018,12,Hungarian Grand Prix,7,RAI,RAI,14.0,0 days 00:26:53.273000,,ULTRASOFT,13.0,
2018,12,Hungarian Grand Prix,7,RAI,RAI,38.0,0 days 01:00:22.470000,,SOFT,24.0,
2018,12,Hungarian Grand Prix,77,BOT,BOT,15.0,0 days 00:28:13.824000,,ULTRASOFT,14.0,
2018,12,Hungarian Grand Prix,8,GRO,GRO,29.0,0 days 00:48:26.537000,,ULTRASOFT,28.0,
2018,12,Hungarian Grand Prix,9,ERI,ERI,6.0,0 days 00:16:06.275000,,ULTRASOFT,5.0,
2018,13,Belgian Grand Prix,5,VET,VET,1.0,0 days 00:21:00.165000,,SUPERSOFT,4.0,
2018,13,Belgian Grand Prix,5,VET,VET,22.0,0 days 01:02:33.922000,,SUPERSOFT,25.0,
2018,13,Belgian Grand Prix,44,HAM,HAM,1.0,0 days 00:21:01.945000,,SUPERSOFT,4.0,
2018,13,Belgian Grand Prix,44,HAM,HAM,21.0,0 days 01:00:48.913000,,SUPERSOFT,24.0,
2018,13,Belgian Grand Prix,33,VER,VER,1.0,0 days 00:21:05.134000,,nan,,
2018,13,Belgian Grand Prix,33,VER,VER,26.0,0 days 01:10:08.725000,,SUPERSOFT,29.0,
2018,13,Belgian Grand Prix,77,BOT,BOT,1.0,0 days 00:21:20.298000,,SOFT,4.0,
2018,13,Belgian Grand Prix,77,BOT,BOT,2.0,0 days 00:24:21.912000,,SOFT,5.0,
2018,13,Belgian Grand Prix,77,BOT,BOT,29.0,0 days 01:16:03.877000,,SUPERSOFT,27.0,
2018,13,Belgian Grand Prix,11,PER,PER,1.0,0 days 00:21:02.944000,,SUPERSOFT,4.0,
2018,13,Belgian Grand Prix,11,PER,PER,25.0,0 days 01:08:39.450000,,SUPERSOFT,28.0,
2018,13,Belgian Grand Prix,31,OCO,OCO,1.0,0 days 00:21:03.850000,,SUPERSOFT,4.0,
2018,13,Belgian Grand Prix,31,OCO,OCO,24.0,0 days 01:06:55.302000,,SUPERSOFT,27.0,
2018,13,Belgian Grand Prix,8,GRO,GRO,1.0,0 days 00:21:06.226000,,SUPERSOFT,4.0,
2018,13,Belgian Grand Prix,8,GRO,GRO,23.0,0 days 01:05:11.855000,,SUPERSOFT,26.0,
2018,13,Belgian Grand Prix,20,MAG,MAG,1.0,0 days 00:21:07.835000,,SUPERSOFT,4.0,
2018,13,Belgian Grand Prix,20,MAG,MAG,26.0,0 days 01:10:50.306000,,SUPERSOFT,29.0,
2018,13,Belgian Grand Prix,10,GAS,GAS,1.0,0 days 00:21:09.867000,,SUPERSOFT,1.0,
2018,13,Belgian Grand Prix,10,GAS,GAS,25.0,0 days 01:09:03.670000,,SUPERSOFT,25.0,
2018,13,Belgian Grand Prix,9,ERI,ERI,1.0,0 days 00:21:11.617000,,SOFT,1.0,
2018,13,Belgian Grand Prix,9,ERI,ERI,26.0,0 days 01:10:55.994000,,SOFT,26.0,
2018,13,Belgian Grand Prix,55,SAI,SAI,1.0,0 days 00:21:18.602000,,MEDIUM,1.0,
2018,13,Belgian Grand Prix,55,SAI,SAI,22.0,0 days 01:03:45.427000,,MEDIUM,22.0,
2018,13,Belgian Grand Prix,35,SIR,SIR,1.0,0 days 00:21:12.992000,,SOFT,1.0,
2018,13,Belgian Grand Prix,35,SIR,SIR,24.0,0 days 01:07:23.399000,,SOFT,24.0,
2018,13,Belgian Grand Prix,18,STR,STR,1.0,0 days 00:21:14.008000,,SOFT,1.0,
2018,13,Belgian Grand Prix,18,STR,STR,23.0,0 days 01:05:34.405000,,SOFT,23.0,
2018,13,Belgian Grand Prix,28,HAR,HAR,1.0,0 days 00:21:17.227000,,SOFT,1.0,
2018,13,Belgian Grand Prix,28,HAR,HAR,31.0,0 days 01:20:30.195000,,SOFT,31.0,
2018,13,Belgian Grand Prix,2,VAN,VAN,1.0,0 days 00:21:21.913000,,SOFT,1.0,
2018,13,Belgian Grand Prix,2,VAN,VAN,2.0,0 days 00:24:22.819000,,SOFT,2.0,
2018,13,Belgian Grand Prix,2,VAN,VAN,28.0,0 days 01:15:09.827000,,MEDIUM,26.0,
2018,13,Belgian Grand Prix,3,RIC,RIC,1.0,0 days 00:21:15.463000,,SUPERSOFT,4.0,
2018,13,Belgian Grand Prix,3,RIC,RIC,28.0,0 days 01:18:06.433000,,SOFT,27.0,
2018,13,Belgian Grand Prix,7,RAI,RAI,1.0,0 days 00:21:58.335000,,SUPERSOFT,4.0,
2018,13,Belgian Grand Prix,7,RAI,RAI,7.0,0 days 00:35:51.921000,,MEDIUM,6.0,
2018,13,Belgian Grand Prix,7,RAI,RAI,8.0,0 days 00:38:23.994000,,MEDIUM,7.0,
2018,15,Singapore Grand Prix,44,HAM,HAM,15.0,0 days 00:48:42.582000,,HYPERSOFT,16.0,
2018,15,Singapore Grand Prix,33,VER,VER,17.0,0 days 00:52:19.913000,,HYPERSOFT,19.0,
2018,15,Singapore Grand Prix,5,VET,VET,14.0,0 days 00:47:01.806000,,HYPERSOFT,16.0,
2018,15,Singapore Grand Prix,77,BOT,BOT,16.0,0 days 00:50:39.629000,,HYPERSOFT,18.0,
2018,15,Singapore Grand Prix,7,RAI,RAI,22.0,0 days 01:01:20.955000,,HYPERSOFT,24.0,
2018,15,Singapore Grand Prix,3,RIC,RIC,27.0,0 days 01:10:14.847000,,HYPERSOFT,29.0,
2018,15,Singapore Grand Prix,14,ALO,ALO,38.0,0 days 01:30:29.838000,,ULTRASOFT,37.0,
2018,15,Singapore Grand Prix,55,SAI,SAI,37.0,0 days 01:28:46.910000,,ULTRASOFT,36.0,
2018,15,Singapore Grand Prix,16,LEC,LEC,38.0,0 days 01:30:50.762000,,ULTRASOFT,37.0,
2018,15,Singapore Grand Prix,27,HUL,HUL,15.0,0 days 00:49:23.819000,,HYPERSOFT,17.0,
2018,15,Singapore Grand Prix,9,ERI,ERI,44.0,0 days 01:41:55.561000,,ULTRASOFT,43.0,
2018,15,Singapore Grand Prix,2,VAN,VAN,43.0,0 days 01:40:11.617000,,ULTRASOFT,42.0,
2018,15,Singapore Grand Prix,10,GAS,GAS,26.0,0 days 01:09:29.152000,,HYPERSOFT,25.0,
2018,15,Singapore Grand Prix,18,STR,STR,40.0,0 days 01:35:02.986000,,SOFT,39.0,
2018,15,Singapore Grand Prix,8,GRO,GRO,16.0,0 days 00:51:12.991000,,HYPERSOFT,18.0,
2018,15,Singapore Grand Prix,11,PER,PER,17.0,0 days 00:52:52.102000,,HYPERSOFT,19.0,
2018,15,Singapore Grand Prix,11,PER,PER,33.0,0 days 01:22:29.783000,,ULTRASOFT,16.0,
2018,15,Singapore Grand Prix,11,PER,PER,39.0,0 days 01:33:41.637000,,SOFT,6.0,
2018,15,Singapore Grand Prix,28,HAR,HAR,14.0,0 days 00:47:40.467000,,HYPERSOFT,13.0,
2018,15,Singapore Grand Prix,28,HAR,HAR,36.0,0 days 01:27:59.842000,,ULTRASOFT,22.0,
2018,15,Singapore Grand Prix,20,MAG,MAG,26.0,0 days 01:09:31.108000,,ULTRASOFT,25.0,
2018,15,Singapore Grand Prix,20,MAG,MAG,36.0,0 days 01:28:02.123000,,SOFT,10.0,
2018,15,Singapore Grand Prix,20,MAG,MAG,48.0,0 days 01:49:52.875000,,HYPERSOFT,12.0,
2018,15,Singapore Grand Prix,35,SIR,SIR,3.0,0 days 00:26:50.692000,,ULTRASOFT,2.0,
2018,15,Singapore Grand Prix,35,SIR,SIR,45.0,0 days 01:44:51.902000,,SOFT,42.0,
2018,16,Russian Grand Prix,44,HAM,HAM,14.0,0 days 00:41:51.684000,,ULTRASOFT,16.0,
2018,16,Russian Grand Prix,77,BOT,BOT,12.0,0 days 00:38:30.919000,,ULTRASOFT,13.0,
2018,16,Russian Grand Prix,5,VET,VET,13.0,0 days 00:40:13.724000,,ULTRASOFT,15.0,
2018,16,Russian Grand Prix,7,RAI,RAI,18.0,0 days 00:48:40.762000,,ULTRASOFT,20.0,
2018,16,Russian Grand Prix,33,VER,VER,43.0,0 days 01:29:48.470000,,SOFT,42.0,
2018,16,Russian Grand Prix,3,RIC,RIC,39.0,0 days 01:23:49.549000,,SOFT,38.0,
2018,16,Russian Grand Prix,16,LEC,LEC,10.0,0 days 00:35:36.178000,,HYPERSOFT,12.0,
2018,16,Russian Grand Prix,20,MAG,MAG,9.0,0 days 00:33:59.662000,,HYPERSOFT,11.0,
2018,16,Russian Grand Prix,31,OCO,OCO,10.0,0 days 00:35:41.061000,,HYPERSOFT,12.0,
2018,16,Russian Grand Prix,11,PER,PER,12.0,0 days 00:39:05.359000,,HYPERSOFT,14.0,
2018,16,Russian Grand Prix,8,GRO,GRO,8.0,0 days 00:32:27.344000,,HYPERSOFT,10.0,
2018,16,Russian Grand Prix,27,HUL,HUL,35.0,0 days 01:17:48.044000,,SOFT,34.0,
2018,16,Russian Grand Prix,9,ERI,ERI,11.0,0 days 00:37:34.727000,,HYPERSOFT,13.0,
2018,16,Russian Grand Prix,9,ERI,ERI,37.0,0 days 01:21:37.197000,,SOFT,26.0,
2018,16,Russian Grand Prix,14,ALO,ALO,5.0,0 days 00:27:23.461000,,ULTRASOFT,4.0,
2018,16,Russian Grand Prix,18,STR,STR,7.0,0 days 00:30:55.241000,,ULTRASOFT,6.0,
2018,16,Russian Grand Prix,2,VAN,VAN,11.0,0 days 00:37:56.291000,,ULTRASOFT,10.0,
2018,16,Russian Grand Prix,55,SAI,SAI,32.0,0 days 01:13:29.267000,,SOFT,31.0,
2018,16,Russian Grand Prix,35,SIR,SIR,10.0,0 days 00:36:18.659000,,ULTRASOFT,9.0,
2018,16,Russian Grand Prix,10,GAS,GAS,4.0,0 days 00:26:06.782000,,SOFT,3.0,
2018,16,Russian Grand Prix,28,HAR,HAR,3.0,0 days 00:23:55.359000,,HYPERSOFT,2.0,
2018,16,Russian Grand Prix,28,HAR,HAR,4.0,0 days 00:26:47.457000,,SOFT,1.0,
2018,17,Japanese Grand Prix,10,GAS,GAS,29.0,0 days 01:08:38.101000,,SUPERSOFT,31.0,
2018,17,Japanese Grand Prix,11,PER,PER,24.0,0 days 01:00:30.953000,,SUPERSOFT,26.0,
2018,17,Japanese Grand Prix,14,ALO,ALO,26.0,0 days 01:03:58.043000,,SOFT,25.0,
2018,17,Japanese Grand Prix,16,LEC,LEC,4.0,0 days 00:25:45.330000,,SOFT,3.0,
2018,17,Japanese Grand Prix,16,LEC,LEC,35.0,0 days 01:18:40.288000,,MEDIUM,31.0,
2018,17,Japanese Grand Prix,18,STR,STR,14.0,0 days 00:44:31.055000,,SOFT,13.0,
2018,17,Japanese Grand Prix,18,STR,STR,39.0,0 days 01:25:25.799000,,MEDIUM,25.0,
2018,17,Japanese Grand Prix,2,VAN,VAN,23.0,0 days 00:59:14.805000,,SOFT,22.0,
2018,17,Japanese Grand Prix,20,MAG,MAG,2.0,0 days 00:22:48.575000,,SOFT,1.0,
2018,17,Japanese Grand Prix,20,MAG,MAG,8.0,0 days 00:35:25.450000,,MEDIUM,6.0,
2018,17,Japanese Grand Prix,27,HUL,HUL,30.0,0 days 01:10:34.556000,,MEDIUM,29.0,
2018,17,Japanese Grand Prix,27,HUL,HUL,37.0,0 days 01:22:16.976000,,SOFT,7.0,
2018,17,Japanese Grand Prix,28,HAR,HAR,28.0,0 days 01:07:09.173000,,SUPERSOFT,30.0,
2018,17,Japanese Grand Prix,3,RIC,RIC,23.0,0 days 00:58:24.505000,,SOFT,22.0,
2018,17,Japanese Grand Prix,31,OCO,OCO,26.0,0 days 01:03:45.952000,,SUPERSOFT,28.0,
2018,17,Japanese Grand Prix,33,VER,VER,21.0,0 days 00:55:08.521000,,SUPERSOFT,23.0,
2018,17,Japanese Grand Prix,35,SIR,SIR,4.0,0 days 00:25:52.320000,,SOFT,3.0,
2018,17,Japanese Grand Prix,35,SIR,SIR,38.0,0 days 01:23:44.143000,,MEDIUM,34.0,
2018,17,Japanese Grand Prix,44,HAM,HAM,24.0,0 days 00:59:41.542000,,SOFT,25.0,
2018,17,Japanese Grand Prix,5,VET,VET,26.0,0 days 01:03:49.428000,,SUPERSOFT,28.0,
2018,17,Japanese Grand Prix,55,SAI,SAI,32.0,0 days 01:13:31.041000,,SOFT,31.0,
2018,17,Japanese Grand Prix,7,RAI,RAI,17.0,0 days 00:48:53.668000,,SUPERSOFT,19.0,
2018,17,Japanese Grand Prix,77,BOT,BOT,23.0,0 days 00:58:12.786000,,SOFT,25.0,
2018,17,Japanese Grand Prix,8,GRO,GRO,29.0,0 days 01:08:29.820000,,SOFT,31.0,
2018,17,Japanese Grand Prix,9,ERI,ERI,5.0,0 days 00:28:11.927000,,SOFT,4.0,
2018,18,United States Grand Prix,10,GAS,GAS,10.0,0 days 00:51:20.085000,,SUPERSOFT,10.0,
2018,18,United States Grand Prix,10,GAS,GAS,36.0,0 days 01:36:34.782000,,SOFT,26.0,
2018,18,United States Grand Prix,11,PER,PER,25.0,0 days 01:17:19.099000,,ULTRASOFT,28.0,
2018,18,United States Grand Prix,14,ALO,ALO,1.0,0 days 00:35:50.996000,,SUPERSOFT,1.0,
2018,18,United States Grand Prix,16,LEC,LEC,1.0,0 days 00:35:34.839000,,ULTRASOFT,4.0,
2018,18,United States Grand Prix,16,LEC,LEC,31.0,0 days 01:28:29.993000,,SOFT,29.0,
2018,18,United States Grand Prix,18,STR,STR,1.0,0 days 00:35:35.048000,,SUPERSOFT,1.0,
2018,18,United States Grand Prix,18,STR,STR,5.0,0 days 00:43:03.170000,,SOFT,3.0,
2018,18,United States Grand Prix,18,STR,STR,38.0,0 days 01:40:53.115000,,None,37.0,
2018,18,United States Grand Prix,2,VAN,VAN,10.0,0 days 00:51:16.443000,,SUPERSOFT,10.0,
2018,18,United States Grand Prix,2,VAN,VAN,40.0,0 days 01:43:09.282000,,SOFT,30.0,
2018,18,United States Grand Prix,20,MAG,MAG,30.0,0 days 01:25:48.969000,,SUPERSOFT,30.0,
2018,18,United States Grand Prix,27,HUL,HUL,23.0,0 days 01:13:40.501000,,ULTRASOFT,26.0,
2018,18,United States Grand Prix,28,HAR,HAR,27.0,0 days 01:20:53.980000,,SUPERSOFT,27.0,
2018,18,United States Grand Prix,31,OCO,OCO,22.0,0 days 01:12:08.088000,,ULTRASOFT,25.0,
2018,18,United States Grand Prix,33,VER,VER,22.0,0 days 01:11:29.085000,,SOFT,22.0,
2018,18,United States Grand Prix,35,SIR,SIR,10.0,0 days 00:51:12.153000,,SUPERSOFT,10.0,
2018,18,United States Grand Prix,35,SIR,SIR,29.0,0 days 01:24:26.787000,,SOFT,19.0,
2018,18,United States Grand Prix,44,HAM,HAM,11.0,0 days 00:52:39.210000,,SUPERSOFT,16.0,
2018,18,United States Grand Prix,44,HAM,HAM,37.0,0 days 01:36:27.938000,,SOFT,26.0,
2018,18,United States Grand Prix,5,VET,VET,26.0,0 days 01:18:25.367000,,SUPERSOFT,29.0,
2018,18,United States Grand Prix,55,SAI,SAI,24.0,0 days 01:15:25.712000,,SUPERSOFT,24.0,
2018,18,United States Grand Prix,7,RAI,RAI,21.0,0 days 01:09:44.669000,,ULTRASOFT,24.0,
2018,18,United States Grand Prix,77,BOT,BOT,23.0,0 days 01:13:07.436000,,SUPERSOFT,26.0,
2018,18,United States Grand Prix,8,GRO,GRO,1.0,0 days 00:35:46.996000,,ULTRASOFT,4.0,
2018,18,United States Grand Prix,8,GRO,GRO,2.0,0 days 00:38:16.336000,,ULTRASOFT,5.0,
2018,18,United States Grand Prix,9,ERI,ERI,30.0,0 days 01:26:07.967000,,SOFT,30.0,
2018,19,Mexican Grand Prix,10,GAS,GAS,5.0,0 days 00:40:36.342000,,HYPERSOFT,5.0,
2018,19,Mexican Grand Prix,10,GAS,GAS,26.0,0 days 01:10:29.831000,,SUPERSOFT,21.0,
2018,19,Mexican Grand Prix,11,PER,PER,30.0,0 days 01:16:04.810000,,SUPERSOFT,30.0,
2018,19,Mexican Grand Prix,11,PER,PER,38.0,0 days 01:28:25.337000,,ULTRASOFT,11.0,
2018,19,Mexican Grand Prix,16,LEC,LEC,13.0,0 days 00:51:40.766000,,HYPERSOFT,16.0,
2018,19,Mexican Grand Prix,18,STR,STR,10.0,0 days 00:47:34.173000,,ULTRASOFT,10.0,
2018,19,Mexican Grand Prix,18,STR,STR,23.0,0 days 01:06:14.693000,,ULTRASOFT,13.0,
2018,19,Mexican Grand Prix,2,VAN,VAN,12.0,0 days 00:50:25.539000,,ULTRASOFT,12.0,
2018,19,Mexican Grand Prix,20,MAG,MAG,43.0,0 days 01:35:15.196000,,SUPERSOFT,43.0,
2018,19,Mexican Grand Prix,27,HUL,HUL,12.0,0 days 00:50:10.492000,,HYPERSOFT,15.0,
2018,19,Mexican Grand Prix,28,HAR,HAR,1.0,0 days 00:34:35.407000,,SUPERSOFT,1.0,
2018,19,Mexican Grand Prix,28,HAR,HAR,24.0,0 days 01:07:36.193000,,ULTRASOFT,23.0,
2018,19,Mexican Grand Prix,3,RIC,RIC,12.0,0 days 00:49:45.414000,,ULTRASOFT,15.0,
2018,19,Mexican Grand Prix,31,OCO,OCO,1.0,0 days 00:34:32.721000,,SUPERSOFT,1.0,
2018,19,Mexican Grand Prix,31,OCO,OCO,30.0,0 days 01:16:33.750000,,SUPERSOFT,34.0,
2018,19,Mexican Grand Prix,33,VER,VER,13.0,0 days 00:51:00.378000,,ULTRASOFT,16.0,
2018,19,Mexican Grand Prix,33,VER,VER,48.0,0 days 01:39:35.795000,,SUPERSOFT,35.0,
2018,19,Mexican Grand Prix,35,SIR,SIR,11.0,0 days 00:49:05.495000,,ULTRASOFT,11.0,
2018,19,Mexican Grand Prix,44,HAM,HAM,11.0,0 days 00:48:21.599000,,ULTRASOFT,14.0,
2018,19,Mexican Grand Prix,44,HAM,HAM,47.0,0 days 01:38:42.873000,,SUPERSOFT,36.0,
2018,19,Mexican Grand Prix,5,VET,VET,17.0,0 days 00:56:38.311000,,ULTRASOFT,20.0,
2018,19,Mexican Grand Prix,5,VET,VET,47.0,0 days 01:38:25.338000,,SUPERSOFT,30.0,
2018,19,Mexican Grand Prix,55,SAI,SAI,11.0,0 days 00:48:40.835000,,HYPERSOFT,14.0,
2018,19,Mexican Grand Prix,7,RAI,RAI,17.0,0 days 00:56:57.626000,,ULTRASOFT,21.0,
2018,19,Mexican Grand Prix,77,BOT,BOT,11.0,0 days 00:48:31.226000,,ULTRASOFT,16.0,
2018,19,Mexican Grand Prix,77,BOT,BOT,48.0,0 days 01:40:17.625000,,SUPERSOFT,37.0,
2018,19,Mexican Grand Prix,77,BOT,BOT,62.0,0 days 02:00:33.440000,,ULTRASOFT,19.0,
2018,19,Mexican Grand Prix,8,GRO,GRO,44.0,0 days 01:36:47.565000,,SUPERSOFT,44.0,
2018,19,Mexican Grand Prix,8,GRO,GRO,60.0,0 days 02:00:00.968000,,ULTRASOFT,16.0,
2018,19,Mexican Grand Prix,9,ERI,ERI,16.0,0 days 00:56:10.638000,,HYPERSOFT,19.0,
2018,20,Brazilian Grand Prix,44,HAM,HAM,19.0,0 days 00:56:57.720000,,SUPERSOFT,22.0,
2018,20,Brazilian Grand Prix,33,VER,VER,35.0,0 days 01:16:39.259000,,SUPERSOFT,38.0,
2018,20,Brazilian Grand Prix,7,RAI,RAI,31.0,0 days 01:11:53.494000,,SOFT,34.0,
2018,20,Brazilian Grand Prix,3,RIC,RIC,39.0,0 days 01:21:42.262000,,SUPERSOFT,42.0,
2018,20,Brazilian Grand Prix,77,BOT,BOT,18.0,0 days 00:55:50.637000,,SUPERSOFT,21.0,
2018,20,Brazilian Grand Prix,77,BOT,BOT,59.0,0 days 01:46:17.923000,,MEDIUM,41.0,
2018,20,Brazilian Grand Prix,5,VET,VET,27.0,0 days 01:07:00.643000,,SOFT,30.0,
2018,20,Brazilian Grand Prix,5,VET,VET,53.0,0 days 01:39:07.982000,,MEDIUM,26.0,
2018,20,Brazilian Grand Prix,16,LEC,LEC,35.0,0 days 01:17:04.440000,,SUPERSOFT,40.0,
2018,20,Brazilian Grand Prix,8,GRO,GRO,32.0,0 days 01:13:31.056000,,SUPERSOFT,35.0,
2018,20,Brazilian Grand Prix,20,MAG,MAG,41.0,0 days 01:24:39.632000,,SOFT,41.0,
2018,20,Brazilian Grand Prix,11,PER,PER,39.0,0 days 01:22:25.623000,,SUPERSOFT,39.0,
2018,20,Brazilian Grand Prix,28,HAR,HAR,49.0,0 days 01:35:12.101000,,MEDIUM,49.0,
2018,20,Brazilian Grand Prix,55,SAI,SAI,25.0,0 days 01:05:06.911000,,SOFT,25.0,
2018,20,Brazilian Grand Prix,55,SAI,SAI,48.0,0 days 01:34:02.864000,,MEDIUM,23.0,
2018,20,Brazilian Grand Prix,10,GAS,GAS,22.0,0 days 01:01:19.287000,,SUPERSOFT,26.0,
2018,20,Brazilian Grand Prix,2,VAN,VAN,28.0,0 days 01:09:09.178000,,SOFT,28.0,
2018,20,Brazilian Grand Prix,31,OCO,OCO,40.0,0 days 01:23:51.129000,,SOFT,40.0,
2018,20,Brazilian Grand Prix,31,OCO,OCO,57.0,0 days 01:45:23.949000,,SUPERSOFT,17.0,
2018,20,Brazilian Grand Prix,35,SIR,SIR,16.0,0 days 00:53:56.424000,,SOFT,16.0,
2018,20,Brazilian Grand Prix,14,ALO,ALO,15.0,0 days 00:52:38.656000,,SOFT,15.0,
2018,20,Brazilian Grand Prix,14,ALO,ALO,54.0,0 days 01:42:00.652000,,MEDIUM,39.0,
2018,20,Brazilian Grand Prix,18,STR,STR,17.0,0 days 00:55:14.189000,,SOFT,17.0,
2018,20,Brazilian Grand Prix,18,STR,STR,65.0,0 days 01:55:55.717000,,MEDIUM,48.0,
2018,20,Brazilian Grand Prix,27,HUL,HUL,32.0,0 days 01:13:54.129000,,SOFT,32.0,
2018,20,Brazilian Grand Prix,9,ERI,ERI,18.0,0 days 00:56:29.648000,,SUPERSOFT,23.0,
2018,20,Brazilian Grand Prix,9,ERI,ERI,20.0,0 days 00:59:43.513000,,MEDIUM,2.0,
2018,21,Abu Dhabi Grand Prix,10,GAS,GAS,29.0,0 days 01:29:35.608000,,SUPERSOFT,29.0,
2018,21,Abu Dhabi Grand Prix,11,PER,PER,26.0,0 days 01:24:04.536000,,ULTRASOFT,26.0,
2018,21,Abu Dhabi Grand Prix,14,ALO,ALO,27.0,0 days 01:26:10.366000,,ULTRASOFT,27.0,
2018,21,Abu Dhabi Grand Prix,16,LEC,LEC,7.0,0 days 00:49:43.967000,,HYPERSOFT,10.0,
2018,21,Abu Dhabi Grand Prix,18,STR,STR,40.0,0 days 01:49:11.749000,,SUPERSOFT,40.0,
2018,21,Abu Dhabi Grand Prix,2,VAN,VAN,35.0,0 days 01:40:34.750000,,SUPERSOFT,35.0,
2018,21,Abu Dhabi Grand Prix,20,MAG,MAG,41.0,0 days 01:50:42.693000,,SUPERSOFT,41.0,
2018,21,Abu Dhabi Grand Prix,28,HAR,HAR,1.0,0 days 00:36:21.169000,,ULTRASOFT,1.0,
2018,21,Abu Dhabi Grand Prix,3,RIC,RIC,33.0,0 days 01:35:29.934000,,ULTRASOFT,37.0,
2018,21,Abu Dhabi Grand Prix,31,OCO,OCO,18.0,0 days 01:09:58.856000,,HYPERSOFT,21.0,
2018,21,Abu Dhabi Grand Prix,31,OCO,OCO,45.0,0 days 02:00:16.442000,,SUPERSOFT,27.0,
2018,21,Abu Dhabi Grand Prix,33,VER,VER,17.0,0 days 01:07:44.583000,,HYPERSOFT,20.0,
2018,21,Abu Dhabi Grand Prix,35,SIR,SIR,35.0,0 days 01:40:39.614000,,SUPERSOFT,35.0,
2018,21,Abu Dhabi Grand Prix,44,HAM,HAM,7.0,0 days 00:49:33.868000,,ULTRASOFT,10.0,
2018,21,Abu Dhabi Grand Prix,5,VET,VET,15.0,0 days 01:04:11.756000,,ULTRASOFT,18.0,
2018,21,Abu Dhabi Grand Prix,55,SAI,SAI,37.0,0 days 01:43:10.344000,,ULTRASOFT,37.0,
2018,21,Abu Dhabi Grand Prix,7,RAI,RAI,7.0,0 days 00:52:32.621000,,ULTRASOFT,11.0,
2018,21,Abu Dhabi Grand Prix,77,BOT,BOT,16.0,0 days 01:05:52.965000,,ULTRASOFT,19.0,
2018,21,Abu Dhabi Grand Prix,77,BOT,BOT,40.0,0 days 01:47:53.118000,,SUPERSOFT,24.0,
2018,21,Abu Dhabi Grand Prix,8,GRO,GRO,7.0,0 days 00:49:48.793000,,HYPERSOFT,10.0,
2018,14,Italian Grand Prix,27,HUL,Nico Hulkenberg,1.0,2018-09-02 15:15:34,25.234,A5,1.0,A4
2018,14,Italian Grand Prix,3,RIC,Daniel Ricciardo,1.0,2018-09-02 15:15:35,24.805,A4,1.0,A5
2018,14,Italian Grand Prix,5,VET,Sebastian Vettel,1.0,2018-09-02 15:15:36,32.219,A5,3.0,A4
2018,14,Italian Grand Prix,9,ERI,Marcus Ericsson,1.0,2018-09-02 15:15:50,29.992,A4,1.0,A5
2018,14,Italian Grand Prix,20,MAG,Kevin Magnussen,4.0,2018-09-02 15:21:22,38.563,A4,4.0,A3
2018,14,Italian Grand Prix,7,RAI,Kimi Raikkonen,20.0,2018-09-02 15:43:45,23.862,A5,22.0,A4
2018,14,Italian Grand Prix,8,GRO,Romain Grosjean,23.0,2018-09-02 15:48:27,24.779,A5,25.0,A4
2018,14,Italian Grand Prix,2,VAN,Stoffel Vandoorne,24.0,2018-09-02 15:50:24,24.094,A5,24.0,A4
2018,14,Italian Grand Prix,33,VER,Max Verstappen,26.0,2018-09-02 15:52:26,24.003,A5,28.0,A4
2018,14,Italian Grand Prix,44,HAM,Lewis Hamilton,28.0,2018-09-02 15:55:00,23.728,A5,30.0,A4
2018,14,Italian Grand Prix,5,VET,Sebastian Vettel,29.0,2018-09-02 15:56:58,24.301,A4,28.0,A5
2018,14,Italian Grand Prix,10,GAS,Pierre Gasly,34.0,2018-09-02 16:04:44,27.792,A5,36.0,A4
2018,14,Italian Grand Prix,16,LEC,Charles Leclerc,34.0,2018-09-02 16:04:46,24.084,A4,34.0,A5
2018,14,Italian Grand Prix,18,STR,Lance Stroll,35.0,2018-09-02 16:05:54,26.44,A5,37.0,A4
2018,14,Italian Grand Prix,77,BOT,Valtteri Bottas,36.0,2018-09-02 16:06:30,23.763,A5,38.0,A4
2018,14,Italian Grand Prix,35,SIR,Sergey Sirotkin,37.0,2018-09-02 16:08:49,25.245,A5,37.0,A4
2018,14,Italian Grand Prix,31,OCO,Esteban Ocon,38.0,2018-09-02 16:09:51,24.826999999999998,A5,40.0,A4
2018,14,Italian Grand Prix,11,PER,Sergio Perez,39.0,2018-09-02 16:11:20,25.655,A5,39.0,A4
2018,14,Italian Grand Prix,55,SAI,Carlos Sainz Jnr,39.0,2018-09-02 16:11:32,25.774,A5,41.0,A4
2018,14,Italian Grand Prix,27,HUL,Nico Hulkenberg,41.0,2018-09-02 16:14:52,24.456,A4,40.0,A5
2018,14,Italian Grand Prix,9,ERI,Marcus Ericsson,42.0,2018-09-02 16:16:25,25.575,A5,41.0,A5
