DriverNumber,Abbreviation,DriverId,TeamName,TeamId,FullName,Position,ClassifiedPosition,GridPosition,Time,Status,Points,Laps,Season,Round,EventName
16,LEC,leclerc,Ferrari,ferrari,Charles Leclerc,1.0,1,1.0,0 days 01:37:33.584000,Finished,26.0,57.0,2022,1,Bahrain Grand Prix
55,SAI,sainz,Ferrari,ferrari,Carlos Sainz,2.0,2,3.0,0 days 00:00:05.598000,Finished,18.0,57.0,2022,1,Bahrain Grand Prix
44,HAM,hamilton,Mercedes,mercedes,Lewis Hamilton,3.0,3,5.0,0 days 00:00:09.675000,Finished,15.0,57.0,2022,1,Bahrain Grand Prix
63,RUS,russell,Mercedes,mercedes,George Russell,4.0,4,9.0,0 days 00:00:11.211000,Finished,12.0,57.0,2022,1,Bahrain Grand Prix
20,MAG,kevin_magnussen,Haas F1 Team,haas,Kevin Magnussen,5.0,5,7.0,0 days 00:00:14.754000,Finished,10.0,57.0,2022,1,Bahrain Grand Prix
77,BOT,bottas,Alfa Romeo,alfa,Valtteri Bottas,6.0,6,6.0,0 days 00:00:16.119000,Finished,8.0,57.0,2022,1,Bahrain Grand Prix
31,OCO,ocon,Alpine,alpine,Esteban Ocon,7.0,7,11.0,0 days 00:00:19.423000,Finished,6.0,57.0,2022,1,Bahrain Grand Prix
22,TSU,tsunoda,AlphaTauri,alphatauri,Yuki Tsunoda,8.0,8,16.0,0 days 00:00:20.386000,Finished,4.0,57.0,2022,1,Bahrain Grand Prix
14,ALO,alonso,Alpine,alpine,Fernando Alonso,9.0,9,8.0,0 days 00:00:22.390000,Finished,2.0,57.0,2022,1,Bahrain Grand Prix
24,ZHO,zhou,Alfa Romeo,alfa,Guanyu Zhou,10.0,10,15.0,0 days 00:00:23.064000,Finished,1.0,57.0,2022,1,Bahrain Grand Prix
47,MSC,mick_schumacher,Haas F1 Team,haas,Mick Schumacher,11.0,11,12.0,0 days 00:00:32.574000,Finished,0.0,57.0,2022,1,Bahrain Grand Prix
18,STR,stroll,Aston Martin,aston_martin,Lance Stroll,12.0,12,19.0,0 days 00:00:45.873000,Finished,0.0,57.0,2022,1,Bahrain Grand Prix
23,ALB,albon,Williams,williams,Alexander Albon,13.0,13,14.0,0 days 00:00:53.932000,Finished,0.0,57.0,2022,1,Bahrain Grand Prix
3,RIC,ricciardo,McLaren,mclaren,Daniel Ricciardo,14.0,14,18.0,0 days 00:00:54.975000,Finished,0.0,57.0,2022,1,Bahrain Grand Prix
4,NOR,norris,McLaren,mclaren,Lando Norris,15.0,15,13.0,0 days 00:00:56.335000,Finished,0.0,57.0,2022,1,Bahrain Grand Prix
6,LAT,latifi,Williams,williams,Nicholas Latifi,16.0,16,20.0,0 days 00:01:01.795000,Finished,0.0,57.0,2022,1,Bahrain Grand Prix
27,HUL,hulkenberg,Aston Martin,aston_martin,Nico Hulkenberg,17.0,17,17.0,0 days 00:01:03.829000,Finished,0.0,57.0,2022,1,Bahrain Grand Prix
11,PER,perez,Red Bull Racing,red_bull,Sergio Perez,18.0,18,4.0,,Fuel pressure,0.0,56.0,2022,1,Bahrain Grand Prix
1,VER,max_verstappen,Red Bull Racing,red_bull,Max Verstappen,19.0,19,2.0,,Fuel pressure,0.0,54.0,2022,1,Bahrain Grand Prix
10,GAS,gasly,AlphaTauri,alphatauri,Pierre Gasly,20.0,R,10.0,,Power Unit,0.0,44.0,2022,1,Bahrain Grand Prix
1,VER,max_verstappen,Red Bull Racing,red_bull,Max Verstappen,1.0,1,4.0,0 days 01:24:19.293000,Finished,25.0,50.0,2022,2,Saudi Arabian Grand Prix
16,LEC,leclerc,Ferrari,ferrari,Charles Leclerc,2.0,2,2.0,0 days 00:00:00.549000,Finished,19.0,50.0,2022,2,Saudi Arabian Grand Prix
55,SAI,sainz,Ferrari,ferrari,Carlos Sainz,3.0,3,3.0,0 days 00:00:08.097000,Finished,15.0,50.0,2022,2,Saudi Arabian Grand Prix
11,PER,perez,Red Bull Racing,red_bull,Sergio Perez,4.0,4,1.0,0 days 00:00:10.800000,Finished,12.0,50.0,2022,2,Saudi Arabian Grand Prix
63,RUS,russell,Mercedes,mercedes,George Russell,5.0,5,6.0,0 days 00:00:32.732000,Finished,10.0,50.0,2022,2,Saudi Arabian Grand Prix
31,OCO,ocon,Alpine,alpine,Esteban Ocon,6.0,6,5.0,0 days 00:00:56.017000,Finished,8.0,50.0,2022,2,Saudi Arabian Grand Prix
4,NOR,norris,McLaren,mclaren,Lando Norris,7.0,7,11.0,0 days 00:00:56.124000,Finished,6.0,50.0,2022,2,Saudi Arabian Grand Prix
10,GAS,gasly,AlphaTauri,alphatauri,Pierre Gasly,8.0,8,9.0,0 days 00:01:02.946000,Finished,4.0,50.0,2022,2,Saudi Arabian Grand Prix
20,MAG,kevin_magnussen,Haas F1 Team,haas,Kevin Magnussen,9.0,9,10.0,0 days 00:01:04.308000,Finished,2.0,50.0,2022,2,Saudi Arabian Grand Prix
44,HAM,hamilton,Mercedes,mercedes,Lewis Hamilton,10.0,10,15.0,0 days 00:01:13.948000,Finished,1.0,50.0,2022,2,Saudi Arabian Grand Prix
24,ZHO,zhou,Alfa Romeo,alfa,Guanyu Zhou,11.0,11,12.0,0 days 00:01:22.215000,Finished,0.0,50.0,2022,2,Saudi Arabian Grand Prix
27,HUL,hulkenberg,Aston Martin,aston_martin,Nico Hulkenberg,12.0,12,17.0,0 days 00:01:31.742000,Finished,0.0,50.0,2022,2,Saudi Arabian Grand Prix
18,STR,stroll,Aston Martin,aston_martin,Lance Stroll,13.0,13,13.0,,+1 Lap,0.0,49.0,2022,2,Saudi Arabian Grand Prix
23,ALB,albon,Williams,williams,Alexander Albon,14.0,14,16.0,,Collision damage,0.0,47.0,2022,2,Saudi Arabian Grand Prix
77,BOT,bottas,Alfa Romeo,alfa,Valtteri Bottas,15.0,R,8.0,,Cooling system,0.0,36.0,2022,2,Saudi Arabian Grand Prix
14,ALO,alonso,Alpine,alpine,Fernando Alonso,16.0,R,7.0,,Water pump,0.0,35.0,2022,2,Saudi Arabian Grand Prix
3,RIC,ricciardo,McLaren,mclaren,Daniel Ricciardo,17.0,R,14.0,,Gearbox,0.0,35.0,2022,2,Saudi Arabian Grand Prix
6,LAT,latifi,Williams,williams,Nicholas Latifi,18.0,R,18.0,,Accident,0.0,14.0,2022,2,Saudi Arabian Grand Prix
22,TSU,tsunoda,AlphaTauri,alphatauri,Yuki Tsunoda,19.0,R,19.0,,Power Unit,0.0,0.0,2022,2,Saudi Arabian Grand Prix
47,MSC,mick_schumacher,Haas F1 Team,haas,Mick Schumacher,,W,,,Withdrew,0.0,0.0,2022,2,Saudi Arabian Grand Prix
16,LEC,leclerc,Ferrari,ferrari,Charles Leclerc,1.0,1,1.0,0 days 01:27:46.548000,Finished,26.0,58.0,2022,3,Australian Grand Prix
11,PER,perez,Red Bull Racing,red_bull,Sergio Perez,2.0,2,3.0,0 days 00:00:20.524000,Finished,18.0,58.0,2022,3,Australian Grand Prix
63,RUS,russell,Mercedes,mercedes,George Russell,3.0,3,6.0,0 days 00:00:25.593000,Finished,15.0,58.0,2022,3,Australian Grand Prix
44,HAM,hamilton,Mercedes,mercedes,Lewis Hamilton,4.0,4,5.0,0 days 00:00:28.543000,Finished,12.0,58.0,2022,3,Australian Grand Prix
4,NOR,norris,McLaren,mclaren,Lando Norris,5.0,5,4.0,0 days 00:00:53.303000,Finished,10.0,58.0,2022,3,Australian Grand Prix
3,RIC,ricciardo,McLaren,mclaren,Daniel Ricciardo,6.0,6,7.0,0 days 00:00:53.737000,Finished,8.0,58.0,2022,3,Australian Grand Prix
31,OCO,ocon,Alpine,alpine,Esteban Ocon,7.0,7,8.0,0 days 00:01:01.683000,Finished,6.0,58.0,2022,3,Australian Grand Prix
77,BOT,bottas,Alfa Romeo,alfa,Valtteri Bottas,8.0,8,12.0,0 days 00:01:08.439000,Finished,4.0,58.0,2022,3,Australian Grand Prix
10,GAS,gasly,AlphaTauri,alphatauri,Pierre Gasly,9.0,9,11.0,0 days 00:01:16.221000,Finished,2.0,58.0,2022,3,Australian Grand Prix
23,ALB,albon,Williams,williams,Alexander Albon,10.0,10,20.0,0 days 00:01:19.382000,Finished,1.0,58.0,2022,3,Australian Grand Prix
24,ZHO,zhou,Alfa Romeo,alfa,Guanyu Zhou,11.0,11,14.0,0 days 00:01:21.695000,Finished,0.0,58.0,2022,3,Australian Grand Prix
18,STR,stroll,Aston Martin,aston_martin,Lance Stroll,12.0,12,19.0,0 days 00:01:28.598000,Finished,0.0,58.0,2022,3,Australian Grand Prix
47,MSC,mick_schumacher,Haas F1 Team,haas,Mick Schumacher,13.0,13,15.0,,+1 Lap,0.0,57.0,2022,3,Australian Grand Prix
20,MAG,kevin_magnussen,Haas F1 Team,haas,Kevin Magnussen,14.0,14,16.0,,+1 Lap,0.0,57.0,2022,3,Australian Grand Prix
22,TSU,tsunoda,AlphaTauri,alphatauri,Yuki Tsunoda,15.0,15,13.0,,+1 Lap,0.0,57.0,2022,3,Australian Grand Prix
6,LAT,latifi,Williams,williams,Nicholas Latifi,16.0,16,18.0,,+1 Lap,0.0,57.0,2022,3,Australian Grand Prix
14,ALO,alonso,Alpine,alpine,Fernando Alonso,17.0,17,10.0,,+1 Lap,0.0,57.0,2022,3,Australian Grand Prix
1,VER,max_verstappen,Red Bull Racing,red_bull,Max Verstappen,18.0,R,2.0,,Fuel leak,0.0,38.0,2022,3,Australian Grand Prix
5,VET,vettel,Aston Martin,aston_martin,Sebastian Vettel,19.0,R,17.0,,Accident,0.0,22.0,2022,3,Australian Grand Prix
55,SAI,sainz,Ferrari,ferrari,Carlos Sainz,20.0,R,9.0,,Spun off,0.0,1.0,2022,3,Australian Grand Prix
1,VER,max_verstappen,Red Bull Racing,red_bull,Max Verstappen,1.0,1,1.0,0 days 01:32:07.986000,Finished,26.0,63.0,2022,4,Emilia Romagna Grand Prix
11,PER,perez,Red Bull Racing,red_bull,Sergio Perez,2.0,2,3.0,0 days 00:00:16.527000,Finished,18.0,63.0,2022,4,Emilia Romagna Grand Prix
4,NOR,norris,McLaren,mclaren,Lando Norris,3.0,3,5.0,0 days 00:00:34.834000,Finished,15.0,63.0,2022,4,Emilia Romagna Grand Prix
63,RUS,russell,Mercedes,mercedes,George Russell,4.0,4,11.0,0 days 00:00:42.506000,Finished,12.0,63.0,2022,4,Emilia Romagna Grand Prix
77,BOT,bottas,Alfa Romeo,alfa,Valtteri Bottas,5.0,5,7.0,0 days 00:00:43.181000,Finished,10.0,63.0,2022,4,Emilia Romagna Grand Prix
16,LEC,leclerc,Ferrari,ferrari,Charles Leclerc,6.0,6,2.0,0 days 00:00:56.072000,Finished,8.0,63.0,2022,4,Emilia Romagna Grand Prix
22,TSU,tsunoda,AlphaTauri,alphatauri,Yuki Tsunoda,7.0,7,12.0,0 days 00:01:01.110000,Finished,6.0,63.0,2022,4,Emilia Romagna Grand Prix
5,VET,vettel,Aston Martin,aston_martin,Sebastian Vettel,8.0,8,13.0,0 days 00:01:10.892000,Finished,4.0,63.0,2022,4,Emilia Romagna Grand Prix
20,MAG,kevin_magnussen,Haas F1 Team,haas,Kevin Magnussen,9.0,9,8.0,0 days 00:01:15.260000,Finished,2.0,63.0,2022,4,Emilia Romagna Grand Prix
18,STR,stroll,Aston Martin,aston_martin,Lance Stroll,10.0,10,15.0,,+1 Lap,1.0,62.0,2022,4,Emilia Romagna Grand Prix
23,ALB,albon,Williams,williams,Alexander Albon,11.0,11,18.0,,+1 Lap,0.0,62.0,2022,4,Emilia Romagna Grand Prix
10,GAS,gasly,AlphaTauri,alphatauri,Pierre Gasly,12.0,12,17.0,,+1 Lap,0.0,62.0,2022,4,Emilia Romagna Grand Prix
44,HAM,hamilton,Mercedes,mercedes,Lewis Hamilton,13.0,13,14.0,,+1 Lap,0.0,62.0,2022,4,Emilia Romagna Grand Prix
31,OCO,ocon,Alpine,alpine,Esteban Ocon,14.0,14,16.0,,+1 Lap,0.0,62.0,2022,4,Emilia Romagna Grand Prix
24,ZHO,zhou,Alfa Romeo,alfa,Guanyu Zhou,15.0,15,0.0,,+1 Lap,0.0,62.0,2022,4,Emilia Romagna Grand Prix
6,LAT,latifi,Williams,williams,Nicholas Latifi,16.0,16,19.0,,+1 Lap,0.0,62.0,2022,4,Emilia Romagna Grand Prix
47,MSC,mick_schumacher,Haas F1 Team,haas,Mick Schumacher,17.0,17,10.0,,+1 Lap,0.0,62.0,2022,4,Emilia Romagna Grand Prix
3,RIC,ricciardo,McLaren,mclaren,Daniel Ricciardo,18.0,18,6.0,,+1 Lap,0.0,62.0,2022,4,Emilia Romagna Grand Prix
14,ALO,alonso,Alpine,alpine,Fernando Alonso,19.0,R,9.0,,Collision damage,0.0,6.0,2022,4,Emilia Romagna Grand Prix
55,SAI,sainz,Ferrari,ferrari,Carlos Sainz,20.0,R,4.0,,Collision,0.0,0.0,2022,4,Emilia Romagna Grand Prix
1,VER,max_verstappen,Red Bull Racing,red_bull,Max Verstappen,1.0,1,3.0,0 days 01:34:24.258000,Finished,26.0,57.0,2022,5,Miami Grand Prix
16,LEC,leclerc,Ferrari,ferrari,Charles Leclerc,2.0,2,1.0,0 days 00:00:03.786000,Finished,18.0,57.0,2022,5,Miami Grand Prix
55,SAI,sainz,Ferrari,ferrari,Carlos Sainz,3.0,3,2.0,0 days 00:00:08.229000,Finished,15.0,57.0,2022,5,Miami Grand Prix
11,PER,perez,Red Bull Racing,red_bull,Sergio Perez,4.0,4,4.0,0 days 00:00:10.638000,Finished,12.0,57.0,2022,5,Miami Grand Prix
63,RUS,russell,Mercedes,mercedes,George Russell,5.0,5,12.0,0 days 00:00:18.582000,Finished,10.0,57.0,2022,5,Miami Grand Prix
44,HAM,hamilton,Mercedes,mercedes,Lewis Hamilton,6.0,6,6.0,0 days 00:00:21.368000,Finished,8.0,57.0,2022,5,Miami Grand Prix
77,BOT,bottas,Alfa Romeo,alfa,Valtteri Bottas,7.0,7,5.0,0 days 00:00:25.073000,Finished,6.0,57.0,2022,5,Miami Grand Prix
31,OCO,ocon,Alpine,alpine,Esteban Ocon,8.0,8,20.0,0 days 00:00:28.386000,Finished,4.0,57.0,2022,5,Miami Grand Prix
23,ALB,albon,Williams,williams,Alexander Albon,9.0,9,18.0,0 days 00:00:32.365000,Finished,2.0,57.0,2022,5,Miami Grand Prix
18,STR,stroll,Aston Martin,aston_martin,Lance Stroll,10.0,10,0.0,0 days 00:00:37.026000,Finished,1.0,57.0,2022,5,Miami Grand Prix
14,ALO,alonso,Alpine,alpine,Fernando Alonso,11.0,11,11.0,0 days 00:00:37.128000,Finished,0.0,57.0,2022,5,Miami Grand Prix
22,TSU,tsunoda,AlphaTauri,alphatauri,Yuki Tsunoda,12.0,12,9.0,0 days 00:00:40.146000,Finished,0.0,57.0,2022,5,Miami Grand Prix
3,RIC,ricciardo,McLaren,mclaren,Daniel Ricciardo,13.0,13,14.0,0 days 00:00:40.902000,Finished,0.0,57.0,2022,5,Miami Grand Prix
6,LAT,latifi,Williams,williams,Nicholas Latifi,14.0,14,19.0,0 days 00:00:49.936000,Finished,0.0,57.0,2022,5,Miami Grand Prix
47,MSC,mick_schumacher,Haas F1 Team,haas,Mick Schumacher,15.0,15,15.0,0 days 00:01:13.305000,Finished,0.0,57.0,2022,5,Miami Grand Prix
20,MAG,kevin_magnussen,Haas F1 Team,haas,Kevin Magnussen,16.0,16,16.0,,Front wing,0.0,56.0,2022,5,Miami Grand Prix
5,VET,vettel,Aston Martin,aston_martin,Sebastian Vettel,17.0,17,0.0,,Collision,0.0,54.0,2022,5,Miami Grand Prix
10,GAS,gasly,AlphaTauri,alphatauri,Pierre Gasly,18.0,R,7.0,,Suspension,0.0,45.0,2022,5,Miami Grand Prix
4,NOR,norris,McLaren,mclaren,Lando Norris,19.0,R,8.0,,Collision,0.0,39.0,2022,5,Miami Grand Prix
24,ZHO,zhou,Alfa Romeo,alfa,Guanyu Zhou,20.0,R,17.0,,Water leak,0.0,6.0,2022,5,Miami Grand Prix
1,VER,max_verstappen,Red Bull Racing,red_bull,Max Verstappen,1.0,1,2.0,0 days 01:37:20.475000,Finished,25.0,66.0,2022,6,Spanish Grand Prix
11,PER,perez,Red Bull Racing,red_bull,Sergio Perez,2.0,2,5.0,0 days 00:00:13.072000,Finished,19.0,66.0,2022,6,Spanish Grand Prix
63,RUS,russell,Mercedes,mercedes,George Russell,3.0,3,4.0,0 days 00:00:32.927000,Finished,15.0,66.0,2022,6,Spanish Grand Prix
55,SAI,sainz,Ferrari,ferrari,Carlos Sainz,4.0,4,3.0,0 days 00:00:45.208000,Finished,12.0,66.0,2022,6,Spanish Grand Prix
44,HAM,hamilton,Mercedes,mercedes,Lewis Hamilton,5.0,5,6.0,0 days 00:00:54.534000,Finished,10.0,66.0,2022,6,Spanish Grand Prix
77,BOT,bottas,Alfa Romeo,alfa,Valtteri Bottas,6.0,6,7.0,0 days 00:00:59.976000,Finished,8.0,66.0,2022,6,Spanish Grand Prix
31,OCO,ocon,Alpine,alpine,Esteban Ocon,7.0,7,12.0,0 days 00:01:15.397000,Finished,6.0,66.0,2022,6,Spanish Grand Prix
4,NOR,norris,McLaren,mclaren,Lando Norris,8.0,8,11.0,0 days 00:01:23.235000,Finished,4.0,66.0,2022,6,Spanish Grand Prix
14,ALO,alonso,Alpine,alpine,Fernando Alonso,9.0,9,20.0,,+1 Lap,2.0,65.0,2022,6,Spanish Grand Prix
22,TSU,tsunoda,AlphaTauri,alphatauri,Yuki Tsunoda,10.0,10,13.0,,+1 Lap,1.0,65.0,2022,6,Spanish Grand Prix
5,VET,vettel,Aston Martin,aston_martin,Sebastian Vettel,11.0,11,16.0,,+1 Lap,0.0,65.0,2022,6,Spanish Grand Prix
3,RIC,ricciardo,McLaren,mclaren,Daniel Ricciardo,12.0,12,9.0,,+1 Lap,0.0,65.0,2022,6,Spanish Grand Prix
10,GAS,gasly,AlphaTauri,alphatauri,Pierre Gasly,13.0,13,14.0,,+1 Lap,0.0,65.0,2022,6,Spanish Grand Prix
47,MSC,mick_schumacher,Haas F1 Team,haas,Mick Schumacher,14.0,14,10.0,,+1 Lap,0.0,65.0,2022,6,Spanish Grand Prix
18,STR,stroll,Aston Martin,aston_martin,Lance Stroll,15.0,15,17.0,,+1 Lap,0.0,65.0,2022,6,Spanish Grand Prix
6,LAT,latifi,Williams,williams,Nicholas Latifi,16.0,16,19.0,,+2 Laps,0.0,64.0,2022,6,Spanish Grand Prix
20,MAG,kevin_magnussen,Haas F1 Team,haas,Kevin Magnussen,17.0,17,8.0,,+2 Laps,0.0,64.0,2022,6,Spanish Grand Prix
23,ALB,albon,Williams,williams,Alexander Albon,18.0,18,18.0,,+2 Laps,0.0,64.0,2022,6,Spanish Grand Prix
24,ZHO,zhou,Alfa Romeo,alfa,Guanyu Zhou,19.0,R,15.0,,Power loss,0.0,28.0,2022,6,Spanish Grand Prix
16,LEC,leclerc,Ferrari,ferrari,Charles Leclerc,20.0,R,1.0,,Turbo,0.0,27.0,2022,6,Spanish Grand Prix
11,PER,perez,Red Bull Racing,red_bull,Sergio Perez,1.0,1,3.0,0 days 01:56:30.265000,Finished,25.0,64.0,2022,7,Monaco Grand Prix
55,SAI,sainz,Ferrari,ferrari,Carlos Sainz,2.0,2,2.0,0 days 00:00:01.154000,Finished,18.0,64.0,2022,7,Monaco Grand Prix
1,VER,max_verstappen,Red Bull Racing,red_bull,Max Verstappen,3.0,3,4.0,0 days 00:00:01.491000,Finished,15.0,64.0,2022,7,Monaco Grand Prix
16,LEC,leclerc,Ferrari,ferrari,Charles Leclerc,4.0,4,1.0,0 days 00:00:02.922000,Finished,12.0,64.0,2022,7,Monaco Grand Prix
63,RUS,russell,Mercedes,mercedes,George Russell,5.0,5,6.0,0 days 00:00:11.968000,Finished,10.0,64.0,2022,7,Monaco Grand Prix
4,NOR,norris,McLaren,mclaren,Lando Norris,6.0,6,5.0,0 days 00:00:12.231000,Finished,9.0,64.0,2022,7,Monaco Grand Prix
14,ALO,alonso,Alpine,alpine,Fernando Alonso,7.0,7,7.0,0 days 00:00:46.358000,Finished,6.0,64.0,2022,7,Monaco Grand Prix
44,HAM,hamilton,Mercedes,mercedes,Lewis Hamilton,8.0,8,8.0,0 days 00:00:50.388000,Finished,4.0,64.0,2022,7,Monaco Grand Prix
77,BOT,bottas,Alfa Romeo,alfa,Valtteri Bottas,9.0,9,12.0,0 days 00:00:52.525000,Finished,2.0,64.0,2022,7,Monaco Grand Prix
5,VET,vettel,Aston Martin,aston_martin,Sebastian Vettel,10.0,10,9.0,0 days 00:00:53.536000,Finished,1.0,64.0,2022,7,Monaco Grand Prix
10,GAS,gasly,AlphaTauri,alphatauri,Pierre Gasly,11.0,11,17.0,0 days 00:00:54.289000,Finished,0.0,64.0,2022,7,Monaco Grand Prix
31,OCO,ocon,Alpine,alpine,Esteban Ocon,12.0,12,10.0,0 days 00:00:55.644000,Finished,0.0,64.0,2022,7,Monaco Grand Prix
3,RIC,ricciardo,McLaren,mclaren,Daniel Ricciardo,13.0,13,14.0,0 days 00:00:57.635000,Finished,0.0,64.0,2022,7,Monaco Grand Prix
18,STR,stroll,Aston Martin,aston_martin,Lance Stroll,14.0,14,18.0,0 days 00:01:00.802000,Finished,0.0,64.0,2022,7,Monaco Grand Prix
6,LAT,latifi,Williams,williams,Nicholas Latifi,15.0,15,19.0,,+1 Lap,0.0,63.0,2022,7,Monaco Grand Prix
24,ZHO,zhou,Alfa Romeo,alfa,Guanyu Zhou,16.0,16,20.0,,+1 Lap,0.0,63.0,2022,7,Monaco Grand Prix
22,TSU,tsunoda,AlphaTauri,alphatauri,Yuki Tsunoda,17.0,17,11.0,,+1 Lap,0.0,63.0,2022,7,Monaco Grand Prix
23,ALB,albon,Williams,williams,Alexander Albon,18.0,R,16.0,,Mechanical,0.0,48.0,2022,7,Monaco Grand Prix
47,MSC,mick_schumacher,Haas F1 Team,haas,Mick Schumacher,19.0,R,15.0,,Accident,0.0,24.0,2022,7,Monaco Grand Prix
20,MAG,kevin_magnussen,Haas F1 Team,haas,Kevin Magnussen,20.0,R,13.0,,Water pressure,0.0,19.0,2022,7,Monaco Grand Prix
1,VER,max_verstappen,Red Bull Racing,red_bull,Max Verstappen,1.0,1,3.0,0 days 01:34:05.941000,Finished,25.0,51.0,2022,8,Azerbaijan Grand Prix
11,PER,perez,Red Bull Racing,red_bull,Sergio Perez,2.0,2,2.0,0 days 00:00:20.823000,Finished,19.0,51.0,2022,8,Azerbaijan Grand Prix
63,RUS,russell,Mercedes,mercedes,George Russell,3.0,3,5.0,0 days 00:00:45.995000,Finished,15.0,51.0,2022,8,Azerbaijan Grand Prix
44,HAM,hamilton,Mercedes,mercedes,Lewis Hamilton,4.0,4,7.0,0 days 00:01:11.679000,Finished,12.0,51.0,2022,8,Azerbaijan Grand Prix
10,GAS,gasly,AlphaTauri,alphatauri,Pierre Gasly,5.0,5,6.0,0 days 00:01:17.299000,Finished,10.0,51.0,2022,8,Azerbaijan Grand Prix
5,VET,vettel,Aston Martin,aston_martin,Sebastian Vettel,6.0,6,9.0,0 days 00:01:24.099000,Finished,8.0,51.0,2022,8,Azerbaijan Grand Prix
14,ALO,alonso,Alpine,alpine,Fernando Alonso,7.0,7,10.0,0 days 00:01:28.596000,Finished,6.0,51.0,2022,8,Azerbaijan Grand Prix
3,RIC,ricciardo,McLaren,mclaren,Daniel Ricciardo,8.0,8,12.0,0 days 00:01:32.207000,Finished,4.0,51.0,2022,8,Azerbaijan Grand Prix
4,NOR,norris,McLaren,mclaren,Lando Norris,9.0,9,11.0,0 days 00:01:32.556000,Finished,2.0,51.0,2022,8,Azerbaijan Grand Prix
31,OCO,ocon,Alpine,alpine,Esteban Ocon,10.0,10,13.0,0 days 00:01:48.184000,Finished,1.0,51.0,2022,8,Azerbaijan Grand Prix
77,BOT,bottas,Alfa Romeo,alfa,Valtteri Bottas,11.0,11,15.0,,+1 Lap,0.0,50.0,2022,8,Azerbaijan Grand Prix
23,ALB,albon,Williams,williams,Alexander Albon,12.0,12,17.0,,+1 Lap,0.0,50.0,2022,8,Azerbaijan Grand Prix
22,TSU,tsunoda,AlphaTauri,alphatauri,Yuki Tsunoda,13.0,13,8.0,,+1 Lap,0.0,50.0,2022,8,Azerbaijan Grand Prix
47,MSC,mick_schumacher,Haas F1 Team,haas,Mick Schumacher,14.0,14,20.0,,+1 Lap,0.0,50.0,2022,8,Azerbaijan Grand Prix
6,LAT,latifi,Williams,williams,Nicholas Latifi,15.0,15,18.0,,+1 Lap,0.0,50.0,2022,8,Azerbaijan Grand Prix
18,STR,stroll,Aston Martin,aston_martin,Lance Stroll,16.0,16,19.0,,Vibrations,0.0,46.0,2022,8,Azerbaijan Grand Prix
20,MAG,kevin_magnussen,Haas F1 Team,haas,Kevin Magnussen,17.0,R,16.0,,Power Unit,0.0,31.0,2022,8,Azerbaijan Grand Prix
24,ZHO,zhou,Alfa Romeo,alfa,Guanyu Zhou,18.0,R,14.0,,Hydraulics,0.0,23.0,2022,8,Azerbaijan Grand Prix
16,LEC,leclerc,Ferrari,ferrari,Charles Leclerc,19.0,R,1.0,,Power Unit,0.0,21.0,2022,8,Azerbaijan Grand Prix
55,SAI,sainz,Ferrari,ferrari,Carlos Sainz,20.0,R,4.0,,Hydraulics,0.0,8.0,2022,8,Azerbaijan Grand Prix
1,VER,max_verstappen,Red Bull Racing,red_bull,Max Verstappen,1.0,1,1.0,0 days 01:36:21.757000,Finished,25.0,70.0,2022,9,Canadian Grand Prix
55,SAI,sainz,Ferrari,ferrari,Carlos Sainz,2.0,2,3.0,0 days 00:00:00.993000,Finished,19.0,70.0,2022,9,Canadian Grand Prix
44,HAM,hamilton,Mercedes,mercedes,Lewis Hamilton,3.0,3,4.0,0 days 00:00:07.006000,Finished,15.0,70.0,2022,9,Canadian Grand Prix
63,RUS,russell,Mercedes,mercedes,George Russell,4.0,4,8.0,0 days 00:00:12.313000,Finished,12.0,70.0,2022,9,Canadian Grand Prix
16,LEC,leclerc,Ferrari,ferrari,Charles Leclerc,5.0,5,19.0,0 days 00:00:15.168000,Finished,10.0,70.0,2022,9,Canadian Grand Prix
31,OCO,ocon,Alpine,alpine,Esteban Ocon,6.0,6,7.0,0 days 00:00:23.890000,Finished,8.0,70.0,2022,9,Canadian Grand Prix
77,BOT,bottas,Alfa Romeo,alfa,Valtteri Bottas,7.0,7,11.0,0 days 00:00:25.247000,Finished,6.0,70.0,2022,9,Canadian Grand Prix
24,ZHO,zhou,Alfa Romeo,alfa,Guanyu Zhou,8.0,8,10.0,0 days 00:00:26.952000,Finished,4.0,70.0,2022,9,Canadian Grand Prix
14,ALO,alonso,Alpine,alpine,Fernando Alonso,9.0,9,2.0,0 days 00:00:29.945000,Finished,2.0,70.0,2022,9,Canadian Grand Prix
18,STR,stroll,Aston Martin,aston_martin,Lance Stroll,10.0,10,17.0,0 days 00:00:38.222000,Finished,1.0,70.0,2022,9,Canadian Grand Prix
3,RIC,ricciardo,McLaren,mclaren,Daniel Ricciardo,11.0,11,9.0,0 days 00:00:43.047000,Finished,0.0,70.0,2022,9,Canadian Grand Prix
5,VET,vettel,Aston Martin,aston_martin,Sebastian Vettel,12.0,12,16.0,0 days 00:00:44.245000,Finished,0.0,70.0,2022,9,Canadian Grand Prix
23,ALB,albon,Williams,williams,Alexander Albon,13.0,13,12.0,0 days 00:00:44.893000,Finished,0.0,70.0,2022,9,Canadian Grand Prix
10,GAS,gasly,AlphaTauri,alphatauri,Pierre Gasly,14.0,14,15.0,0 days 00:00:45.183000,Finished,0.0,70.0,2022,9,Canadian Grand Prix
4,NOR,norris,McLaren,mclaren,Lando Norris,15.0,15,14.0,0 days 00:00:52.145000,Finished,0.0,70.0,2022,9,Canadian Grand Prix
6,LAT,latifi,Williams,williams,Nicholas Latifi,16.0,16,18.0,0 days 00:00:59.978000,Finished,0.0,70.0,2022,9,Canadian Grand Prix
20,MAG,kevin_magnussen,Haas F1 Team,haas,Kevin Magnussen,17.0,17,5.0,0 days 00:01:08.180000,Finished,0.0,70.0,2022,9,Canadian Grand Prix
22,TSU,tsunoda,AlphaTauri,alphatauri,Yuki Tsunoda,18.0,R,20.0,,Accident,0.0,47.0,2022,9,Canadian Grand Prix
47,MSC,mick_schumacher,Haas F1 Team,haas,Mick Schumacher,19.0,R,6.0,,Engine,0.0,18.0,2022,9,Canadian Grand Prix
11,PER,perez,Red Bull Racing,red_bull,Sergio Perez,20.0,R,13.0,,Gearbox,0.0,7.0,2022,9,Canadian Grand Prix
55,SAI,sainz,Ferrari,ferrari,Carlos Sainz,1.0,1,1.0,0 days 02:17:50.311000,Finished,25.0,52.0,2022,10,British Grand Prix
11,PER,perez,Red Bull Racing,red_bull,Sergio Perez,2.0,2,4.0,0 days 00:00:03.779000,Finished,18.0,52.0,2022,10,British Grand Prix
44,HAM,hamilton,Mercedes,mercedes,Lewis Hamilton,3.0,3,5.0,0 days 00:00:06.225000,Finished,16.0,52.0,2022,10,British Grand Prix
16,LEC,leclerc,Ferrari,ferrari,Charles Leclerc,4.0,4,3.0,0 days 00:00:08.546000,Finished,12.0,52.0,2022,10,British Grand Prix
14,ALO,alonso,Alpine,alpine,Fernando Alonso,5.0,5,7.0,0 days 00:00:09.571000,Finished,10.0,52.0,2022,10,British Grand Prix
4,NOR,norris,McLaren,mclaren,Lando Norris,6.0,6,6.0,0 days 00:00:11.943000,Finished,8.0,52.0,2022,10,British Grand Prix
1,VER,max_verstappen,Red Bull Racing,red_bull,Max Verstappen,7.0,7,2.0,0 days 00:00:18.777000,Finished,6.0,52.0,2022,10,British Grand Prix
47,MSC,mick_schumacher,Haas F1 Team,haas,Mick Schumacher,8.0,8,19.0,0 days 00:00:18.995000,Finished,4.0,52.0,2022,10,British Grand Prix
5,VET,vettel,Aston Martin,aston_martin,Sebastian Vettel,9.0,9,18.0,0 days 00:00:22.356000,Finished,2.0,52.0,2022,10,British Grand Prix
20,MAG,kevin_magnussen,Haas F1 Team,haas,Kevin Magnussen,10.0,10,17.0,0 days 00:00:24.590000,Finished,1.0,52.0,2022,10,British Grand Prix
18,STR,stroll,Aston Martin,aston_martin,Lance Stroll,11.0,11,20.0,0 days 00:00:26.147000,Finished,0.0,52.0,2022,10,British Grand Prix
6,LAT,latifi,Williams,williams,Nicholas Latifi,12.0,12,10.0,0 days 00:00:32.511000,Finished,0.0,52.0,2022,10,British Grand Prix
3,RIC,ricciardo,McLaren,mclaren,Daniel Ricciardo,13.0,13,14.0,0 days 00:00:32.817000,Finished,0.0,52.0,2022,10,British Grand Prix
22,TSU,tsunoda,AlphaTauri,alphatauri,Yuki Tsunoda,14.0,14,13.0,0 days 00:00:40.910000,Finished,0.0,52.0,2022,10,British Grand Prix
31,OCO,ocon,Alpine,alpine,Esteban Ocon,15.0,R,15.0,,Fuel pump,0.0,37.0,2022,10,British Grand Prix
10,GAS,gasly,AlphaTauri,alphatauri,Pierre Gasly,16.0,R,11.0,,Collision damage,0.0,26.0,2022,10,British Grand Prix
77,BOT,bottas,Alfa Romeo,alfa,Valtteri Bottas,17.0,R,12.0,,Gearbox,0.0,20.0,2022,10,British Grand Prix
63,RUS,russell,Mercedes,mercedes,George Russell,18.0,R,8.0,,Collision,0.0,0.0,2022,10,British Grand Prix
24,ZHO,zhou,Alfa Romeo,alfa,Guanyu Zhou,19.0,R,9.0,,Collision,0.0,0.0,2022,10,British Grand Prix
23,ALB,albon,Williams,williams,Alexander Albon,20.0,R,16.0,,Collision,0.0,0.0,2022,10,British Grand Prix
16,LEC,leclerc,Ferrari,ferrari,Charles Leclerc,1.0,1,2.0,0 days 01:24:24.312000,Finished,25.0,71.0,2022,11,Austrian Grand Prix
1,VER,max_verstappen,Red Bull Racing,red_bull,Max Verstappen,2.0,2,1.0,0 days 00:00:01.532000,Finished,19.0,71.0,2022,11,Austrian Grand Prix
44,HAM,hamilton,Mercedes,mercedes,Lewis Hamilton,3.0,3,8.0,0 days 00:00:41.217000,Finished,15.0,71.0,2022,11,Austrian Grand Prix
63,RUS,russell,Mercedes,mercedes,George Russell,4.0,4,4.0,0 days 00:00:58.972000,Finished,12.0,71.0,2022,11,Austrian Grand Prix
31,OCO,ocon,Alpine,alpine,Esteban Ocon,5.0,5,6.0,0 days 00:01:08.436000,Finished,10.0,71.0,2022,11,Austrian Grand Prix
47,MSC,mick_schumacher,Haas F1 Team,haas,Mick Schumacher,6.0,6,9.0,,+1 Lap,8.0,70.0,2022,11,Austrian Grand Prix
4,NOR,norris,McLaren,mclaren,Lando Norris,7.0,7,10.0,,+1 Lap,6.0,70.0,2022,11,Austrian Grand Prix
20,MAG,kevin_magnussen,Haas F1 Team,haas,Kevin Magnussen,8.0,8,7.0,,+1 Lap,4.0,70.0,2022,11,Austrian Grand Prix
3,RIC,ricciardo,McLaren,mclaren,Daniel Ricciardo,9.0,9,11.0,,+1 Lap,2.0,70.0,2022,11,Austrian Grand Prix
14,ALO,alonso,Alpine,alpine,Fernando Alonso,10.0,10,19.0,,+1 Lap,1.0,70.0,2022,11,Austrian Grand Prix
77,BOT,bottas,Alfa Romeo,alfa,Valtteri Bottas,11.0,11,0.0,,+1 Lap,0.0,70.0,2022,11,Austrian Grand Prix
23,ALB,albon,Williams,williams,Alexander Albon,12.0,12,15.0,,+1 Lap,0.0,70.0,2022,11,Austrian Grand Prix
18,STR,stroll,Aston Martin,aston_martin,Lance Stroll,13.0,13,12.0,,+1 Lap,0.0,70.0,2022,11,Austrian Grand Prix
24,ZHO,zhou,Alfa Romeo,alfa,Guanyu Zhou,14.0,14,13.0,,+1 Lap,0.0,70.0,2022,11,Austrian Grand Prix
10,GAS,gasly,AlphaTauri,alphatauri,Pierre Gasly,15.0,15,14.0,,+1 Lap,0.0,70.0,2022,11,Austrian Grand Prix
22,TSU,tsunoda,AlphaTauri,alphatauri,Yuki Tsunoda,16.0,16,16.0,,+1 Lap,0.0,70.0,2022,11,Austrian Grand Prix
5,VET,vettel,Aston Martin,aston_martin,Sebastian Vettel,17.0,17,18.0,,+1 Lap,0.0,70.0,2022,11,Austrian Grand Prix
55,SAI,sainz,Ferrari,ferrari,Carlos Sainz,18.0,R,3.0,,Power Unit,0.0,56.0,2022,11,Austrian Grand Prix
6,LAT,latifi,Williams,williams,Nicholas Latifi,19.0,R,17.0,,Undertray,0.0,48.0,2022,11,Austrian Grand Prix
11,PER,perez,Red Bull Racing,red_bull,Sergio Perez,20.0,R,5.0,,Collision damage,0.0,24.0,2022,11,Austrian Grand Prix
1,VER,max_verstappen,Red Bull Racing,red_bull,Max Verstappen,1.0,1,2.0,0 days 01:30:02.112000,Finished,25.0,53.0,2022,12,French Grand Prix
44,HAM,hamilton,Mercedes,mercedes,Lewis Hamilton,2.0,2,4.0,0 days 00:00:10.587000,Finished,18.0,53.0,2022,12,French Grand Prix
63,RUS,russell,Mercedes,mercedes,George Russell,3.0,3,6.0,0 days 00:00:16.495000,Finished,15.0,53.0,2022,12,French Grand Prix
11,PER,perez,Red Bull Racing,red_bull,Sergio Perez,4.0,4,3.0,0 days 00:00:17.310000,Finished,12.0,53.0,2022,12,French Grand Prix
55,SAI,sainz,Ferrari,ferrari,Carlos Sainz,5.0,5,19.0,0 days 00:00:28.872000,Finished,11.0,53.0,2022,12,French Grand Prix
14,ALO,alonso,Alpine,alpine,Fernando Alonso,6.0,6,7.0,0 days 00:00:42.879000,Finished,8.0,53.0,2022,12,French Grand Prix
4,NOR,norris,McLaren,mclaren,Lando Norris,7.0,7,5.0,0 days 00:00:52.026000,Finished,6.0,53.0,2022,12,French Grand Prix
31,OCO,ocon,Alpine,alpine,Esteban Ocon,8.0,8,10.0,0 days 00:00:56.959000,Finished,4.0,53.0,2022,12,French Grand Prix
3,RIC,ricciardo,McLaren,mclaren,Daniel Ricciardo,9.0,9,9.0,0 days 00:01:00.372000,Finished,2.0,53.0,2022,12,French Grand Prix
18,STR,stroll,Aston Martin,aston_martin,Lance Stroll,10.0,10,15.0,0 days 00:01:02.549000,Finished,1.0,53.0,2022,12,French Grand Prix
5,VET,vettel,Aston Martin,aston_martin,Sebastian Vettel,11.0,11,12.0,0 days 00:01:04.494000,Finished,0.0,53.0,2022,12,French Grand Prix
10,GAS,gasly,AlphaTauri,alphatauri,Pierre Gasly,12.0,12,14.0,0 days 00:01:05.448000,Finished,0.0,53.0,2022,12,French Grand Prix
23,ALB,albon,Williams,williams,Alexander Albon,13.0,13,13.0,0 days 00:01:08.565000,Finished,0.0,53.0,2022,12,French Grand Prix
77,BOT,bottas,Alfa Romeo,alfa,Valtteri Bottas,14.0,14,11.0,0 days 00:01:16.666000,Finished,0.0,53.0,2022,12,French Grand Prix
47,MSC,mick_schumacher,Haas F1 Team,haas,Mick Schumacher,15.0,15,17.0,0 days 00:01:20.394000,Finished,0.0,53.0,2022,12,French Grand Prix
24,ZHO,zhou,Alfa Romeo,alfa,Guanyu Zhou,16.0,16,16.0,,+6 Laps,0.0,47.0,2022,12,French Grand Prix
6,LAT,latifi,Williams,williams,Nicholas Latifi,17.0,R,18.0,,Collision damage,0.0,40.0,2022,12,French Grand Prix
20,MAG,kevin_magnussen,Haas F1 Team,haas,Kevin Magnussen,18.0,R,20.0,,Collision damage,0.0,37.0,2022,12,French Grand Prix
16,LEC,leclerc,Ferrari,ferrari,Charles Leclerc,19.0,R,1.0,,Accident,0.0,17.0,2022,12,French Grand Prix
22,TSU,tsunoda,AlphaTauri,alphatauri,Yuki Tsunoda,20.0,R,8.0,,Undertray,0.0,17.0,2022,12,French Grand Prix
1,VER,max_verstappen,Red Bull Racing,red_bull,Max Verstappen,1.0,1,10.0,0 days 01:39:35.912000,Finished,25.0,70.0,2022,13,Hungarian Grand Prix
44,HAM,hamilton,Mercedes,mercedes,Lewis Hamilton,2.0,2,7.0,0 days 00:00:07.834000,Finished,19.0,70.0,2022,13,Hungarian Grand Prix
63,RUS,russell,Mercedes,mercedes,George Russell,3.0,3,1.0,0 days 00:00:12.337000,Finished,15.0,70.0,2022,13,Hungarian Grand Prix
55,SAI,sainz,Ferrari,ferrari,Carlos Sainz,4.0,4,2.0,0 days 00:00:14.579000,Finished,12.0,70.0,2022,13,Hungarian Grand Prix
11,PER,perez,Red Bull Racing,red_bull,Sergio Perez,5.0,5,11.0,0 days 00:00:15.688000,Finished,10.0,70.0,2022,13,Hungarian Grand Prix
16,LEC,leclerc,Ferrari,ferrari,Charles Leclerc,6.0,6,3.0,0 days 00:00:16.047000,Finished,8.0,70.0,2022,13,Hungarian Grand Prix
4,NOR,norris,McLaren,mclaren,Lando Norris,7.0,7,4.0,0 days 00:01:18.300000,Finished,6.0,70.0,2022,13,Hungarian Grand Prix
14,ALO,alonso,Alpine,alpine,Fernando Alonso,8.0,8,6.0,,+1 Lap,4.0,69.0,2022,13,Hungarian Grand Prix
31,OCO,ocon,Alpine,alpine,Esteban Ocon,9.0,9,5.0,,+1 Lap,2.0,69.0,2022,13,Hungarian Grand Prix
5,VET,vettel,Aston Martin,aston_martin,Sebastian Vettel,10.0,10,18.0,,+1 Lap,1.0,69.0,2022,13,Hungarian Grand Prix
18,STR,stroll,Aston Martin,aston_martin,Lance Stroll,11.0,11,14.0,,+1 Lap,0.0,69.0,2022,13,Hungarian Grand Prix
10,GAS,gasly,AlphaTauri,alphatauri,Pierre Gasly,12.0,12,0.0,,+1 Lap,0.0,69.0,2022,13,Hungarian Grand Prix
24,ZHO,zhou,Alfa Romeo,alfa,Guanyu Zhou,13.0,13,12.0,,+1 Lap,0.0,69.0,2022,13,Hungarian Grand Prix
47,MSC,mick_schumacher,Haas F1 Team,haas,Mick Schumacher,14.0,14,15.0,,+1 Lap,0.0,69.0,2022,13,Hungarian Grand Prix
3,RIC,ricciardo,McLaren,mclaren,Daniel Ricciardo,15.0,15,9.0,,+1 Lap,0.0,69.0,2022,13,Hungarian Grand Prix
20,MAG,kevin_magnussen,Haas F1 Team,haas,Kevin Magnussen,16.0,16,13.0,,+1 Lap,0.0,69.0,2022,13,Hungarian Grand Prix
23,ALB,albon,Williams,williams,Alexander Albon,17.0,17,17.0,,+1 Lap,0.0,69.0,2022,13,Hungarian Grand Prix
6,LAT,latifi,Williams,williams,Nicholas Latifi,18.0,18,19.0,,+1 Lap,0.0,69.0,2022,13,Hungarian Grand Prix
22,TSU,tsunoda,AlphaTauri,alphatauri,Yuki Tsunoda,19.0,19,16.0,,+2 Laps,0.0,68.0,2022,13,Hungarian Grand Prix
77,BOT,bottas,Alfa Romeo,alfa,Valtteri Bottas,20.0,20,8.0,,Power Unit,0.0,65.0,2022,13,Hungarian Grand Prix
1,VER,max_verstappen,Red Bull Racing,red_bull,Max Verstappen,1.0,1,14.0,0 days 01:25:52.894000,Finished,26.0,44.0,2022,14,Belgian Grand Prix
11,PER,perez,Red Bull Racing,red_bull,Sergio Perez,2.0,2,2.0,0 days 00:00:17.841000,Finished,18.0,44.0,2022,14,Belgian Grand Prix
55,SAI,sainz,Ferrari,ferrari,Carlos Sainz,3.0,3,1.0,0 days 00:00:26.886000,Finished,15.0,44.0,2022,14,Belgian Grand Prix
63,RUS,russell,Mercedes,mercedes,George Russell,4.0,4,5.0,0 days 00:00:29.140000,Finished,12.0,44.0,2022,14,Belgian Grand Prix
14,ALO,alonso,Alpine,alpine,Fernando Alonso,5.0,5,3.0,0 days 00:01:13.256000,Finished,10.0,44.0,2022,14,Belgian Grand Prix
16,LEC,leclerc,Ferrari,ferrari,Charles Leclerc,6.0,6,15.0,0 days 00:01:14.936000,Finished,8.0,44.0,2022,14,Belgian Grand Prix
31,OCO,ocon,Alpine,alpine,Esteban Ocon,7.0,7,16.0,0 days 00:01:15.640000,Finished,6.0,44.0,2022,14,Belgian Grand Prix
5,VET,vettel,Aston Martin,aston_martin,Sebastian Vettel,8.0,8,10.0,0 days 00:01:18.107000,Finished,4.0,44.0,2022,14,Belgian Grand Prix
10,GAS,gasly,AlphaTauri,alphatauri,Pierre Gasly,9.0,9,0.0,0 days 00:01:32.181000,Finished,2.0,44.0,2022,14,Belgian Grand Prix
23,ALB,albon,Williams,williams,Alexander Albon,10.0,10,6.0,0 days 00:01:41.900000,Finished,1.0,44.0,2022,14,Belgian Grand Prix
18,STR,stroll,Aston Martin,aston_martin,Lance Stroll,11.0,11,9.0,0 days 00:01:43.078000,Finished,0.0,44.0,2022,14,Belgian Grand Prix
4,NOR,norris,McLaren,mclaren,Lando Norris,12.0,12,17.0,0 days 00:01:44.739000,Finished,0.0,44.0,2022,14,Belgian Grand Prix
22,TSU,tsunoda,AlphaTauri,alphatauri,Yuki Tsunoda,13.0,13,0.0,0 days 00:01:45.217000,Finished,0.0,44.0,2022,14,Belgian Grand Prix
24,ZHO,zhou,Alfa Romeo,alfa,Guanyu Zhou,14.0,14,18.0,0 days 00:01:46.252000,Finished,0.0,44.0,2022,14,Belgian Grand Prix
3,RIC,ricciardo,McLaren,mclaren,Daniel Ricciardo,15.0,15,7.0,0 days 00:01:47.163000,Finished,0.0,44.0,2022,14,Belgian Grand Prix
20,MAG,kevin_magnussen,Haas F1 Team,haas,Kevin Magnussen,16.0,16,12.0,,+1 Lap,0.0,43.0,2022,14,Belgian Grand Prix
47,MSC,mick_schumacher,Haas F1 Team,haas,Mick Schumacher,17.0,17,19.0,,+1 Lap,0.0,43.0,2022,14,Belgian Grand Prix
6,LAT,latifi,Williams,williams,Nicholas Latifi,18.0,18,11.0,,+1 Lap,0.0,43.0,2022,14,Belgian Grand Prix
77,BOT,bottas,Alfa Romeo,alfa,Valtteri Bottas,19.0,R,13.0,,Accident,0.0,1.0,2022,14,Belgian Grand Prix
44,HAM,hamilton,Mercedes,mercedes,Lewis Hamilton,20.0,R,4.0,,Collision damage,0.0,0.0,2022,14,Belgian Grand Prix
1,VER,max_verstappen,Red Bull Racing,red_bull,Max Verstappen,1.0,1,1.0,0 days 01:36:42.773000,Finished,26.0,72.0,2022,15,Dutch Grand Prix
63,RUS,russell,Mercedes,mercedes,George Russell,2.0,2,6.0,0 days 00:00:04.071000,Finished,18.0,72.0,2022,15,Dutch Grand Prix
16,LEC,leclerc,Ferrari,ferrari,Charles Leclerc,3.0,3,2.0,0 days 00:00:10.929000,Finished,15.0,72.0,2022,15,Dutch Grand Prix
44,HAM,hamilton,Mercedes,mercedes,Lewis Hamilton,4.0,4,4.0,0 days 00:00:13.016000,Finished,12.0,72.0,2022,15,Dutch Grand Prix
11,PER,perez,Red Bull Racing,red_bull,Sergio Perez,5.0,5,5.0,0 days 00:00:18.168000,Finished,10.0,72.0,2022,15,Dutch Grand Prix
14,ALO,alonso,Alpine,alpine,Fernando Alonso,6.0,6,13.0,0 days 00:00:18.754000,Finished,8.0,72.0,2022,15,Dutch Grand Prix
4,NOR,norris,McLaren,mclaren,Lando Norris,7.0,7,7.0,0 days 00:00:19.306000,Finished,6.0,72.0,2022,15,Dutch Grand Prix
55,SAI,sainz,Ferrari,ferrari,Carlos Sainz,8.0,8,3.0,0 days 00:00:20.916000,Finished,4.0,72.0,2022,15,Dutch Grand Prix
31,OCO,ocon,Alpine,alpine,Esteban Ocon,9.0,9,12.0,0 days 00:00:21.117000,Finished,2.0,72.0,2022,15,Dutch Grand Prix
18,STR,stroll,Aston Martin,aston_martin,Lance Stroll,10.0,10,10.0,0 days 00:00:22.459000,Finished,1.0,72.0,2022,15,Dutch Grand Prix
10,GAS,gasly,AlphaTauri,alphatauri,Pierre Gasly,11.0,11,11.0,0 days 00:00:27.009000,Finished,0.0,72.0,2022,15,Dutch Grand Prix
23,ALB,albon,Williams,williams,Alexander Albon,12.0,12,15.0,0 days 00:00:30.390000,Finished,0.0,72.0,2022,15,Dutch Grand Prix
47,MSC,mick_schumacher,Haas F1 Team,haas,Mick Schumacher,13.0,13,8.0,0 days 00:00:32.995000,Finished,0.0,72.0,2022,15,Dutch Grand Prix
5,VET,vettel,Aston Martin,aston_martin,Sebastian Vettel,14.0,14,19.0,0 days 00:00:36.007000,Finished,0.0,72.0,2022,15,Dutch Grand Prix
20,MAG,kevin_magnussen,Haas F1 Team,haas,Kevin Magnussen,15.0,15,18.0,0 days 00:00:36.869000,Finished,0.0,72.0,2022,15,Dutch Grand Prix
24,ZHO,zhou,Alfa Romeo,alfa,Guanyu Zhou,16.0,16,14.0,0 days 00:00:37.320000,Finished,0.0,72.0,2022,15,Dutch Grand Prix
3,RIC,ricciardo,McLaren,mclaren,Daniel Ricciardo,17.0,17,17.0,0 days 00:00:37.764000,Finished,0.0,72.0,2022,15,Dutch Grand Prix
6,LAT,latifi,Williams,williams,Nicholas Latifi,18.0,18,20.0,,+1 Lap,0.0,71.0,2022,15,Dutch Grand Prix
77,BOT,bottas,Alfa Romeo,alfa,Valtteri Bottas,19.0,R,16.0,,Engine,0.0,53.0,2022,15,Dutch Grand Prix
22,TSU,tsunoda,AlphaTauri,alphatauri,Yuki Tsunoda,20.0,R,9.0,,Differential,0.0,43.0,2022,15,Dutch Grand Prix
1,VER,max_verstappen,Red Bull Racing,red_bull,Max Verstappen,1.0,1,7.0,0 days 01:20:27.511000,Finished,25.0,53.0,2022,16,Italian Grand Prix
16,LEC,leclerc,Ferrari,ferrari,Charles Leclerc,2.0,2,1.0,0 days 00:00:02.446000,Finished,18.0,53.0,2022,16,Italian Grand Prix
63,RUS,russell,Mercedes,mercedes,George Russell,3.0,3,2.0,0 days 00:00:03.405000,Finished,15.0,53.0,2022,16,Italian Grand Prix
55,SAI,sainz,Ferrari,ferrari,Carlos Sainz,4.0,4,18.0,0 days 00:00:05.061000,Finished,12.0,53.0,2022,16,Italian Grand Prix
44,HAM,hamilton,Mercedes,mercedes,Lewis Hamilton,5.0,5,19.0,0 days 00:00:05.380000,Finished,10.0,53.0,2022,16,Italian Grand Prix
11,PER,perez,Red Bull Racing,red_bull,Sergio Perez,6.0,6,13.0,0 days 00:00:06.091000,Finished,9.0,53.0,2022,16,Italian Grand Prix
4,NOR,norris,McLaren,mclaren,Lando Norris,7.0,7,3.0,0 days 00:00:06.207000,Finished,6.0,53.0,2022,16,Italian Grand Prix
10,GAS,gasly,AlphaTauri,alphatauri,Pierre Gasly,8.0,8,5.0,0 days 00:00:06.396000,Finished,4.0,53.0,2022,16,Italian Grand Prix
45,DEV,de_vries,Williams,williams,Nyck De Vries,9.0,9,8.0,0 days 00:00:07.122000,Finished,2.0,53.0,2022,16,Italian Grand Prix
24,ZHO,zhou,Alfa Romeo,alfa,Guanyu Zhou,10.0,10,9.0,0 days 00:00:07.910000,Finished,1.0,53.0,2022,16,Italian Grand Prix
31,OCO,ocon,Alpine,alpine,Esteban Ocon,11.0,11,14.0,0 days 00:00:08.323000,Finished,0.0,53.0,2022,16,Italian Grand Prix
47,MSC,mick_schumacher,Haas F1 Team,haas,Mick Schumacher,12.0,12,17.0,0 days 00:00:08.549000,Finished,0.0,53.0,2022,16,Italian Grand Prix
77,BOT,bottas,Alfa Romeo,alfa,Valtteri Bottas,13.0,13,15.0,,+1 Lap,0.0,52.0,2022,16,Italian Grand Prix
22,TSU,tsunoda,AlphaTauri,alphatauri,Yuki Tsunoda,14.0,14,20.0,,+1 Lap,0.0,52.0,2022,16,Italian Grand Prix
6,LAT,latifi,Williams,williams,Nicholas Latifi,15.0,15,10.0,,+1 Lap,0.0,52.0,2022,16,Italian Grand Prix
20,MAG,kevin_magnussen,Haas F1 Team,haas,Kevin Magnussen,16.0,16,16.0,,+1 Lap,0.0,52.0,2022,16,Italian Grand Prix
3,RIC,ricciardo,McLaren,mclaren,Daniel Ricciardo,17.0,R,4.0,,Oil leak,0.0,45.0,2022,16,Italian Grand Prix
18,STR,stroll,Aston Martin,aston_martin,Lance Stroll,18.0,R,12.0,,Engine,0.0,39.0,2022,16,Italian Grand Prix
14,ALO,alonso,Alpine,alpine,Fernando Alonso,19.0,R,6.0,,Water pressure,0.0,31.0,2022,16,Italian Grand Prix
5,VET,vettel,Aston Martin,aston_martin,Sebastian Vettel,20.0,R,11.0,,Engine,0.0,10.0,2022,16,Italian Grand Prix
11,PER,perez,Red Bull Racing,red_bull,Sergio Perez,1.0,1,2.0,0 days 02:02:20.238000,Finished,25.0,59.0,2022,17,Singapore Grand Prix
16,LEC,leclerc,Ferrari,ferrari,Charles Leclerc,2.0,2,1.0,0 days 00:00:02.595000,Finished,18.0,59.0,2022,17,Singapore Grand Prix
55,SAI,sainz,Ferrari,ferrari,Carlos Sainz,3.0,3,4.0,0 days 00:00:10.305000,Finished,15.0,59.0,2022,17,Singapore Grand Prix
4,NOR,norris,McLaren,mclaren,Lando Norris,4.0,4,6.0,0 days 00:00:21.133000,Finished,12.0,59.0,2022,17,Singapore Grand Prix
3,RIC,ricciardo,McLaren,mclaren,Daniel Ricciardo,5.0,5,16.0,0 days 00:00:53.282000,Finished,10.0,59.0,2022,17,Singapore Grand Prix
18,STR,stroll,Aston Martin,aston_martin,Lance Stroll,6.0,6,11.0,0 days 00:00:56.330000,Finished,8.0,59.0,2022,17,Singapore Grand Prix
1,VER,max_verstappen,Red Bull Racing,red_bull,Max Verstappen,7.0,7,8.0,0 days 00:00:58.825000,Finished,6.0,59.0,2022,17,Singapore Grand Prix
5,VET,vettel,Aston Martin,aston_martin,Sebastian Vettel,8.0,8,13.0,0 days 00:01:00.032000,Finished,4.0,59.0,2022,17,Singapore Grand Prix
44,HAM,hamilton,Mercedes,mercedes,Lewis Hamilton,9.0,9,3.0,0 days 00:01:01.515000,Finished,2.0,59.0,2022,17,Singapore Grand Prix
10,GAS,gasly,AlphaTauri,alphatauri,Pierre Gasly,10.0,10,7.0,0 days 00:01:09.576000,Finished,1.0,59.0,2022,17,Singapore Grand Prix
77,BOT,bottas,Alfa Romeo,alfa,Valtteri Bottas,11.0,11,15.0,0 days 00:01:28.844000,Finished,0.0,59.0,2022,17,Singapore Grand Prix
20,MAG,kevin_magnussen,Haas F1 Team,haas,Kevin Magnussen,12.0,12,9.0,0 days 00:01:32.610000,Finished,0.0,59.0,2022,17,Singapore Grand Prix
47,MSC,mick_schumacher,Haas F1 Team,haas,Mick Schumacher,13.0,13,12.0,,+1 Lap,0.0,58.0,2022,17,Singapore Grand Prix
63,RUS,russell,Mercedes,mercedes,George Russell,14.0,14,0.0,,+2 Laps,0.0,57.0,2022,17,Singapore Grand Prix
22,TSU,tsunoda,AlphaTauri,alphatauri,Yuki Tsunoda,15.0,R,10.0,,Accident,0.0,34.0,2022,17,Singapore Grand Prix
31,OCO,ocon,Alpine,alpine,Esteban Ocon,16.0,R,17.0,,Engine,0.0,26.0,2022,17,Singapore Grand Prix
23,ALB,albon,Williams,williams,Alexander Albon,17.0,R,18.0,,Collision damage,0.0,25.0,2022,17,Singapore Grand Prix
14,ALO,alonso,Alpine,alpine,Fernando Alonso,18.0,R,5.0,,Engine,0.0,20.0,2022,17,Singapore Grand Prix
6,LAT,latifi,Williams,williams,Nicholas Latifi,19.0,R,19.0,,Collision damage,0.0,7.0,2022,17,Singapore Grand Prix
24,ZHO,zhou,Alfa Romeo,alfa,Guanyu Zhou,20.0,R,14.0,,Collision,0.0,6.0,2022,17,Singapore Grand Prix
1,VER,max_verstappen,Red Bull Racing,red_bull,Max Verstappen,1.0,1,1.0,0 days 03:01:44.004000,Finished,25.0,28.0,2022,18,Japanese Grand Prix
11,PER,perez,Red Bull Racing,red_bull,Sergio Perez,2.0,2,4.0,0 days 00:00:27.066000,Finished,18.0,28.0,2022,18,Japanese Grand Prix
16,LEC,leclerc,Ferrari,ferrari,Charles Leclerc,3.0,3,2.0,0 days 00:00:31.763000,Finished,15.0,28.0,2022,18,Japanese Grand Prix
31,OCO,ocon,Alpine,alpine,Esteban Ocon,4.0,4,5.0,0 days 00:00:39.685000,Finished,12.0,28.0,2022,18,Japanese Grand Prix
44,HAM,hamilton,Mercedes,mercedes,Lewis Hamilton,5.0,5,6.0,0 days 00:00:40.326000,Finished,10.0,28.0,2022,18,Japanese Grand Prix
5,VET,vettel,Aston Martin,aston_martin,Sebastian Vettel,6.0,6,9.0,0 days 00:00:46.358000,Finished,8.0,28.0,2022,18,Japanese Grand Prix
14,ALO,alonso,Alpine,alpine,Fernando Alonso,7.0,7,7.0,0 days 00:00:46.369000,Finished,6.0,28.0,2022,18,Japanese Grand Prix
63,RUS,russell,Mercedes,mercedes,George Russell,8.0,8,8.0,0 days 00:00:47.661000,Finished,4.0,28.0,2022,18,Japanese Grand Prix
6,LAT,latifi,Williams,williams,Nicholas Latifi,9.0,9,20.0,0 days 00:01:10.143000,Finished,2.0,28.0,2022,18,Japanese Grand Prix
4,NOR,norris,McLaren,mclaren,Lando Norris,10.0,10,10.0,0 days 00:01:10.782000,Finished,1.0,28.0,2022,18,Japanese Grand Prix
3,RIC,ricciardo,McLaren,mclaren,Daniel Ricciardo,11.0,11,11.0,0 days 00:01:12.877000,Finished,0.0,28.0,2022,18,Japanese Grand Prix
18,STR,stroll,Aston Martin,aston_martin,Lance Stroll,12.0,12,19.0,0 days 00:01:13.904000,Finished,0.0,28.0,2022,18,Japanese Grand Prix
22,TSU,tsunoda,AlphaTauri,alphatauri,Yuki Tsunoda,13.0,13,13.0,0 days 00:01:15.599000,Finished,0.0,28.0,2022,18,Japanese Grand Prix
20,MAG,kevin_magnussen,Haas F1 Team,haas,Kevin Magnussen,14.0,14,18.0,0 days 00:01:26.016000,Finished,0.0,28.0,2022,18,Japanese Grand Prix
77,BOT,bottas,Alfa Romeo,alfa,Valtteri Bottas,15.0,15,12.0,0 days 00:01:26.496000,Finished,0.0,28.0,2022,18,Japanese Grand Prix
24,ZHO,zhou,Alfa Romeo,alfa,Guanyu Zhou,16.0,16,14.0,0 days 00:01:27.043000,Finished,0.0,28.0,2022,18,Japanese Grand Prix
47,MSC,mick_schumacher,Haas F1 Team,haas,Mick Schumacher,17.0,17,15.0,0 days 00:01:32.523000,Finished,0.0,28.0,2022,18,Japanese Grand Prix
10,GAS,gasly,AlphaTauri,alphatauri,Pierre Gasly,18.0,18,17.0,0 days 00:01:48.091000,Finished,0.0,28.0,2022,18,Japanese Grand Prix
55,SAI,sainz,Ferrari,ferrari,Carlos Sainz,19.0,R,3.0,,Accident,0.0,0.0,2022,18,Japanese Grand Prix
23,ALB,albon,Williams,williams,Alexander Albon,20.0,R,16.0,,Hydraulics,0.0,0.0,2022,18,Japanese Grand Prix
1,VER,max_verstappen,Red Bull Racing,red_bull,Max Verstappen,1.0,1,2.0,0 days 01:42:11.687000,Finished,25.0,56.0,2022,19,United States Grand Prix
44,HAM,hamilton,Mercedes,mercedes,Lewis Hamilton,2.0,2,3.0,0 days 00:00:05.023000,Finished,18.0,56.0,2022,19,United States Grand Prix
16,LEC,leclerc,Ferrari,ferrari,Charles Leclerc,3.0,3,12.0,0 days 00:00:07.501000,Finished,15.0,56.0,2022,19,United States Grand Prix
11,PER,perez,Red Bull Racing,red_bull,Sergio Perez,4.0,4,9.0,0 days 00:00:08.293000,Finished,12.0,56.0,2022,19,United States Grand Prix
63,RUS,russell,Mercedes,mercedes,George Russell,5.0,5,4.0,0 days 00:00:44.815000,Finished,11.0,56.0,2022,19,United States Grand Prix
4,NOR,norris,McLaren,mclaren,Lando Norris,6.0,6,6.0,0 days 00:00:53.785000,Finished,8.0,56.0,2022,19,United States Grand Prix
14,ALO,alonso,Alpine,alpine,Fernando Alonso,7.0,7,14.0,0 days 00:00:55.078000,Finished,6.0,56.0,2022,19,United States Grand Prix
5,VET,vettel,Aston Martin,aston_martin,Sebastian Vettel,8.0,8,10.0,0 days 00:01:05.354000,Finished,4.0,56.0,2022,19,United States Grand Prix
20,MAG,kevin_magnussen,Haas F1 Team,haas,Kevin Magnussen,9.0,9,13.0,0 days 00:01:05.834000,Finished,2.0,56.0,2022,19,United States Grand Prix
22,TSU,tsunoda,AlphaTauri,alphatauri,Yuki Tsunoda,10.0,10,19.0,0 days 00:01:10.919000,Finished,1.0,56.0,2022,19,United States Grand Prix
31,OCO,ocon,Alpine,alpine,Esteban Ocon,11.0,11,0.0,0 days 00:01:12.875000,Finished,0.0,56.0,2022,19,United States Grand Prix
24,ZHO,zhou,Alfa Romeo,alfa,Guanyu Zhou,12.0,12,18.0,0 days 00:01:16.164000,Finished,0.0,56.0,2022,19,United States Grand Prix
23,ALB,albon,Williams,williams,Alexander Albon,13.0,13,8.0,0 days 00:01:20.057000,Finished,0.0,56.0,2022,19,United States Grand Prix
10,GAS,gasly,AlphaTauri,alphatauri,Pierre Gasly,14.0,14,11.0,0 days 00:01:21.763000,Finished,0.0,56.0,2022,19,United States Grand Prix
47,MSC,mick_schumacher,Haas F1 Team,haas,Mick Schumacher,15.0,15,16.0,0 days 00:01:24.490000,Finished,0.0,56.0,2022,19,United States Grand Prix
3,RIC,ricciardo,McLaren,mclaren,Daniel Ricciardo,16.0,16,15.0,0 days 00:01:30.487000,Finished,0.0,56.0,2022,19,United States Grand Prix
6,LAT,latifi,Williams,williams,Nicholas Latifi,17.0,17,17.0,0 days 00:01:43.588000,Finished,0.0,56.0,2022,19,United States Grand Prix
18,STR,stroll,Aston Martin,aston_martin,Lance Stroll,18.0,R,5.0,,Collision,0.0,21.0,2022,19,United States Grand Prix
77,BOT,bottas,Alfa Romeo,alfa,Valtteri Bottas,19.0,R,7.0,,Spun off,0.0,16.0,2022,19,United States Grand Prix
55,SAI,sainz,Ferrari,ferrari,Carlos Sainz,20.0,R,1.0,,Collision damage,0.0,1.0,2022,19,United States Grand Prix
1,VER,max_verstappen,Red Bull Racing,red_bull,Max Verstappen,1.0,1,1.0,0 days 01:38:36.729000,Finished,25.0,71.0,2022,20,Mexico City Grand Prix
44,HAM,hamilton,Mercedes,mercedes,Lewis Hamilton,2.0,2,3.0,0 days 00:00:15.186000,Finished,18.0,71.0,2022,20,Mexico City Grand Prix
11,PER,perez,Red Bull Racing,red_bull,Sergio Perez,3.0,3,4.0,0 days 00:00:18.097000,Finished,15.0,71.0,2022,20,Mexico City Grand Prix
63,RUS,russell,Mercedes,mercedes,George Russell,4.0,4,2.0,0 days 00:00:49.431000,Finished,13.0,71.0,2022,20,Mexico City Grand Prix
55,SAI,sainz,Ferrari,ferrari,Carlos Sainz,5.0,5,5.0,0 days 00:00:58.123000,Finished,10.0,71.0,2022,20,Mexico City Grand Prix
16,LEC,leclerc,Ferrari,ferrari,Charles Leclerc,6.0,6,7.0,0 days 00:01:08.774000,Finished,8.0,71.0,2022,20,Mexico City Grand Prix
3,RIC,ricciardo,McLaren,mclaren,Daniel Ricciardo,7.0,7,11.0,,+1 Lap,6.0,70.0,2022,20,Mexico City Grand Prix
31,OCO,ocon,Alpine,alpine,Esteban Ocon,8.0,8,10.0,,+1 Lap,4.0,70.0,2022,20,Mexico City Grand Prix
4,NOR,norris,McLaren,mclaren,Lando Norris,9.0,9,8.0,,+1 Lap,2.0,70.0,2022,20,Mexico City Grand Prix
77,BOT,bottas,Alfa Romeo,alfa,Valtteri Bottas,10.0,10,6.0,,+1 Lap,1.0,70.0,2022,20,Mexico City Grand Prix
10,GAS,gasly,AlphaTauri,alphatauri,Pierre Gasly,11.0,11,14.0,,+1 Lap,0.0,70.0,2022,20,Mexico City Grand Prix
23,ALB,albon,Williams,williams,Alexander Albon,12.0,12,17.0,,+1 Lap,0.0,70.0,2022,20,Mexico City Grand Prix
24,ZHO,zhou,Alfa Romeo,alfa,Guanyu Zhou,13.0,13,12.0,,+1 Lap,0.0,70.0,2022,20,Mexico City Grand Prix
5,VET,vettel,Aston Martin,aston_martin,Sebastian Vettel,14.0,14,16.0,,+1 Lap,0.0,70.0,2022,20,Mexico City Grand Prix
18,STR,stroll,Aston Martin,aston_martin,Lance Stroll,15.0,15,20.0,,+1 Lap,0.0,70.0,2022,20,Mexico City Grand Prix
47,MSC,mick_schumacher,Haas F1 Team,haas,Mick Schumacher,16.0,16,15.0,,+1 Lap,0.0,70.0,2022,20,Mexico City Grand Prix
20,MAG,kevin_magnussen,Haas F1 Team,haas,Kevin Magnussen,17.0,17,19.0,,+1 Lap,0.0,70.0,2022,20,Mexico City Grand Prix
6,LAT,latifi,Williams,williams,Nicholas Latifi,18.0,18,18.0,,+2 Laps,0.0,69.0,2022,20,Mexico City Grand Prix
14,ALO,alonso,Alpine,alpine,Fernando Alonso,19.0,19,9.0,,Engine,0.0,63.0,2022,20,Mexico City Grand Prix
22,TSU,tsunoda,AlphaTauri,alphatauri,Yuki Tsunoda,20.0,R,13.0,,Collision damage,0.0,50.0,2022,20,Mexico City Grand Prix
63,RUS,russell,Mercedes,mercedes,George Russell,1.0,1,1.0,0 days 01:38:34.044000,Finished,26.0,71.0,2022,21,São Paulo Grand Prix
44,HAM,hamilton,Mercedes,mercedes,Lewis Hamilton,2.0,2,2.0,0 days 00:00:01.529000,Finished,18.0,71.0,2022,21,São Paulo Grand Prix
55,SAI,sainz,Ferrari,ferrari,Carlos Sainz,3.0,3,7.0,0 days 00:00:04.051000,Finished,15.0,71.0,2022,21,São Paulo Grand Prix
16,LEC,leclerc,Ferrari,ferrari,Charles Leclerc,4.0,4,5.0,0 days 00:00:08.441000,Finished,12.0,71.0,2022,21,São Paulo Grand Prix
14,ALO,alonso,Alpine,alpine,Fernando Alonso,5.0,5,17.0,0 days 00:00:09.561000,Finished,10.0,71.0,2022,21,São Paulo Grand Prix
1,VER,max_verstappen,Red Bull Racing,red_bull,Max Verstappen,6.0,6,3.0,0 days 00:00:10.056000,Finished,8.0,71.0,2022,21,São Paulo Grand Prix
11,PER,perez,Red Bull Racing,red_bull,Sergio Perez,7.0,7,4.0,0 days 00:00:14.080000,Finished,6.0,71.0,2022,21,São Paulo Grand Prix
31,OCO,ocon,Alpine,alpine,Esteban Ocon,8.0,8,16.0,0 days 00:00:18.690000,Finished,4.0,71.0,2022,21,São Paulo Grand Prix
77,BOT,bottas,Alfa Romeo,alfa,Valtteri Bottas,9.0,9,14.0,0 days 00:00:22.552000,Finished,2.0,71.0,2022,21,São Paulo Grand Prix
18,STR,stroll,Aston Martin,aston_martin,Lance Stroll,10.0,10,15.0,0 days 00:00:23.552000,Finished,1.0,71.0,2022,21,São Paulo Grand Prix
5,VET,vettel,Aston Martin,aston_martin,Sebastian Vettel,11.0,11,9.0,0 days 00:00:26.183000,Finished,0.0,71.0,2022,21,São Paulo Grand Prix
24,ZHO,zhou,Alfa Romeo,alfa,Guanyu Zhou,12.0,12,13.0,0 days 00:00:29.325000,Finished,0.0,71.0,2022,21,São Paulo Grand Prix
47,MSC,mick_schumacher,Haas F1 Team,haas,Mick Schumacher,13.0,13,12.0,0 days 00:00:29.899000,Finished,0.0,71.0,2022,21,São Paulo Grand Prix
10,GAS,gasly,AlphaTauri,alphatauri,Pierre Gasly,14.0,14,10.0,0 days 00:00:31.867000,Finished,0.0,71.0,2022,21,São Paulo Grand Prix
23,ALB,albon,Williams,williams,Alexander Albon,15.0,15,19.0,0 days 00:00:36.016000,Finished,0.0,71.0,2022,21,São Paulo Grand Prix
6,LAT,latifi,Williams,williams,Nicholas Latifi,16.0,16,18.0,0 days 00:00:37.038000,Finished,0.0,71.0,2022,21,São Paulo Grand Prix
22,TSU,tsunoda,AlphaTauri,alphatauri,Yuki Tsunoda,17.0,17,0.0,,+1 Lap,0.0,70.0,2022,21,São Paulo Grand Prix
4,NOR,norris,McLaren,mclaren,Lando Norris,18.0,R,6.0,,Gearbox,0.0,50.0,2022,21,São Paulo Grand Prix
20,MAG,kevin_magnussen,Haas F1 Team,haas,Kevin Magnussen,19.0,R,8.0,,Collision,0.0,0.0,2022,21,São Paulo Grand Prix
3,RIC,ricciardo,McLaren,mclaren,Daniel Ricciardo,20.0,R,11.0,,Collision,0.0,0.0,2022,21,São Paulo Grand Prix
1,VER,max_verstappen,Red Bull Racing,red_bull,Max Verstappen,1.0,1,1.0,0 days 01:27:45.914000,Finished,25.0,58.0,2022,22,Abu Dhabi Grand Prix
16,LEC,leclerc,Ferrari,ferrari,Charles Leclerc,2.0,2,3.0,0 days 00:00:08.771000,Finished,18.0,58.0,2022,22,Abu Dhabi Grand Prix
11,PER,perez,Red Bull Racing,red_bull,Sergio Perez,3.0,3,2.0,0 days 00:00:10.093000,Finished,15.0,58.0,2022,22,Abu Dhabi Grand Prix
55,SAI,sainz,Ferrari,ferrari,Carlos Sainz,4.0,4,4.0,0 days 00:00:24.892000,Finished,12.0,58.0,2022,22,Abu Dhabi Grand Prix
63,RUS,russell,Mercedes,mercedes,George Russell,5.0,5,6.0,0 days 00:00:35.888000,Finished,10.0,58.0,2022,22,Abu Dhabi Grand Prix
4,NOR,norris,McLaren,mclaren,Lando Norris,6.0,6,7.0,0 days 00:00:56.234000,Finished,9.0,58.0,2022,22,Abu Dhabi Grand Prix
31,OCO,ocon,Alpine,alpine,Esteban Ocon,7.0,7,8.0,0 days 00:00:57.240000,Finished,6.0,58.0,2022,22,Abu Dhabi Grand Prix
18,STR,stroll,Aston Martin,aston_martin,Lance Stroll,8.0,8,14.0,0 days 00:01:16.931000,Finished,4.0,58.0,2022,22,Abu Dhabi Grand Prix
3,RIC,ricciardo,McLaren,mclaren,Daniel Ricciardo,9.0,9,13.0,0 days 00:01:23.268000,Finished,2.0,58.0,2022,22,Abu Dhabi Grand Prix
5,VET,vettel,Aston Martin,aston_martin,Sebastian Vettel,10.0,10,9.0,0 days 00:01:23.898000,Finished,1.0,58.0,2022,22,Abu Dhabi Grand Prix
22,TSU,tsunoda,AlphaTauri,alphatauri,Yuki Tsunoda,11.0,11,11.0,0 days 00:01:29.371000,Finished,0.0,58.0,2022,22,Abu Dhabi Grand Prix
24,ZHO,zhou,Alfa Romeo,alfa,Guanyu Zhou,12.0,12,15.0,,+1 Lap,0.0,57.0,2022,22,Abu Dhabi Grand Prix
23,ALB,albon,Williams,williams,Alexander Albon,13.0,13,19.0,,+1 Lap,0.0,57.0,2022,22,Abu Dhabi Grand Prix
10,GAS,gasly,AlphaTauri,alphatauri,Pierre Gasly,14.0,14,17.0,,+1 Lap,0.0,57.0,2022,22,Abu Dhabi Grand Prix
77,BOT,bottas,Alfa Romeo,alfa,Valtteri Bottas,15.0,15,18.0,,+1 Lap,0.0,57.0,2022,22,Abu Dhabi Grand Prix
47,MSC,mick_schumacher,Haas F1 Team,haas,Mick Schumacher,16.0,16,12.0,,+1 Lap,0.0,57.0,2022,22,Abu Dhabi Grand Prix
20,MAG,kevin_magnussen,Haas F1 Team,haas,Kevin Magnussen,17.0,17,16.0,,+1 Lap,0.0,57.0,2022,22,Abu Dhabi Grand Prix
44,HAM,hamilton,Mercedes,mercedes,Lewis Hamilton,18.0,18,5.0,,Hydraulics,0.0,55.0,2022,22,Abu Dhabi Grand Prix
6,LAT,latifi,Williams,williams,Nicholas Latifi,19.0,19,20.0,,Collision damage,0.0,55.0,2022,22,Abu Dhabi Grand Prix
14,ALO,alonso,Alpine,alpine,Fernando Alonso,20.0,R,10.0,,Water leak,0.0,27.0,2022,22,Abu Dhabi Grand Prix
