DriverNumber,BroadcastName,Abbreviation,DriverId,TeamName,TeamColor,TeamId,FirstName,LastName,FullName,HeadshotUrl,CountryCode,Position,ClassifiedPosition,GridPosition,Q1,Q2,Q3,Time,Status,Points,Laps,Season,Round,EventName
99,A GIOVINAZZI,GIO,giovinazzi,Alfa Romeo Racing,900000,alfa,Antonio,Giovinazzi,Antonio Giovinazzi,https://www.formula1.com/content/dam/fom-website/drivers/A/ANTGIO01_Antonio_Giovinazzi/antgio01.png.transform/1col/image.png,,12.0,12,12.0,,,,,+1 Lap,0.0,55.0,2021,1,Bahrain Grand Prix
31,E OCON,OCO,ocon,Alpine,0090FF,alpine,Esteban,Ocon,Esteban Ocon,https://www.formula1.com/content/dam/fom-website/drivers/E/ESTOCO01_Esteban_Ocon/estoco01.png.transform/1col/image.png,,13.0,13,16.0,,,,,+1 Lap,0.0,55.0,2021,1,Bahrain Grand Prix
63,G RUSSELL,RUS,russell,Williams,005AFF,williams,George,Russell,George Russell,https://www.formula1.com/content/dam/fom-website/drivers/G/GEORUS01_George_Russell/georus01.png.transform/1col/image.png,,14.0,14,15.0,,,,,+1 Lap,0.0,55.0,2021,1,Bahrain Grand Prix
5,S VETTEL,VET,vettel,Aston Martin,006F62,aston_martin,Sebastian,Vettel,Sebastian Vettel,https://www.formula1.com/content/dam/fom-website/drivers/S/SEBVET01_Sebastian_Vettel/sebvet01.png.transform/1col/image.png,,15.0,15,20.0,,,,,+1 Lap,0.0,55.0,2021,1,Bahrain Grand Prix
47,M SCHUMACHER,MSC,mick_schumacher,Haas F1 Team,FFFFFF,haas,Mick,Schumacher,Mick Schumacher,https://www.formula1.com/content/dam/fom-website/drivers/M/MICSCH02_Mick_Schumacher/micsch02.png.transform/1col/image.png,,16.0,16,18.0,,,,,+1 Lap,0.0,55.0,2021,1,Bahrain Grand Prix
10,P GASLY,GAS,gasly,AlphaTauri,2B4562,alphatauri,Pierre,Gasly,Pierre Gasly,https://www.formula1.com/content/dam/fom-website/drivers/P/PIEGAS01_Pierre_Gasly/piegas01.png.transform/1col/image.png,,17.0,17,5.0,,,,,Retired,0.0,52.0,2021,1,Bahrain Grand Prix
6,N LATIFI,LAT,latifi,Williams,005AFF,williams,Nicholas,Latifi,Nicholas Latifi,https://www.formula1.com/content/dam/fom-website/drivers/N/NICLAF01_Nicholas_Latifi/niclaf01.png.transform/1col/image.png,,18.0,18,17.0,,,,,Retired,0.0,51.0,2021,1,Bahrain Grand Prix
14,F ALONSO,ALO,alonso,Alpine,0090FF,alpine,Fernando,Alonso,Fernando Alonso,https://www.formula1.com/content/dam/fom-website/drivers/F/FERALO01_Fernando_Alonso/feralo01.png.transform/1col/image.png,,19.0,R,9.0,,,,,Brakes,0.0,32.0,2021,1,Bahrain Grand Prix
9,N MAZEPIN,MAZ,mazepin,Haas F1 Team,FFFFFF,haas,Nikita,Mazepin,Nikita Mazepin,https://www.formula1.com/content/dam/fom-website/drivers/N/NIKMAZ01_Nikita_Mazepin/nikmaz01.png.transform/1col/image.png,,20.0,R,19.0,,,,,Accident,0.0,0.0,2021,1,Bahrain Grand Prix
99,A GIOVINAZZI,GIO,giovinazzi,Alfa Romeo Racing,900000,alfa,Antonio,Giovinazzi,Antonio Giovinazzi,https://www.formula1.com/content/dam/fom-website/drivers/A/ANTGIO01_Antonio_Giovinazzi/antgio01.png.transform/1col/image.png,,14.0,14,17.0,,,,,+1 Lap,0.0,62.0,2021,2,Emilia Romagna Grand Prix
5,S VETTEL,VET,vettel,Aston Martin,006F62,aston_martin,Sebastian,Vettel,Sebastian Vettel,https://www.formula1.com/content/dam/fom-website/drivers/S/SEBVET01_Sebastian_Vettel/sebvet01.png.transform/1col/image.png,,15.0,15,0.0,,,,,Gearbox,0.0,61.0,2021,2,Emilia Romagna Grand Prix
47,M SCHUMACHER,MSC,mick_schumacher,Haas F1 Team,FFFFFF,haas,Mick,Schumacher,Mick Schumacher,https://www.formula1.com/content/dam/fom-website/drivers/M/MICSCH02_Mick_Schumacher/micsch02.png.transform/1col/image.png,,16.0,16,18.0,,,,,+2 Laps,0.0,61.0,2021,2,Emilia Romagna Grand Prix
9,N MAZEPIN,MAZ,mazepin,Haas F1 Team,FFFFFF,haas,Nikita,Mazepin,Nikita Mazepin,https://www.formula1.com/content/dam/fom-website/drivers/N/NIKMAZ01_Nikita_Mazepin/nikmaz01.png.transform/1col/image.png,,17.0,17,19.0,,,,,+2 Laps,0.0,61.0,2021,2,Emilia Romagna Grand Prix
77,V BOTTAS,BOT,bottas,Mercedes,00D2BE,mercedes,Valtteri,Bottas,Valtteri Bottas,https://www.formula1.com/content/dam/fom-website/drivers/V/VALBOT01_Valtteri_Bottas/valbot01.png.transform/1col/image.png,,18.0,R,8.0,,,,,Collision,0.0,30.0,2021,2,Emilia Romagna Grand Prix
63,G RUSSELL,RUS,russell,Williams,005AFF,williams,George,Russell,George Russell,https://www.formula1.com/content/dam/fom-website/drivers/G/GEORUS01_George_Russell/georus01.png.transform/1col/image.png,,19.0,R,12.0,,,,,Collision,0.0,30.0,2021,2,Emilia Romagna Grand Prix
6,N LATIFI,LAT,latifi,Williams,005AFF,williams,Nicholas,Latifi,Nicholas Latifi,https://www.formula1.com/content/dam/fom-website/drivers/N/NICLAF01_Nicholas_Latifi/niclaf01.png.transform/1col/image.png,,20.0,R,14.0,,,,,Collision,0.0,0.0,2021,2,Emilia Romagna Grand Prix
99,A GIOVINAZZI,GIO,giovinazzi,Alfa Romeo Racing,900000,alfa,Antonio,Giovinazzi,Antonio Giovinazzi,https://www.formula1.com/content/dam/fom-website/drivers/A/ANTGIO01_Antonio_Giovinazzi/antgio01.png.transform/1col/image.png,,12.0,12,12.0,,,,,+1 Lap,0.0,65.0,2021,3,Portuguese Grand Prix
5,S VETTEL,VET,vettel,Aston Martin,006F62,aston_martin,Sebastian,Vettel,Sebastian Vettel,https://www.formula1.com/content/dam/fom-website/drivers/S/SEBVET01_Sebastian_Vettel/sebvet01.png.transform/1col/image.png,,13.0,13,10.0,,,,,+1 Lap,0.0,65.0,2021,3,Portuguese Grand Prix
18,L STROLL,STR,stroll,Aston Martin,006F62,aston_martin,Lance,Stroll,Lance Stroll,https://www.formula1.com/content/dam/fom-website/drivers/L/LANSTR01_Lance_Stroll/lanstr01.png.transform/1col/image.png,,14.0,14,17.0,,,,,+1 Lap,0.0,65.0,2021,3,Portuguese Grand Prix
22,Y TSUNODA,TSU,tsunoda,AlphaTauri,2B4562,alphatauri,Yuki,Tsunoda,Yuki Tsunoda,https://www.formula1.com/content/dam/fom-website/drivers/Y/YUKTSU01_Yuki_Tsunoda/yuktsu01.png.transform/1col/image.png,,15.0,15,14.0,,,,,+1 Lap,0.0,65.0,2021,3,Portuguese Grand Prix
63,G RUSSELL,RUS,russell,Williams,005AFF,williams,George,Russell,George Russell,https://www.formula1.com/content/dam/fom-website/drivers/G/GEORUS01_George_Russell/georus01.png.transform/1col/image.png,,16.0,16,11.0,,,,,+1 Lap,0.0,65.0,2021,3,Portuguese Grand Prix
47,M SCHUMACHER,MSC,mick_schumacher,Haas F1 Team,FFFFFF,haas,Mick,Schumacher,Mick Schumacher,https://www.formula1.com/content/dam/fom-website/drivers/M/MICSCH02_Mick_Schumacher/micsch02.png.transform/1col/image.png,,17.0,17,19.0,,,,,+2 Laps,0.0,64.0,2021,3,Portuguese Grand Prix
6,N LATIFI,LAT,latifi,Williams,005AFF,williams,Nicholas,Latifi,Nicholas Latifi,https://www.formula1.com/content/dam/fom-website/drivers/N/NICLAF01_Nicholas_Latifi/niclaf01.png.transform/1col/image.png,,18.0,18,18.0,,,,,+2 Laps,0.0,64.0,2021,3,Portuguese Grand Prix
9,N MAZEPIN,MAZ,mazepin,Haas F1 Team,FFFFFF,haas,Nikita,Mazepin,Nikita Mazepin,https://www.formula1.com/content/dam/fom-website/drivers/N/NIKMAZ01_Nikita_Mazepin/nikmaz01.png.transform/1col/image.png,,19.0,19,20.0,,,,,+2 Laps,0.0,64.0,2021,3,Portuguese Grand Prix
7,K RAIKKONEN,RAI,raikkonen,Alfa Romeo Racing,900000,alfa,Kimi,Räikkönen,Kimi Räikkönen,https://www.formula1.com/content/dam/fom-website/drivers/K/KIMRAI01_Kimi_R%C3%A4ikk%C3%B6nen/kimrai01.png.transform/1col/image.png,,20.0,R,15.0,,,,,Collision damage,0.0,1.0,2021,3,Portuguese Grand Prix
4,L NORRIS,NOR,norris,McLaren,FF9800,mclaren,Lando,Norris,Lando Norris,https://www.formula1.com/content/dam/fom-website/drivers/L/LANNOR01_Lando_Norris/lannor01.png.transform/1col/image.png,,8.0,8,9.0,,,,,+1 Lap,4.0,65.0,2021,4,Spanish Grand Prix
31,E OCON,OCO,ocon,Alpine,0090FF,alpine,Esteban,Ocon,Esteban Ocon,https://www.formula1.com/content/dam/fom-website/drivers/E/ESTOCO01_Esteban_Ocon/estoco01.png.transform/1col/image.png,,9.0,9,5.0,,,,,+1 Lap,2.0,65.0,2021,4,Spanish Grand Prix
10,P GASLY,GAS,gasly,AlphaTauri,2B4562,alphatauri,Pierre,Gasly,Pierre Gasly,https://www.formula1.com/content/dam/fom-website/drivers/P/PIEGAS01_Pierre_Gasly/piegas01.png.transform/1col/image.png,,10.0,10,12.0,,,,,+1 Lap,1.0,65.0,2021,4,Spanish Grand Prix
18,L STROLL,STR,stroll,Aston Martin,006F62,aston_martin,Lance,Stroll,Lance Stroll,https://www.formula1.com/content/dam/fom-website/drivers/L/LANSTR01_Lance_Stroll/lanstr01.png.transform/1col/image.png,,11.0,11,11.0,,,,,+1 Lap,0.0,65.0,2021,4,Spanish Grand Prix
7,K RAIKKONEN,RAI,raikkonen,Alfa Romeo Racing,900000,alfa,Kimi,Räikkönen,Kimi Räikkönen,https://www.formula1.com/content/dam/fom-website/drivers/K/KIMRAI01_Kimi_R%C3%A4ikk%C3%B6nen/kimrai01.png.transform/1col/image.png,,12.0,12,17.0,,,,,+1 Lap,0.0,65.0,2021,4,Spanish Grand Prix
5,S VETTEL,VET,vettel,Aston Martin,006F62,aston_martin,Sebastian,Vettel,Sebastian Vettel,https://www.formula1.com/content/dam/fom-website/drivers/S/SEBVET01_Sebastian_Vettel/sebvet01.png.transform/1col/image.png,,13.0,13,13.0,,,,,+1 Lap,0.0,65.0,2021,4,Spanish Grand Prix
63,G RUSSELL,RUS,russell,Williams,005AFF,williams,George,Russell,George Russell,https://www.formula1.com/content/dam/fom-website/drivers/G/GEORUS01_George_Russell/georus01.png.transform/1col/image.png,,14.0,14,15.0,,,,,+1 Lap,0.0,65.0,2021,4,Spanish Grand Prix
99,A GIOVINAZZI,GIO,giovinazzi,Alfa Romeo Racing,900000,alfa,Antonio,Giovinazzi,Antonio Giovinazzi,https://www.formula1.com/content/dam/fom-website/drivers/A/ANTGIO01_Antonio_Giovinazzi/antgio01.png.transform/1col/image.png,,15.0,15,14.0,,,,,+1 Lap,0.0,65.0,2021,4,Spanish Grand Prix
6,N LATIFI,LAT,latifi,Williams,005AFF,williams,Nicholas,Latifi,Nicholas Latifi,https://www.formula1.com/content/dam/fom-website/drivers/N/NICLAF01_Nicholas_Latifi/niclaf01.png.transform/1col/image.png,,16.0,16,19.0,,,,,+1 Lap,0.0,65.0,2021,4,Spanish Grand Prix
14,F ALONSO,ALO,alonso,Alpine,0090FF,alpine,Fernando,Alonso,Fernando Alonso,https://www.formula1.com/content/dam/fom-website/drivers/F/FERALO01_Fernando_Alonso/feralo01.png.transform/1col/image.png,,17.0,17,10.0,,,,,+1 Lap,0.0,65.0,2021,4,Spanish Grand Prix
47,M SCHUMACHER,MSC,mick_schumacher,Haas F1 Team,FFFFFF,haas,Mick,Schumacher,Mick Schumacher,https://www.formula1.com/content/dam/fom-website/drivers/M/MICSCH02_Mick_Schumacher/micsch02.png.transform/1col/image.png,,18.0,18,18.0,,,,,+2 Laps,0.0,64.0,2021,4,Spanish Grand Prix
9,N MAZEPIN,MAZ,mazepin,Haas F1 Team,FFFFFF,haas,Nikita,Mazepin,Nikita Mazepin,https://www.formula1.com/content/dam/fom-website/drivers/N/NIKMAZ01_Nikita_Mazepin/nikmaz01.png.transform/1col/image.png,,19.0,19,20.0,,,,,+2 Laps,0.0,64.0,2021,4,Spanish Grand Prix
22,Y TSUNODA,TSU,tsunoda,AlphaTauri,2B4562,alphatauri,Yuki,Tsunoda,Yuki Tsunoda,https://www.formula1.com/content/dam/fom-website/drivers/Y/YUKTSU01_Yuki_Tsunoda/yuktsu01.png.transform/1col/image.png,,20.0,R,16.0,,,,,Electrical,0.0,6.0,2021,4,Spanish Grand Prix
18,L STROLL,STR,stroll,Aston Martin,006F62,aston_martin,Lance,Stroll,Lance Stroll,https://www.formula1.com/content/dam/fom-website/drivers/L/LANSTR01_Lance_Stroll/lanstr01.png.transform/1col/image.png,,8.0,8,13.0,,,,,+1 Lap,4.0,77.0,2021,5,Monaco Grand Prix
31,E OCON,OCO,ocon,Alpine,0090FF,alpine,Esteban,Ocon,Esteban Ocon,https://www.formula1.com/content/dam/fom-website/drivers/E/ESTOCO01_Esteban_Ocon/estoco01.png.transform/1col/image.png,,9.0,9,11.0,,,,,+1 Lap,2.0,77.0,2021,5,Monaco Grand Prix
99,A GIOVINAZZI,GIO,giovinazzi,Alfa Romeo Racing,900000,alfa,Antonio,Giovinazzi,Antonio Giovinazzi,https://www.formula1.com/content/dam/fom-website/drivers/A/ANTGIO01_Antonio_Giovinazzi/antgio01.png.transform/1col/image.png,,10.0,10,10.0,,,,,+1 Lap,1.0,77.0,2021,5,Monaco Grand Prix
7,K RAIKKONEN,RAI,raikkonen,Alfa Romeo Racing,900000,alfa,Kimi,Räikkönen,Kimi Räikkönen,https://www.formula1.com/content/dam/fom-website/drivers/K/KIMRAI01_Kimi_R%C3%A4ikk%C3%B6nen/kimrai01.png.transform/1col/image.png,,11.0,11,14.0,,,,,+1 Lap,0.0,77.0,2021,5,Monaco Grand Prix
3,D RICCIARDO,RIC,ricciardo,McLaren,FF9800,mclaren,Daniel,Ricciardo,Daniel Ricciardo,https://www.formula1.com/content/dam/fom-website/drivers/D/DANRIC01_Daniel_Ricciardo/danric01.png.transform/1col/image.png,,12.0,12,12.0,,,,,+1 Lap,0.0,77.0,2021,5,Monaco Grand Prix
14,F ALONSO,ALO,alonso,Alpine,0090FF,alpine,Fernando,Alonso,Fernando Alonso,https://www.formula1.com/content/dam/fom-website/drivers/F/FERALO01_Fernando_Alonso/feralo01.png.transform/1col/image.png,,13.0,13,17.0,,,,,+1 Lap,0.0,77.0,2021,5,Monaco Grand Prix
63,G RUSSELL,RUS,russell,Williams,005AFF,williams,George,Russell,George Russell,https://www.formula1.com/content/dam/fom-website/drivers/G/GEORUS01_George_Russell/georus01.png.transform/1col/image.png,,14.0,14,15.0,,,,,+1 Lap,0.0,77.0,2021,5,Monaco Grand Prix
6,N LATIFI,LAT,latifi,Williams,005AFF,williams,Nicholas,Latifi,Nicholas Latifi,https://www.formula1.com/content/dam/fom-website/drivers/N/NICLAF01_Nicholas_Latifi/niclaf01.png.transform/1col/image.png,,15.0,15,18.0,,,,,+1 Lap,0.0,77.0,2021,5,Monaco Grand Prix
22,Y TSUNODA,TSU,tsunoda,AlphaTauri,2B4562,alphatauri,Yuki,Tsunoda,Yuki Tsunoda,https://www.formula1.com/content/dam/fom-website/drivers/Y/YUKTSU01_Yuki_Tsunoda/yuktsu01.png.transform/1col/image.png,,16.0,16,16.0,,,,,+1 Lap,0.0,77.0,2021,5,Monaco Grand Prix
9,N MAZEPIN,MAZ,mazepin,Haas F1 Team,FFFFFF,haas,Nikita,Mazepin,Nikita Mazepin,https://www.formula1.com/content/dam/fom-website/drivers/N/NIKMAZ01_Nikita_Mazepin/nikmaz01.png.transform/1col/image.png,,17.0,17,19.0,,,,,+3 Laps,0.0,75.0,2021,5,Monaco Grand Prix
47,M SCHUMACHER,MSC,mick_schumacher,Haas F1 Team,FFFFFF,haas,Mick,Schumacher,Mick Schumacher,https://www.formula1.com/content/dam/fom-website/drivers/M/MICSCH02_Mick_Schumacher/micsch02.png.transform/1col/image.png,,18.0,18,20.0,,,,,+3 Laps,0.0,75.0,2021,5,Monaco Grand Prix
77,V BOTTAS,BOT,bottas,Mercedes,00D2BE,mercedes,Valtteri,Bottas,Valtteri Bottas,https://www.formula1.com/content/dam/fom-website/drivers/V/VALBOT01_Valtteri_Bottas/valbot01.png.transform/1col/image.png,,19.0,R,3.0,,,,,Wheel nut,0.0,29.0,2021,5,Monaco Grand Prix
16,C LECLERC,LEC,leclerc,Ferrari,DC0004,ferrari,Charles,Leclerc,Charles Leclerc,https://www.formula1.com/content/dam/fom-website/drivers/C/CHALEC01_Charles_Leclerc/chalec01.png.transform/1col/image.png,,20.0,W,1.0,,,,,Driveshaft,0.0,0.0,2021,5,Monaco Grand Prix
63,G RUSSELL,RUS,russell,Williams,005AFF,williams,George,Russell,George Russell,https://www.formula1.com/content/dam/fom-website/drivers/G/GEORUS01_George_Russell/georus01.png.transform/1col/image.png,,17.0,R,15.0,,,,,Gearbox,0.0,48.0,2021,6,Azerbaijan Grand Prix
33,M VERSTAPPEN,VER,max_verstappen,Red Bull Racing,0600EF,red_bull,Max,Verstappen,Max Verstappen,https://www.formula1.com/content/dam/fom-website/drivers/M/MAXVER01_Max_Verstappen/maxver01.png.transform/1col/image.png,,18.0,R,3.0,,,,,Accident,0.0,45.0,2021,6,Azerbaijan Grand Prix
18,L STROLL,STR,stroll,Aston Martin,006F62,aston_martin,Lance,Stroll,Lance Stroll,https://www.formula1.com/content/dam/fom-website/drivers/L/LANSTR01_Lance_Stroll/lanstr01.png.transform/1col/image.png,,19.0,R,19.0,,,,,Accident,0.0,29.0,2021,6,Azerbaijan Grand Prix
31,E OCON,OCO,ocon,Alpine,0090FF,alpine,Esteban,Ocon,Esteban Ocon,https://www.formula1.com/content/dam/fom-website/drivers/E/ESTOCO01_Esteban_Ocon/estoco01.png.transform/1col/image.png,,20.0,R,12.0,,,,,Turbo,0.0,3.0,2021,6,Azerbaijan Grand Prix
63,G RUSSELL,RUS,russell,Williams,005AFF,williams,George,Russell,George Russell,https://www.formula1.com/content/dam/fom-website/drivers/G/GEORUS01_George_Russell/georus01.png.transform/1col/image.png,,12.0,12,14.0,,,,,+1 Lap,0.0,52.0,2021,7,French Grand Prix
22,Y TSUNODA,TSU,tsunoda,AlphaTauri,2B4562,alphatauri,Yuki,Tsunoda,Yuki Tsunoda,https://www.formula1.com/content/dam/fom-website/drivers/Y/YUKTSU01_Yuki_Tsunoda/yuktsu01.png.transform/1col/image.png,,13.0,13,0.0,,,,,+1 Lap,0.0,52.0,2021,7,French Grand Prix
31,E OCON,OCO,ocon,Alpine,0090FF,alpine,Esteban,Ocon,Esteban Ocon,https://www.formula1.com/content/dam/fom-website/drivers/E/ESTOCO01_Esteban_Ocon/estoco01.png.transform/1col/image.png,,14.0,14,11.0,,,,,+1 Lap,0.0,52.0,2021,7,French Grand Prix
99,A GIOVINAZZI,GIO,giovinazzi,Alfa Romeo Racing,900000,alfa,Antonio,Giovinazzi,Antonio Giovinazzi,https://www.formula1.com/content/dam/fom-website/drivers/A/ANTGIO01_Antonio_Giovinazzi/antgio01.png.transform/1col/image.png,,15.0,15,13.0,,,,,+1 Lap,0.0,52.0,2021,7,French Grand Prix
16,C LECLERC,LEC,leclerc,Ferrari,DC0004,ferrari,Charles,Leclerc,Charles Leclerc,https://www.formula1.com/content/dam/fom-website/drivers/C/CHALEC01_Charles_Leclerc/chalec01.png.transform/1col/image.png,,16.0,16,7.0,,,,,+1 Lap,0.0,52.0,2021,7,French Grand Prix
7,K RAIKKONEN,RAI,raikkonen,Alfa Romeo Racing,900000,alfa,Kimi,Räikkönen,Kimi Räikkönen,https://www.formula1.com/content/dam/fom-website/drivers/K/KIMRAI01_Kimi_R%C3%A4ikk%C3%B6nen/kimrai01.png.transform/1col/image.png,,17.0,17,17.0,,,,,+1 Lap,0.0,52.0,2021,7,French Grand Prix
6,N LATIFI,LAT,latifi,Williams,005AFF,williams,Nicholas,Latifi,Nicholas Latifi,https://www.formula1.com/content/dam/fom-website/drivers/N/NICLAF01_Nicholas_Latifi/niclaf01.png.transform/1col/image.png,,18.0,18,16.0,,,,,+1 Lap,0.0,52.0,2021,7,French Grand Prix
47,M SCHUMACHER,MSC,mick_schumacher,Haas F1 Team,FFFFFF,haas,Mick,Schumacher,Mick Schumacher,https://www.formula1.com/content/dam/fom-website/drivers/M/MICSCH02_Mick_Schumacher/micsch02.png.transform/1col/image.png,,19.0,19,15.0,,,,,+1 Lap,0.0,52.0,2021,7,French Grand Prix
9,N MAZEPIN,MAZ,mazepin,Haas F1 Team,FFFFFF,haas,Nikita,Mazepin,Nikita Mazepin,https://www.formula1.com/content/dam/fom-website/drivers/N/NIKMAZ01_Nikita_Mazepin/nikmaz01.png.transform/1col/image.png,,20.0,20,18.0,,,,,+1 Lap,0.0,52.0,2021,7,French Grand Prix
4,L NORRIS,NOR,norris,McLaren,FF9800,mclaren,Lando,Norris,Lando Norris,https://www.formula1.com/content/dam/fom-website/drivers/L/LANNOR01_Lando_Norris/lannor01.png.transform/1col/image.png,,5.0,5,3.0,,,,,+1 Lap,10.0,70.0,2021,8,Styrian Grand Prix
55,C SAINZ,SAI,sainz,Ferrari,DC0004,ferrari,Carlos,Sainz,Carlos Sainz,https://www.formula1.com/content/dam/fom-website/drivers/C/CARSAI01_Carlos_Sainz/carsai01.png.transform/1col/image.png,,6.0,6,12.0,,,,,+1 Lap,8.0,70.0,2021,8,Styrian Grand Prix
16,C LECLERC,LEC,leclerc,Ferrari,DC0004,ferrari,Charles,Leclerc,Charles Leclerc,https://www.formula1.com/content/dam/fom-website/drivers/C/CHALEC01_Charles_Leclerc/chalec01.png.transform/1col/image.png,,7.0,7,7.0,,,,,+1 Lap,6.0,70.0,2021,8,Styrian Grand Prix
18,L STROLL,STR,stroll,Aston Martin,006F62,aston_martin,Lance,Stroll,Lance Stroll,https://www.formula1.com/content/dam/fom-website/drivers/L/LANSTR01_Lance_Stroll/lanstr01.png.transform/1col/image.png,,8.0,8,9.0,,,,,+1 Lap,4.0,70.0,2021,8,Styrian Grand Prix
14,F ALONSO,ALO,alonso,Alpine,0090FF,alpine,Fernando,Alonso,Fernando Alonso,https://www.formula1.com/content/dam/fom-website/drivers/F/FERALO01_Fernando_Alonso/feralo01.png.transform/1col/image.png,,9.0,9,8.0,,,,,+1 Lap,2.0,70.0,2021,8,Styrian Grand Prix
22,Y TSUNODA,TSU,tsunoda,AlphaTauri,2B4562,alphatauri,Yuki,Tsunoda,Yuki Tsunoda,https://www.formula1.com/content/dam/fom-website/drivers/Y/YUKTSU01_Yuki_Tsunoda/yuktsu01.png.transform/1col/image.png,,10.0,10,11.0,,,,,+1 Lap,1.0,70.0,2021,8,Styrian Grand Prix
7,K RAIKKONEN,RAI,raikkonen,Alfa Romeo Racing,900000,alfa,Kimi,Räikkönen,Kimi Räikkönen,https://www.formula1.com/content/dam/fom-website/drivers/K/KIMRAI01_Kimi_R%C3%A4ikk%C3%B6nen/kimrai01.png.transform/1col/image.png,,11.0,11,18.0,,,,,+1 Lap,0.0,70.0,2021,8,Styrian Grand Prix
5,S VETTEL,VET,vettel,Aston Martin,006F62,aston_martin,Sebastian,Vettel,Sebastian Vettel,https://www.formula1.com/content/dam/fom-website/drivers/S/SEBVET01_Sebastian_Vettel/sebvet01.png.transform/1col/image.png,,12.0,12,14.0,,,,,+1 Lap,0.0,70.0,2021,8,Styrian Grand Prix
3,D RICCIARDO,RIC,ricciardo,McLaren,FF9800,mclaren,Daniel,Ricciardo,Daniel Ricciardo,https://www.formula1.com/content/dam/fom-website/drivers/D/DANRIC01_Daniel_Ricciardo/danric01.png.transform/1col/image.png,,13.0,13,13.0,,,,,+1 Lap,0.0,70.0,2021,8,Styrian Grand Prix
31,E OCON,OCO,ocon,Alpine,0090FF,alpine,Esteban,Ocon,Esteban Ocon,https://www.formula1.com/content/dam/fom-website/drivers/E/ESTOCO01_Esteban_Ocon/estoco01.png.transform/1col/image.png,,14.0,14,17.0,,,,,+1 Lap,0.0,70.0,2021,8,Styrian Grand Prix
99,A GIOVINAZZI,GIO,giovinazzi,Alfa Romeo Racing,900000,alfa,Antonio,Giovinazzi,Antonio Giovinazzi,https://www.formula1.com/content/dam/fom-website/drivers/A/ANTGIO01_Antonio_Giovinazzi/antgio01.png.transform/1col/image.png,,15.0,15,15.0,,,,,+1 Lap,0.0,70.0,2021,8,Styrian Grand Prix
47,M SCHUMACHER,MSC,mick_schumacher,Haas F1 Team,FFFFFF,haas,Mick,Schumacher,Mick Schumacher,https://www.formula1.com/content/dam/fom-website/drivers/M/MICSCH02_Mick_Schumacher/micsch02.png.transform/1col/image.png,,16.0,16,19.0,,,,,+2 Laps,0.0,69.0,2021,8,Styrian Grand Prix
6,N LATIFI,LAT,latifi,Williams,005AFF,williams,Nicholas,Latifi,Nicholas Latifi,https://www.formula1.com/content/dam/fom-website/drivers/N/NICLAF01_Nicholas_Latifi/niclaf01.png.transform/1col/image.png,,17.0,17,16.0,,,,,+3 Laps,0.0,68.0,2021,8,Styrian Grand Prix
9,N MAZEPIN,MAZ,mazepin,Haas F1 Team,FFFFFF,haas,Nikita,Mazepin,Nikita Mazepin,https://www.formula1.com/content/dam/fom-website/drivers/N/NIKMAZ01_Nikita_Mazepin/nikmaz01.png.transform/1col/image.png,,18.0,18,20.0,,,,,+3 Laps,0.0,68.0,2021,8,Styrian Grand Prix
63,G RUSSELL,RUS,russell,Williams,005AFF,williams,George,Russell,George Russell,https://www.formula1.com/content/dam/fom-website/drivers/G/GEORUS01_George_Russell/georus01.png.transform/1col/image.png,,19.0,R,10.0,,,,,Engine,0.0,36.0,2021,8,Styrian Grand Prix
10,P GASLY,GAS,gasly,AlphaTauri,2B4562,alphatauri,Pierre,Gasly,Pierre Gasly,https://www.formula1.com/content/dam/fom-website/drivers/P/PIEGAS01_Pierre_Gasly/piegas01.png.transform/1col/image.png,,20.0,R,6.0,,,,,Collision,0.0,1.0,2021,8,Styrian Grand Prix
14,F ALONSO,ALO,alonso,Alpine,0090FF,alpine,Fernando,Alonso,Fernando Alonso,https://www.formula1.com/content/dam/fom-website/drivers/F/FERALO01_Fernando_Alonso/feralo01.png.transform/1col/image.png,,10.0,10,14.0,,,,,+1 Lap,1.0,70.0,2021,9,Austrian Grand Prix
63,G RUSSELL,RUS,russell,Williams,005AFF,williams,George,Russell,George Russell,https://www.formula1.com/content/dam/fom-website/drivers/G/GEORUS01_George_Russell/georus01.png.transform/1col/image.png,,11.0,11,8.0,,,,,+1 Lap,0.0,70.0,2021,9,Austrian Grand Prix
22,Y TSUNODA,TSU,tsunoda,AlphaTauri,2B4562,alphatauri,Yuki,Tsunoda,Yuki Tsunoda,https://www.formula1.com/content/dam/fom-website/drivers/Y/YUKTSU01_Yuki_Tsunoda/yuktsu01.png.transform/1col/image.png,,12.0,12,7.0,,,,,+1 Lap,0.0,70.0,2021,9,Austrian Grand Prix
18,L STROLL,STR,stroll,Aston Martin,006F62,aston_martin,Lance,Stroll,Lance Stroll,https://www.formula1.com/content/dam/fom-website/drivers/L/LANSTR01_Lance_Stroll/lanstr01.png.transform/1col/image.png,,13.0,13,9.0,,,,,+1 Lap,0.0,70.0,2021,9,Austrian Grand Prix
99,A GIOVINAZZI,GIO,giovinazzi,Alfa Romeo Racing,900000,alfa,Antonio,Giovinazzi,Antonio Giovinazzi,https://www.formula1.com/content/dam/fom-website/drivers/A/ANTGIO01_Antonio_Giovinazzi/antgio01.png.transform/1col/image.png,,14.0,14,15.0,,,,,+1 Lap,0.0,70.0,2021,9,Austrian Grand Prix
7,K RAIKKONEN,RAI,raikkonen,Alfa Romeo Racing,900000,alfa,Kimi,Räikkönen,Kimi Räikkönen,https://www.formula1.com/content/dam/fom-website/drivers/K/KIMRAI01_Kimi_R%C3%A4ikk%C3%B6nen/kimrai01.png.transform/1col/image.png,,15.0,15,16.0,,,,,+1 Lap,0.0,70.0,2021,9,Austrian Grand Prix
6,N LATIFI,LAT,latifi,Williams,005AFF,williams,Nicholas,Latifi,Nicholas Latifi,https://www.formula1.com/content/dam/fom-website/drivers/N/NICLAF01_Nicholas_Latifi/niclaf01.png.transform/1col/image.png,,16.0,16,18.0,,,,,+1 Lap,0.0,70.0,2021,9,Austrian Grand Prix
5,S VETTEL,VET,vettel,Aston Martin,006F62,aston_martin,Sebastian,Vettel,Sebastian Vettel,https://www.formula1.com/content/dam/fom-website/drivers/S/SEBVET01_Sebastian_Vettel/sebvet01.png.transform/1col/image.png,,17.0,17,11.0,,,,,Collision,0.0,69.0,2021,9,Austrian Grand Prix
47,M SCHUMACHER,MSC,mick_schumacher,Haas F1 Team,FFFFFF,haas,Mick,Schumacher,Mick Schumacher,https://www.formula1.com/content/dam/fom-website/drivers/M/MICSCH02_Mick_Schumacher/micsch02.png.transform/1col/image.png,,18.0,18,19.0,,,,,+2 Laps,0.0,69.0,2021,9,Austrian Grand Prix
9,N MAZEPIN,MAZ,mazepin,Haas F1 Team,FFFFFF,haas,Nikita,Mazepin,Nikita Mazepin,https://www.formula1.com/content/dam/fom-website/drivers/N/NIKMAZ01_Nikita_Mazepin/nikmaz01.png.transform/1col/image.png,,19.0,19,20.0,,,,,+2 Laps,0.0,69.0,2021,9,Austrian Grand Prix
31,E OCON,OCO,ocon,Alpine,0090FF,alpine,Esteban,Ocon,Esteban Ocon,https://www.formula1.com/content/dam/fom-website/drivers/E/ESTOCO01_Esteban_Ocon/estoco01.png.transform/1col/image.png,,20.0,R,17.0,,,,,Collision,0.0,0.0,2021,9,Austrian Grand Prix
63,G RUSSELL,RUS,russell,Williams,005AFF,williams,George,Russell,George Russell,https://www.formula1.com/content/dam/fom-website/drivers/G/GEORUS01_George_Russell/georus01.png.transform/1col/image.png,,12.0,12,12.0,,,,,+1 Lap,0.0,51.0,2021,10,British Grand Prix
99,A GIOVINAZZI,GIO,giovinazzi,Alfa Romeo Racing,900000,alfa,Antonio,Giovinazzi,Antonio Giovinazzi,https://www.formula1.com/content/dam/fom-website/drivers/A/ANTGIO01_Antonio_Giovinazzi/antgio01.png.transform/1col/image.png,,13.0,13,15.0,,,,,+1 Lap,0.0,51.0,2021,10,British Grand Prix
6,N LATIFI,LAT,latifi,Williams,005AFF,williams,Nicholas,Latifi,Nicholas Latifi,https://www.formula1.com/content/dam/fom-website/drivers/N/NICLAF01_Nicholas_Latifi/niclaf01.png.transform/1col/image.png,,14.0,14,17.0,,,,,+1 Lap,0.0,51.0,2021,10,British Grand Prix
7,K RAIKKONEN,RAI,raikkonen,Alfa Romeo Racing,900000,alfa,Kimi,Räikkönen,Kimi Räikkönen,https://www.formula1.com/content/dam/fom-website/drivers/K/KIMRAI01_Kimi_R%C3%A4ikk%C3%B6nen/kimrai01.png.transform/1col/image.png,,15.0,15,13.0,,,,,+1 Lap,0.0,51.0,2021,10,British Grand Prix
11,S PEREZ,PER,perez,Red Bull Racing,0600EF,red_bull,Sergio,Perez,Sergio Perez,https://www.formula1.com/content/dam/fom-website/drivers/S/SERPER01_Sergio_Perez/serper01.png.transform/1col/image.png,,16.0,16,0.0,,,,,+1 Lap,0.0,51.0,2021,10,British Grand Prix
9,N MAZEPIN,MAZ,mazepin,Haas F1 Team,FFFFFF,haas,Nikita,Mazepin,Nikita Mazepin,https://www.formula1.com/content/dam/fom-website/drivers/N/NIKMAZ01_Nikita_Mazepin/nikmaz01.png.transform/1col/image.png,,17.0,17,19.0,,,,,+1 Lap,0.0,51.0,2021,10,British Grand Prix
47,M SCHUMACHER,MSC,mick_schumacher,Haas F1 Team,FFFFFF,haas,Mick,Schumacher,Mick Schumacher,https://www.formula1.com/content/dam/fom-website/drivers/M/MICSCH02_Mick_Schumacher/micsch02.png.transform/1col/image.png,,18.0,18,18.0,,,,,+1 Lap,0.0,51.0,2021,10,British Grand Prix
5,S VETTEL,VET,vettel,Aston Martin,006F62,aston_martin,Sebastian,Vettel,Sebastian Vettel,https://www.formula1.com/content/dam/fom-website/drivers/S/SEBVET01_Sebastian_Vettel/sebvet01.png.transform/1col/image.png,,19.0,R,8.0,,,,,Retired,0.0,40.0,2021,10,British Grand Prix
33,M VERSTAPPEN,VER,max_verstappen,Red Bull Racing,0600EF,red_bull,Max,Verstappen,Max Verstappen,https://www.formula1.com/content/dam/fom-website/drivers/M/MAXVER01_Max_Verstappen/maxver01.png.transform/1col/image.png,,20.0,R,1.0,,,,,Collision,0.0,0.0,2021,10,British Grand Prix
7,K RAIKKONEN,RAI,raikkonen,Alfa Romeo Racing,900000,alfa,Kimi,Räikkönen,Kimi Räikkönen,https://www.formula1.com/content/dam/fom-website/drivers/K/KIMRAI01_Kimi_R%C3%A4ikk%C3%B6nen/kimrai01.png.transform/1col/image.png,,10.0,10,13.0,,,,,+1 Lap,1.0,69.0,2021,11,Hungarian Grand Prix
3,D RICCIARDO,RIC,ricciardo,McLaren,FF9800,mclaren,Daniel,Ricciardo,Daniel Ricciardo,https://www.formula1.com/content/dam/fom-website/drivers/D/DANRIC01_Daniel_Ricciardo/danric01.png.transform/1col/image.png,,11.0,11,11.0,,,,,+1 Lap,0.0,69.0,2021,11,Hungarian Grand Prix
47,M SCHUMACHER,MSC,mick_schumacher,Haas F1 Team,FFFFFF,haas,Mick,Schumacher,Mick Schumacher,https://www.formula1.com/content/dam/fom-website/drivers/M/MICSCH02_Mick_Schumacher/micsch02.png.transform/1col/image.png,,12.0,12,20.0,,,,,+1 Lap,0.0,69.0,2021,11,Hungarian Grand Prix
99,A GIOVINAZZI,GIO,giovinazzi,Alfa Romeo Racing,900000,alfa,Antonio,Giovinazzi,Antonio Giovinazzi,https://www.formula1.com/content/dam/fom-website/drivers/A/ANTGIO01_Antonio_Giovinazzi/antgio01.png.transform/1col/image.png,,13.0,13,0.0,,,,,+1 Lap,0.0,69.0,2021,11,Hungarian Grand Prix
9,N MAZEPIN,MAZ,mazepin,Haas F1 Team,FFFFFF,haas,Nikita,Mazepin,Nikita Mazepin,https://www.formula1.com/content/dam/fom-website/drivers/N/NIKMAZ01_Nikita_Mazepin/nikmaz01.png.transform/1col/image.png,,14.0,R,19.0,,,,,Collision,0.0,3.0,2021,11,Hungarian Grand Prix
4,L NORRIS,NOR,norris,McLaren,FF9800,mclaren,Lando,Norris,Lando Norris,https://www.formula1.com/content/dam/fom-website/drivers/L/LANNOR01_Lando_Norris/lannor01.png.transform/1col/image.png,,15.0,R,6.0,,,,,Collision,0.0,2.0,2021,11,Hungarian Grand Prix
77,V BOTTAS,BOT,bottas,Mercedes,00D2BE,mercedes,Valtteri,Bottas,Valtteri Bottas,https://www.formula1.com/content/dam/fom-website/drivers/V/VALBOT01_Valtteri_Bottas/valbot01.png.transform/1col/image.png,,16.0,R,2.0,,,,,Collision,0.0,0.0,2021,11,Hungarian Grand Prix
11,S PEREZ,PER,perez,Red Bull Racing,0600EF,red_bull,Sergio,Perez,Sergio Perez,https://www.formula1.com/content/dam/fom-website/drivers/S/SERPER01_Sergio_Perez/serper01.png.transform/1col/image.png,,17.0,R,4.0,,,,,Collision,0.0,0.0,2021,11,Hungarian Grand Prix
16,C LECLERC,LEC,leclerc,Ferrari,DC0004,ferrari,Charles,Leclerc,Charles Leclerc,https://www.formula1.com/content/dam/fom-website/drivers/C/CHALEC01_Charles_Leclerc/chalec01.png.transform/1col/image.png,,18.0,R,7.0,,,,,Collision,0.0,0.0,2021,11,Hungarian Grand Prix
18,L STROLL,STR,stroll,Aston Martin,006F62,aston_martin,Lance,Stroll,Lance Stroll,https://www.formula1.com/content/dam/fom-website/drivers/L/LANSTR01_Lance_Stroll/lanstr01.png.transform/1col/image.png,,19.0,R,12.0,,,,,Collision,0.0,0.0,2021,11,Hungarian Grand Prix
5,S VETTEL,VET,vettel,Aston Martin,006F62,aston_martin,Sebastian,Vettel,Sebastian Vettel,https://www.formula1.com/content/dam/fom-website/drivers/S/SEBVET01_Sebastian_Vettel/sebvet01.png.transform/1col/image.png,,20.0,D,10.0,,,,,Disqualified,0.0,70.0,2021,11,Hungarian Grand Prix
10,P GASLY,GAS,gasly,AlphaTauri,2B4562,alphatauri,Pierre,Gasly,Pierre Gasly,https://www.formula1.com/content/dam/fom-website/drivers/P/PIEGAS01_Pierre_Gasly/piegas01.png.transform/1col/image.png,,4.0,4,4.0,,,,,+1 Lap,12.0,71.0,2021,13,Dutch Grand Prix
16,C LECLERC,LEC,leclerc,Ferrari,DC0004,ferrari,Charles,Leclerc,Charles Leclerc,https://www.formula1.com/content/dam/fom-website/drivers/C/CHALEC01_Charles_Leclerc/chalec01.png.transform/1col/image.png,,5.0,5,5.0,,,,,+1 Lap,10.0,71.0,2021,13,Dutch Grand Prix
14,F ALONSO,ALO,alonso,Alpine,0090FF,alpine,Fernando,Alonso,Fernando Alonso,https://www.formula1.com/content/dam/fom-website/drivers/F/FERALO01_Fernando_Alonso/feralo01.png.transform/1col/image.png,,6.0,6,9.0,,,,,+1 Lap,8.0,71.0,2021,13,Dutch Grand Prix
55,C SAINZ,SAI,sainz,Ferrari,DC0004,ferrari,Carlos,Sainz,Carlos Sainz,https://www.formula1.com/content/dam/fom-website/drivers/C/CARSAI01_Carlos_Sainz/carsai01.png.transform/1col/image.png,,7.0,7,6.0,,,,,+1 Lap,6.0,71.0,2021,13,Dutch Grand Prix
11,S PEREZ,PER,perez,Red Bull Racing,0600EF,red_bull,Sergio,Perez,Sergio Perez,https://www.formula1.com/content/dam/fom-website/drivers/S/SERPER01_Sergio_Perez/serper01.png.transform/1col/image.png,,8.0,8,0.0,,,,,+1 Lap,4.0,71.0,2021,13,Dutch Grand Prix
31,E OCON,OCO,ocon,Alpine,0090FF,alpine,Esteban,Ocon,Esteban Ocon,https://www.formula1.com/content/dam/fom-website/drivers/E/ESTOCO01_Esteban_Ocon/estoco01.png.transform/1col/image.png,,9.0,9,8.0,,,,,+1 Lap,2.0,71.0,2021,13,Dutch Grand Prix
4,L NORRIS,NOR,norris,McLaren,FF9800,mclaren,Lando,Norris,Lando Norris,https://www.formula1.com/content/dam/fom-website/drivers/L/LANNOR01_Lando_Norris/lannor01.png.transform/1col/image.png,,10.0,10,13.0,,,,,+1 Lap,1.0,71.0,2021,13,Dutch Grand Prix
3,D RICCIARDO,RIC,ricciardo,McLaren,FF9800,mclaren,Daniel,Ricciardo,Daniel Ricciardo,https://www.formula1.com/content/dam/fom-website/drivers/D/DANRIC01_Daniel_Ricciardo/danric01.png.transform/1col/image.png,,11.0,11,10.0,,,,,+1 Lap,0.0,71.0,2021,13,Dutch Grand Prix
18,L STROLL,STR,stroll,Aston Martin,006F62,aston_martin,Lance,Stroll,Lance Stroll,https://www.formula1.com/content/dam/fom-website/drivers/L/LANSTR01_Lance_Stroll/lanstr01.png.transform/1col/image.png,,12.0,12,12.0,,,,,+2 Laps,0.0,70.0,2021,13,Dutch Grand Prix
5,S VETTEL,VET,vettel,Aston Martin,006F62,aston_martin,Sebastian,Vettel,Sebastian Vettel,https://www.formula1.com/content/dam/fom-website/drivers/S/SEBVET01_Sebastian_Vettel/sebvet01.png.transform/1col/image.png,,13.0,13,15.0,,,,,+2 Laps,0.0,70.0,2021,13,Dutch Grand Prix
99,A GIOVINAZZI,GIO,giovinazzi,Alfa Romeo Racing,900000,alfa,Antonio,Giovinazzi,Antonio Giovinazzi,https://www.formula1.com/content/dam/fom-website/drivers/A/ANTGIO01_Antonio_Giovinazzi/antgio01.png.transform/1col/image.png,,14.0,14,7.0,,,,,+2 Laps,0.0,70.0,2021,13,Dutch Grand Prix
88,R KUBICA,KUB,kubica,Alfa Romeo Racing,900000,alfa,Robert,Kubica,Robert Kubica,None,,15.0,15,16.0,,,,,+2 Laps,0.0,70.0,2021,13,Dutch Grand Prix
6,N LATIFI,LAT,latifi,Williams,005AFF,williams,Nicholas,Latifi,Nicholas Latifi,https://www.formula1.com/content/dam/fom-website/drivers/N/NICLAF01_Nicholas_Latifi/niclaf01.png.transform/1col/image.png,,16.0,16,0.0,,,,,+2 Laps,0.0,70.0,2021,13,Dutch Grand Prix
63,G RUSSELL,RUS,russell,Williams,005AFF,williams,George,Russell,George Russell,https://www.formula1.com/content/dam/fom-website/drivers/G/GEORUS01_George_Russell/georus01.png.transform/1col/image.png,,17.0,17,11.0,,,,,Gearbox,0.0,69.0,2021,13,Dutch Grand Prix
47,M SCHUMACHER,MSC,mick_schumacher,Haas F1 Team,FFFFFF,haas,Mick,Schumacher,Mick Schumacher,https://www.formula1.com/content/dam/fom-website/drivers/M/MICSCH02_Mick_Schumacher/micsch02.png.transform/1col/image.png,,18.0,18,17.0,,,,,+3 Laps,0.0,69.0,2021,13,Dutch Grand Prix
22,Y TSUNODA,TSU,tsunoda,AlphaTauri,2B4562,alphatauri,Yuki,Tsunoda,Yuki Tsunoda,https://www.formula1.com/content/dam/fom-website/drivers/Y/YUKTSU01_Yuki_Tsunoda/yuktsu01.png.transform/1col/image.png,,19.0,R,14.0,,,,,Power Unit,0.0,48.0,2021,13,Dutch Grand Prix
9,N MAZEPIN,MAZ,mazepin,Haas F1 Team,FFFFFF,haas,Nikita,Mazepin,Nikita Mazepin,https://www.formula1.com/content/dam/fom-website/drivers/N/NIKMAZ01_Nikita_Mazepin/nikmaz01.png.transform/1col/image.png,,20.0,R,18.0,,,,,Hydraulics,0.0,41.0,2021,13,Dutch Grand Prix
9,N MAZEPIN,MAZ,mazepin,Haas F1 Team,FFFFFF,haas,Nikita,Mazepin,Nikita Mazepin,https://www.formula1.com/content/dam/fom-website/drivers/N/NIKMAZ01_Nikita_Mazepin/nikmaz01.png.transform/1col/image.png,,16.0,R,16.0,,,,,Power Unit,0.0,41.0,2021,14,Italian Grand Prix
44,L HAMILTON,HAM,hamilton,Mercedes,00D2BE,mercedes,Lewis,Hamilton,Lewis Hamilton,https://www.formula1.com/content/dam/fom-website/drivers/L/LEWHAM01_Lewis_Hamilton/lewham01.png.transform/1col/image.png,,17.0,R,4.0,,,,,Collision,0.0,25.0,2021,14,Italian Grand Prix
33,M VERSTAPPEN,VER,max_verstappen,Red Bull Racing,0600EF,red_bull,Max,Verstappen,Max Verstappen,https://www.formula1.com/content/dam/fom-website/drivers/M/MAXVER01_Max_Verstappen/maxver01.png.transform/1col/image.png,,18.0,R,1.0,,,,,Collision,0.0,25.0,2021,14,Italian Grand Prix
10,P GASLY,GAS,gasly,AlphaTauri,2B4562,alphatauri,Pierre,Gasly,Pierre Gasly,https://www.formula1.com/content/dam/fom-website/drivers/P/PIEGAS01_Pierre_Gasly/piegas01.png.transform/1col/image.png,,19.0,R,0.0,,,,,Suspension,0.0,3.0,2021,14,Italian Grand Prix
22,Y TSUNODA,TSU,tsunoda,AlphaTauri,2B4562,alphatauri,Yuki,Tsunoda,Yuki Tsunoda,https://www.formula1.com/content/dam/fom-website/drivers/Y/YUKTSU01_Yuki_Tsunoda/yuktsu01.png.transform/1col/image.png,,20.0,W,0.0,,,,,Brakes,0.0,0.0,2021,14,Italian Grand Prix
5,S VETTEL,VET,vettel,Aston Martin,006F62,aston_martin,Sebastian,Vettel,Sebastian Vettel,https://www.formula1.com/content/dam/fom-website/drivers/S/SEBVET01_Sebastian_Vettel/sebvet01.png.transform/1col/image.png,,12.0,12,10.0,,,,,+1 Lap,0.0,52.0,2021,15,Russian Grand Prix
10,P GASLY,GAS,gasly,AlphaTauri,2B4562,alphatauri,Pierre,Gasly,Pierre Gasly,https://www.formula1.com/content/dam/fom-website/drivers/P/PIEGAS01_Pierre_Gasly/piegas01.png.transform/1col/image.png,,13.0,13,11.0,,,,,+1 Lap,0.0,52.0,2021,15,Russian Grand Prix
31,E OCON,OCO,ocon,Alpine,0090FF,alpine,Esteban,Ocon,Esteban Ocon,https://www.formula1.com/content/dam/fom-website/drivers/E/ESTOCO01_Esteban_Ocon/estoco01.png.transform/1col/image.png,,14.0,14,9.0,,,,,+1 Lap,0.0,52.0,2021,15,Russian Grand Prix
16,C LECLERC,LEC,leclerc,Ferrari,DC0004,ferrari,Charles,Leclerc,Charles Leclerc,https://www.formula1.com/content/dam/fom-website/drivers/C/CHALEC01_Charles_Leclerc/chalec01.png.transform/1col/image.png,,15.0,15,19.0,,,,,+1 Lap,0.0,52.0,2021,15,Russian Grand Prix
99,A GIOVINAZZI,GIO,giovinazzi,Alfa Romeo Racing,900000,alfa,Antonio,Giovinazzi,Antonio Giovinazzi,https://www.formula1.com/content/dam/fom-website/drivers/A/ANTGIO01_Antonio_Giovinazzi/antgio01.png.transform/1col/image.png,,16.0,16,17.0,,,,,+1 Lap,0.0,52.0,2021,15,Russian Grand Prix
22,Y TSUNODA,TSU,tsunoda,AlphaTauri,2B4562,alphatauri,Yuki,Tsunoda,Yuki Tsunoda,https://www.formula1.com/content/dam/fom-website/drivers/Y/YUKTSU01_Yuki_Tsunoda/yuktsu01.png.transform/1col/image.png,,17.0,17,12.0,,,,,+1 Lap,0.0,52.0,2021,15,Russian Grand Prix
9,N MAZEPIN,MAZ,mazepin,Haas F1 Team,FFFFFF,haas,Nikita,Mazepin,Nikita Mazepin,https://www.formula1.com/content/dam/fom-website/drivers/N/NIKMAZ01_Nikita_Mazepin/nikmaz01.png.transform/1col/image.png,,18.0,18,15.0,,,,,+2 Laps,0.0,51.0,2021,15,Russian Grand Prix
6,N LATIFI,LAT,latifi,Williams,005AFF,williams,Nicholas,Latifi,Nicholas Latifi,https://www.formula1.com/content/dam/fom-website/drivers/N/NICLAF01_Nicholas_Latifi/niclaf01.png.transform/1col/image.png,,19.0,19,18.0,,,,,Accident,0.0,47.0,2021,15,Russian Grand Prix
47,M SCHUMACHER,MSC,mick_schumacher,Haas F1 Team,FFFFFF,haas,Mick,Schumacher,Mick Schumacher,https://www.formula1.com/content/dam/fom-website/drivers/M/MICSCH02_Mick_Schumacher/micsch02.png.transform/1col/image.png,,20.0,R,14.0,,,,,Oil leak,0.0,32.0,2021,15,Russian Grand Prix
31,E OCON,OCO,ocon,Alpine,0090FF,alpine,Esteban,Ocon,Esteban Ocon,https://www.formula1.com/content/dam/fom-website/drivers/E/ESTOCO01_Esteban_Ocon/estoco01.png.transform/1col/image.png,,10.0,10,12.0,,,,,+1 Lap,1.0,57.0,2021,16,Turkish Grand Prix
99,A GIOVINAZZI,GIO,giovinazzi,Alfa Romeo Racing,900000,alfa,Antonio,Giovinazzi,Antonio Giovinazzi,https://www.formula1.com/content/dam/fom-website/drivers/A/ANTGIO01_Antonio_Giovinazzi/antgio01.png.transform/1col/image.png,,11.0,11,16.0,,,,,+1 Lap,0.0,57.0,2021,16,Turkish Grand Prix
7,K RAIKKONEN,RAI,raikkonen,Alfa Romeo Racing,900000,alfa,Kimi,Räikkönen,Kimi Räikkönen,https://www.formula1.com/content/dam/fom-website/drivers/K/KIMRAI01_Kimi_R%C3%A4ikk%C3%B6nen/kimrai01.png.transform/1col/image.png,,12.0,12,17.0,,,,,+1 Lap,0.0,57.0,2021,16,Turkish Grand Prix
3,D RICCIARDO,RIC,ricciardo,McLaren,FF9800,mclaren,Daniel,Ricciardo,Daniel Ricciardo,https://www.formula1.com/content/dam/fom-website/drivers/D/DANRIC01_Daniel_Ricciardo/danric01.png.transform/1col/image.png,,13.0,13,20.0,,,,,+1 Lap,0.0,57.0,2021,16,Turkish Grand Prix
22,Y TSUNODA,TSU,tsunoda,AlphaTauri,2B4562,alphatauri,Yuki,Tsunoda,Yuki Tsunoda,https://www.formula1.com/content/dam/fom-website/drivers/Y/YUKTSU01_Yuki_Tsunoda/yuktsu01.png.transform/1col/image.png,,14.0,14,9.0,,,,,+1 Lap,0.0,57.0,2021,16,Turkish Grand Prix
63,G RUSSELL,RUS,russell,Williams,005AFF,williams,George,Russell,George Russell,https://www.formula1.com/content/dam/fom-website/drivers/G/GEORUS01_George_Russell/georus01.png.transform/1col/image.png,,15.0,15,13.0,,,,,+1 Lap,0.0,57.0,2021,16,Turkish Grand Prix
14,F ALONSO,ALO,alonso,Alpine,0090FF,alpine,Fernando,Alonso,Fernando Alonso,https://www.formula1.com/content/dam/fom-website/drivers/F/FERALO01_Fernando_Alonso/feralo01.png.transform/1col/image.png,,16.0,16,5.0,,,,,+1 Lap,0.0,57.0,2021,16,Turkish Grand Prix
6,N LATIFI,LAT,latifi,Williams,005AFF,williams,Nicholas,Latifi,Nicholas Latifi,https://www.formula1.com/content/dam/fom-website/drivers/N/NICLAF01_Nicholas_Latifi/niclaf01.png.transform/1col/image.png,,17.0,17,15.0,,,,,+1 Lap,0.0,57.0,2021,16,Turkish Grand Prix
5,S VETTEL,VET,vettel,Aston Martin,006F62,aston_martin,Sebastian,Vettel,Sebastian Vettel,https://www.formula1.com/content/dam/fom-website/drivers/S/SEBVET01_Sebastian_Vettel/sebvet01.png.transform/1col/image.png,,18.0,18,10.0,,,,,+1 Lap,0.0,57.0,2021,16,Turkish Grand Prix
47,M SCHUMACHER,MSC,mick_schumacher,Haas F1 Team,FFFFFF,haas,Mick,Schumacher,Mick Schumacher,https://www.formula1.com/content/dam/fom-website/drivers/M/MICSCH02_Mick_Schumacher/micsch02.png.transform/1col/image.png,,19.0,19,14.0,,,,,+2 Laps,0.0,56.0,2021,16,Turkish Grand Prix
9,N MAZEPIN,MAZ,mazepin,Haas F1 Team,FFFFFF,haas,Nikita,Mazepin,Nikita Mazepin,https://www.formula1.com/content/dam/fom-website/drivers/N/NIKMAZ01_Nikita_Mazepin/nikmaz01.png.transform/1col/image.png,,20.0,20,18.0,,,,,+2 Laps,0.0,56.0,2021,16,Turkish Grand Prix
22,Y TSUNODA,TSU,tsunoda,AlphaTauri,2B4562,alphatauri,Yuki,Tsunoda,Yuki Tsunoda,https://www.formula1.com/content/dam/fom-website/drivers/Y/YUKTSU01_Yuki_Tsunoda/yuktsu01.png.transform/1col/image.png,,9.0,9,10.0,,,,,+1 Lap,2.0,55.0,2021,17,United States Grand Prix
5,S VETTEL,VET,vettel,Aston Martin,006F62,aston_martin,Sebastian,Vettel,Sebastian Vettel,https://www.formula1.com/content/dam/fom-website/drivers/S/SEBVET01_Sebastian_Vettel/sebvet01.png.transform/1col/image.png,,10.0,10,18.0,,,,,+1 Lap,1.0,55.0,2021,17,United States Grand Prix
99,A GIOVINAZZI,GIO,giovinazzi,Alfa Romeo Racing,900000,alfa,Antonio,Giovinazzi,Antonio Giovinazzi,https://www.formula1.com/content/dam/fom-website/drivers/A/ANTGIO01_Antonio_Giovinazzi/antgio01.png.transform/1col/image.png,,11.0,11,12.0,,,,,+1 Lap,0.0,55.0,2021,17,United States Grand Prix
18,L STROLL,STR,stroll,Aston Martin,006F62,aston_martin,Lance,Stroll,Lance Stroll,https://www.formula1.com/content/dam/fom-website/drivers/L/LANSTR01_Lance_Stroll/lanstr01.png.transform/1col/image.png,,12.0,12,13.0,,,,,+1 Lap,0.0,55.0,2021,17,United States Grand Prix
7,K RAIKKONEN,RAI,raikkonen,Alfa Romeo Racing,900000,alfa,Kimi,Räikkönen,Kimi Räikkönen,https://www.formula1.com/content/dam/fom-website/drivers/K/KIMRAI01_Kimi_R%C3%A4ikk%C3%B6nen/kimrai01.png.transform/1col/image.png,,13.0,13,15.0,,,,,+1 Lap,0.0,55.0,2021,17,United States Grand Prix
63,G RUSSELL,RUS,russell,Williams,005AFF,williams,George,Russell,George Russell,https://www.formula1.com/content/dam/fom-website/drivers/G/GEORUS01_George_Russell/georus01.png.transform/1col/image.png,,14.0,14,20.0,,,,,+1 Lap,0.0,55.0,2021,17,United States Grand Prix
6,N LATIFI,LAT,latifi,Williams,005AFF,williams,Nicholas,Latifi,Nicholas Latifi,https://www.formula1.com/content/dam/fom-website/drivers/N/NICLAF01_Nicholas_Latifi/niclaf01.png.transform/1col/image.png,,15.0,15,14.0,,,,,+1 Lap,0.0,55.0,2021,17,United States Grand Prix
47,M SCHUMACHER,MSC,mick_schumacher,Haas F1 Team,FFFFFF,haas,Mick,Schumacher,Mick Schumacher,https://www.formula1.com/content/dam/fom-website/drivers/M/MICSCH02_Mick_Schumacher/micsch02.png.transform/1col/image.png,,16.0,16,16.0,,,,,+2 Laps,0.0,54.0,2021,17,United States Grand Prix
9,N MAZEPIN,MAZ,mazepin,Haas F1 Team,FFFFFF,haas,Nikita,Mazepin,Nikita Mazepin,https://www.formula1.com/content/dam/fom-website/drivers/N/NIKMAZ01_Nikita_Mazepin/nikmaz01.png.transform/1col/image.png,,17.0,17,17.0,,,,,+2 Laps,0.0,54.0,2021,17,United States Grand Prix
14,F ALONSO,ALO,alonso,Alpine,0090FF,alpine,Fernando,Alonso,Fernando Alonso,https://www.formula1.com/content/dam/fom-website/drivers/F/FERALO01_Fernando_Alonso/feralo01.png.transform/1col/image.png,,18.0,R,19.0,,,,,Rear wing,0.0,49.0,2021,17,United States Grand Prix
31,E OCON,OCO,ocon,Alpine,0090FF,alpine,Esteban,Ocon,Esteban Ocon,https://www.formula1.com/content/dam/fom-website/drivers/E/ESTOCO01_Esteban_Ocon/estoco01.png.transform/1col/image.png,,19.0,R,11.0,,,,,Mechanical,0.0,40.0,2021,17,United States Grand Prix
10,P GASLY,GAS,gasly,AlphaTauri,2B4562,alphatauri,Pierre,Gasly,Pierre Gasly,https://www.formula1.com/content/dam/fom-website/drivers/P/PIEGAS01_Pierre_Gasly/piegas01.png.transform/1col/image.png,,20.0,R,8.0,,,,,Suspension,0.0,14.0,2021,17,United States Grand Prix
55,C SAINZ,SAI,sainz,Ferrari,DC0004,ferrari,Carlos,Sainz,Carlos Sainz,https://www.formula1.com/content/dam/fom-website/drivers/C/CARSAI01_Carlos_Sainz/carsai01.png.transform/1col/image.png,,6.0,6,6.0,,,,,+1 Lap,8.0,70.0,2021,18,Mexico City Grand Prix
5,S VETTEL,VET,vettel,Aston Martin,006F62,aston_martin,Sebastian,Vettel,Sebastian Vettel,https://www.formula1.com/content/dam/fom-website/drivers/S/SEBVET01_Sebastian_Vettel/sebvet01.png.transform/1col/image.png,,7.0,7,9.0,,,,,+1 Lap,6.0,70.0,2021,18,Mexico City Grand Prix
7,K RAIKKONEN,RAI,raikkonen,Alfa Romeo Racing,900000,alfa,Kimi,Räikkönen,Kimi Räikkönen,https://www.formula1.com/content/dam/fom-website/drivers/K/KIMRAI01_Kimi_R%C3%A4ikk%C3%B6nen/kimrai01.png.transform/1col/image.png,,8.0,8,10.0,,,,,+1 Lap,4.0,70.0,2021,18,Mexico City Grand Prix
14,F ALONSO,ALO,alonso,Alpine,0090FF,alpine,Fernando,Alonso,Fernando Alonso,https://www.formula1.com/content/dam/fom-website/drivers/F/FERALO01_Fernando_Alonso/feralo01.png.transform/1col/image.png,,9.0,9,12.0,,,,,+1 Lap,2.0,70.0,2021,18,Mexico City Grand Prix
4,L NORRIS,NOR,norris,McLaren,FF9800,mclaren,Lando,Norris,Lando Norris,https://www.formula1.com/content/dam/fom-website/drivers/L/LANNOR01_Lando_Norris/lannor01.png.transform/1col/image.png,,10.0,10,18.0,,,,,+1 Lap,1.0,70.0,2021,18,Mexico City Grand Prix
99,A GIOVINAZZI,GIO,giovinazzi,Alfa Romeo Racing,900000,alfa,Antonio,Giovinazzi,Antonio Giovinazzi,https://www.formula1.com/content/dam/fom-website/drivers/A/ANTGIO01_Antonio_Giovinazzi/antgio01.png.transform/1col/image.png,,11.0,11,11.0,,,,,+1 Lap,0.0,70.0,2021,18,Mexico City Grand Prix
3,D RICCIARDO,RIC,ricciardo,McLaren,FF9800,mclaren,Daniel,Ricciardo,Daniel Ricciardo,https://www.formula1.com/content/dam/fom-website/drivers/D/DANRIC01_Daniel_Ricciardo/danric01.png.transform/1col/image.png,,12.0,12,7.0,,,,,+1 Lap,0.0,70.0,2021,18,Mexico City Grand Prix
31,E OCON,OCO,ocon,Alpine,0090FF,alpine,Esteban,Ocon,Esteban Ocon,https://www.formula1.com/content/dam/fom-website/drivers/E/ESTOCO01_Esteban_Ocon/estoco01.png.transform/1col/image.png,,13.0,13,19.0,,,,,+1 Lap,0.0,70.0,2021,18,Mexico City Grand Prix
18,L STROLL,STR,stroll,Aston Martin,006F62,aston_martin,Lance,Stroll,Lance Stroll,https://www.formula1.com/content/dam/fom-website/drivers/L/LANSTR01_Lance_Stroll/lanstr01.png.transform/1col/image.png,,14.0,14,20.0,,,,,+2 Laps,0.0,69.0,2021,18,Mexico City Grand Prix
77,V BOTTAS,BOT,bottas,Mercedes,00D2BE,mercedes,Valtteri,Bottas,Valtteri Bottas,https://www.formula1.com/content/dam/fom-website/drivers/V/VALBOT01_Valtteri_Bottas/valbot01.png.transform/1col/image.png,,15.0,15,1.0,,,,,+2 Laps,0.0,69.0,2021,18,Mexico City Grand Prix
63,G RUSSELL,RUS,russell,Williams,005AFF,williams,George,Russell,George Russell,https://www.formula1.com/content/dam/fom-website/drivers/G/GEORUS01_George_Russell/georus01.png.transform/1col/image.png,,16.0,16,16.0,,,,,+2 Laps,0.0,69.0,2021,18,Mexico City Grand Prix
6,N LATIFI,LAT,latifi,Williams,005AFF,williams,Nicholas,Latifi,Nicholas Latifi,https://www.formula1.com/content/dam/fom-website/drivers/N/NICLAF01_Nicholas_Latifi/niclaf01.png.transform/1col/image.png,,17.0,17,13.0,,,,,+2 Laps,0.0,69.0,2021,18,Mexico City Grand Prix
9,N MAZEPIN,MAZ,mazepin,Haas F1 Team,FFFFFF,haas,Nikita,Mazepin,Nikita Mazepin,https://www.formula1.com/content/dam/fom-website/drivers/N/NIKMAZ01_Nikita_Mazepin/nikmaz01.png.transform/1col/image.png,,18.0,18,15.0,,,,,+3 Laps,0.0,68.0,2021,18,Mexico City Grand Prix
47,M SCHUMACHER,MSC,mick_schumacher,Haas F1 Team,FFFFFF,haas,Mick,Schumacher,Mick Schumacher,https://www.formula1.com/content/dam/fom-website/drivers/M/MICSCH02_Mick_Schumacher/micsch02.png.transform/1col/image.png,,19.0,R,14.0,,,,,Collision,0.0,0.0,2021,18,Mexico City Grand Prix
22,Y TSUNODA,TSU,tsunoda,AlphaTauri,2B4562,alphatauri,Yuki,Tsunoda,Yuki Tsunoda,https://www.formula1.com/content/dam/fom-website/drivers/Y/YUKTSU01_Yuki_Tsunoda/yuktsu01.png.transform/1col/image.png,,20.0,R,17.0,,,,,Collision,0.0,0.0,2021,18,Mexico City Grand Prix
10,P GASLY,GAS,gasly,AlphaTauri,2B4562,alphatauri,Pierre,Gasly,Pierre Gasly,https://www.formula1.com/content/dam/fom-website/drivers/P/PIEGAS01_Pierre_Gasly/piegas01.png.transform/1col/image.png,,7.0,7,7.0,,,,,+1 Lap,6.0,70.0,2021,19,São Paulo Grand Prix
31,E OCON,OCO,ocon,Alpine,0090FF,alpine,Esteban,Ocon,Esteban Ocon,https://www.formula1.com/content/dam/fom-website/drivers/E/ESTOCO01_Esteban_Ocon/estoco01.png.transform/1col/image.png,,8.0,8,8.0,,,,,+1 Lap,4.0,70.0,2021,19,São Paulo Grand Prix
14,F ALONSO,ALO,alonso,Alpine,0090FF,alpine,Fernando,Alonso,Fernando Alonso,https://www.formula1.com/content/dam/fom-website/drivers/F/FERALO01_Fernando_Alonso/feralo01.png.transform/1col/image.png,,9.0,9,12.0,,,,,+1 Lap,2.0,70.0,2021,19,São Paulo Grand Prix
4,L NORRIS,NOR,norris,McLaren,FF9800,mclaren,Lando,Norris,Lando Norris,https://www.formula1.com/content/dam/fom-website/drivers/L/LANNOR01_Lando_Norris/lannor01.png.transform/1col/image.png,,10.0,10,5.0,,,,,+1 Lap,1.0,70.0,2021,19,São Paulo Grand Prix
5,S VETTEL,VET,vettel,Aston Martin,006F62,aston_martin,Sebastian,Vettel,Sebastian Vettel,https://www.formula1.com/content/dam/fom-website/drivers/S/SEBVET01_Sebastian_Vettel/sebvet01.png.transform/1col/image.png,,11.0,11,9.0,,,,,+1 Lap,0.0,70.0,2021,19,São Paulo Grand Prix
7,K RAIKKONEN,RAI,raikkonen,Alfa Romeo Racing,900000,alfa,Kimi,Räikkönen,Kimi Räikkönen,https://www.formula1.com/content/dam/fom-website/drivers/K/KIMRAI01_Kimi_R%C3%A4ikk%C3%B6nen/kimrai01.png.transform/1col/image.png,,12.0,12,0.0,,,,,+1 Lap,0.0,70.0,2021,19,São Paulo Grand Prix
63,G RUSSELL,RUS,russell,Williams,005AFF,williams,George,Russell,George Russell,https://www.formula1.com/content/dam/fom-website/drivers/G/GEORUS01_George_Russell/georus01.png.transform/1col/image.png,,13.0,13,17.0,,,,,+1 Lap,0.0,70.0,2021,19,São Paulo Grand Prix
99,A GIOVINAZZI,GIO,giovinazzi,Alfa Romeo Racing,900000,alfa,Antonio,Giovinazzi,Antonio Giovinazzi,https://www.formula1.com/content/dam/fom-website/drivers/A/ANTGIO01_Antonio_Giovinazzi/antgio01.png.transform/1col/image.png,,14.0,14,13.0,,,,,+1 Lap,0.0,70.0,2021,19,São Paulo Grand Prix
22,Y TSUNODA,TSU,tsunoda,AlphaTauri,2B4562,alphatauri,Yuki,Tsunoda,Yuki Tsunoda,https://www.formula1.com/content/dam/fom-website/drivers/Y/YUKTSU01_Yuki_Tsunoda/yuktsu01.png.transform/1col/image.png,,15.0,15,15.0,,,,,+1 Lap,0.0,70.0,2021,19,São Paulo Grand Prix
6,N LATIFI,LAT,latifi,Williams,005AFF,williams,Nicholas,Latifi,Nicholas Latifi,https://www.formula1.com/content/dam/fom-website/drivers/N/NICLAF01_Nicholas_Latifi/niclaf01.png.transform/1col/image.png,,16.0,16,16.0,,,,,+1 Lap,0.0,70.0,2021,19,São Paulo Grand Prix
9,N MAZEPIN,MAZ,mazepin,Haas F1 Team,FFFFFF,haas,Nikita,Mazepin,Nikita Mazepin,https://www.formula1.com/content/dam/fom-website/drivers/N/NIKMAZ01_Nikita_Mazepin/nikmaz01.png.transform/1col/image.png,,17.0,17,19.0,,,,,+2 Laps,0.0,69.0,2021,19,São Paulo Grand Prix
47,M SCHUMACHER,MSC,mick_schumacher,Haas F1 Team,FFFFFF,haas,Mick,Schumacher,Mick Schumacher,https://www.formula1.com/content/dam/fom-website/drivers/M/MICSCH02_Mick_Schumacher/micsch02.png.transform/1col/image.png,,18.0,18,18.0,,,,,+2 Laps,0.0,69.0,2021,19,São Paulo Grand Prix
3,D RICCIARDO,RIC,ricciardo,McLaren,FF9800,mclaren,Daniel,Ricciardo,Daniel Ricciardo,https://www.formula1.com/content/dam/fom-website/drivers/D/DANRIC01_Daniel_Ricciardo/danric01.png.transform/1col/image.png,,19.0,R,11.0,,,,,Power loss,0.0,49.0,2021,19,São Paulo Grand Prix
18,L STROLL,STR,stroll,Aston Martin,006F62,aston_martin,Lance,Stroll,Lance Stroll,https://www.formula1.com/content/dam/fom-website/drivers/L/LANSTR01_Lance_Stroll/lanstr01.png.transform/1col/image.png,,20.0,R,14.0,,,,,Collision damage,0.0,47.0,2021,19,São Paulo Grand Prix
4,L NORRIS,NOR,norris,McLaren,FF9800,mclaren,Lando,Norris,Lando Norris,https://www.formula1.com/content/dam/fom-website/drivers/L/LANNOR01_Lando_Norris/lannor01.png.transform/1col/image.png,,9.0,9,4.0,,,,,+1 Lap,2.0,56.0,2021,20,Qatar Grand Prix
5,S VETTEL,VET,vettel,Aston Martin,006F62,aston_martin,Sebastian,Vettel,Sebastian Vettel,https://www.formula1.com/content/dam/fom-website/drivers/S/SEBVET01_Sebastian_Vettel/sebvet01.png.transform/1col/image.png,,10.0,10,10.0,,,,,+1 Lap,1.0,56.0,2021,20,Qatar Grand Prix
10,P GASLY,GAS,gasly,AlphaTauri,2B4562,alphatauri,Pierre,Gasly,Pierre Gasly,https://www.formula1.com/content/dam/fom-website/drivers/P/PIEGAS01_Pierre_Gasly/piegas01.png.transform/1col/image.png,,11.0,11,2.0,,,,,+1 Lap,0.0,56.0,2021,20,Qatar Grand Prix
3,D RICCIARDO,RIC,ricciardo,McLaren,FF9800,mclaren,Daniel,Ricciardo,Daniel Ricciardo,https://www.formula1.com/content/dam/fom-website/drivers/D/DANRIC01_Daniel_Ricciardo/danric01.png.transform/1col/image.png,,12.0,12,14.0,,,,,+1 Lap,0.0,56.0,2021,20,Qatar Grand Prix
22,Y TSUNODA,TSU,tsunoda,AlphaTauri,2B4562,alphatauri,Yuki,Tsunoda,Yuki Tsunoda,https://www.formula1.com/content/dam/fom-website/drivers/Y/YUKTSU01_Yuki_Tsunoda/yuktsu01.png.transform/1col/image.png,,13.0,13,8.0,,,,,+1 Lap,0.0,56.0,2021,20,Qatar Grand Prix
7,K RAIKKONEN,RAI,raikkonen,Alfa Romeo Racing,900000,alfa,Kimi,Räikkönen,Kimi Räikkönen,https://www.formula1.com/content/dam/fom-website/drivers/K/KIMRAI01_Kimi_R%C3%A4ikk%C3%B6nen/kimrai01.png.transform/1col/image.png,,14.0,14,16.0,,,,,+1 Lap,0.0,56.0,2021,20,Qatar Grand Prix
99,A GIOVINAZZI,GIO,giovinazzi,Alfa Romeo Racing,900000,alfa,Antonio,Giovinazzi,Antonio Giovinazzi,https://www.formula1.com/content/dam/fom-website/drivers/A/ANTGIO01_Antonio_Giovinazzi/antgio01.png.transform/1col/image.png,,15.0,15,18.0,,,,,+1 Lap,0.0,56.0,2021,20,Qatar Grand Prix
47,M SCHUMACHER,MSC,mick_schumacher,Haas F1 Team,FFFFFF,haas,Mick,Schumacher,Mick Schumacher,https://www.formula1.com/content/dam/fom-website/drivers/M/MICSCH02_Mick_Schumacher/micsch02.png.transform/1col/image.png,,16.0,16,19.0,,,,,+1 Lap,0.0,56.0,2021,20,Qatar Grand Prix
63,G RUSSELL,RUS,russell,Williams,005AFF,williams,George,Russell,George Russell,https://www.formula1.com/content/dam/fom-website/drivers/G/GEORUS01_George_Russell/georus01.png.transform/1col/image.png,,17.0,17,15.0,,,,,+2 Laps,0.0,55.0,2021,20,Qatar Grand Prix
9,N MAZEPIN,MAZ,mazepin,Haas F1 Team,FFFFFF,haas,Nikita,Mazepin,Nikita Mazepin,https://www.formula1.com/content/dam/fom-website/drivers/N/NIKMAZ01_Nikita_Mazepin/nikmaz01.png.transform/1col/image.png,,18.0,18,20.0,,,,,+2 Laps,0.0,55.0,2021,20,Qatar Grand Prix
6,N LATIFI,LAT,latifi,Williams,005AFF,williams,Nicholas,Latifi,Nicholas Latifi,https://www.formula1.com/content/dam/fom-website/drivers/N/NICLAF01_Nicholas_Latifi/niclaf01.png.transform/1col/image.png,,19.0,R,17.0,,,,,Puncture,0.0,50.0,2021,20,Qatar Grand Prix
77,V BOTTAS,BOT,bottas,Mercedes,00D2BE,mercedes,Valtteri,Bottas,Valtteri Bottas,https://www.formula1.com/content/dam/fom-website/drivers/V/VALBOT01_Valtteri_Bottas/valbot01.png.transform/1col/image.png,,20.0,R,6.0,,,,,Damage,0.0,48.0,2021,20,Qatar Grand Prix
14,F ALONSO,ALO,alonso,Alpine,0090FF,alpine,Fernando,Alonso,Fernando Alonso,https://www.formula1.com/content/dam/fom-website/drivers/F/FERALO01_Fernando_Alonso/feralo01.png.transform/1col/image.png,,13.0,13,13.0,,,,,+1 Lap,0.0,49.0,2021,21,Saudi Arabian Grand Prix
22,Y TSUNODA,TSU,tsunoda,AlphaTauri,2B4562,alphatauri,Yuki,Tsunoda,Yuki Tsunoda,https://www.formula1.com/content/dam/fom-website/drivers/Y/YUKTSU01_Yuki_Tsunoda/yuktsu01.png.transform/1col/image.png,,14.0,14,8.0,,,,,+1 Lap,0.0,49.0,2021,21,Saudi Arabian Grand Prix
7,K RAIKKONEN,RAI,raikkonen,Alfa Romeo Racing,900000,alfa,Kimi,Räikkönen,Kimi Räikkönen,https://www.formula1.com/content/dam/fom-website/drivers/K/KIMRAI01_Kimi_R%C3%A4ikk%C3%B6nen/kimrai01.png.transform/1col/image.png,,15.0,15,12.0,,,,,+1 Lap,0.0,49.0,2021,21,Saudi Arabian Grand Prix
5,S VETTEL,VET,vettel,Aston Martin,006F62,aston_martin,Sebastian,Vettel,Sebastian Vettel,https://www.formula1.com/content/dam/fom-website/drivers/S/SEBVET01_Sebastian_Vettel/sebvet01.png.transform/1col/image.png,,16.0,R,17.0,,,,,Collision damage,0.0,44.0,2021,21,Saudi Arabian Grand Prix
11,S PEREZ,PER,perez,Red Bull Racing,0600EF,red_bull,Sergio,Perez,Sergio Perez,https://www.formula1.com/content/dam/fom-website/drivers/S/SERPER01_Sergio_Perez/serper01.png.transform/1col/image.png,,17.0,R,5.0,,,,,Collision,0.0,14.0,2021,21,Saudi Arabian Grand Prix
9,N MAZEPIN,MAZ,mazepin,Haas F1 Team,FFFFFF,haas,Nikita,Mazepin,Nikita Mazepin,https://www.formula1.com/content/dam/fom-website/drivers/N/NIKMAZ01_Nikita_Mazepin/nikmaz01.png.transform/1col/image.png,,18.0,R,20.0,,,,,Collision,0.0,14.0,2021,21,Saudi Arabian Grand Prix
63,G RUSSELL,RUS,russell,Williams,005AFF,williams,George,Russell,George Russell,https://www.formula1.com/content/dam/fom-website/drivers/G/GEORUS01_George_Russell/georus01.png.transform/1col/image.png,,19.0,R,14.0,,,,,Collision,0.0,14.0,2021,21,Saudi Arabian Grand Prix
47,M SCHUMACHER,MSC,mick_schumacher,Haas F1 Team,FFFFFF,haas,Mick,Schumacher,Mick Schumacher,https://www.formula1.com/content/dam/fom-website/drivers/M/MICSCH02_Mick_Schumacher/micsch02.png.transform/1col/image.png,,20.0,R,19.0,,,,,Accident,0.0,8.0,2021,21,Saudi Arabian Grand Prix
3,D RICCIARDO,RIC,ricciardo,McLaren,FF9800,mclaren,Daniel,Ricciardo,Daniel Ricciardo,https://www.formula1.com/content/dam/fom-website/drivers/D/DANRIC01_Daniel_Ricciardo/danric01.png.transform/1col/image.png,,12.0,12,10.0,,,,,+1 Lap,0.0,57.0,2021,22,Abu Dhabi Grand Prix
18,L STROLL,STR,stroll,Aston Martin,006F62,aston_martin,Lance,Stroll,Lance Stroll,https://www.formula1.com/content/dam/fom-website/drivers/L/LANSTR01_Lance_Stroll/lanstr01.png.transform/1col/image.png,,13.0,13,13.0,,,,,+1 Lap,0.0,57.0,2021,22,Abu Dhabi Grand Prix
47,M SCHUMACHER,MSC,mick_schumacher,Haas F1 Team,FFFFFF,haas,Mick,Schumacher,Mick Schumacher,https://www.formula1.com/content/dam/fom-website/drivers/M/MICSCH02_Mick_Schumacher/micsch02.png.transform/1col/image.png,,14.0,14,19.0,,,,,+1 Lap,0.0,57.0,2021,22,Abu Dhabi Grand Prix
11,S PEREZ,PER,perez,Red Bull Racing,0600EF,red_bull,Sergio,Perez,Sergio Perez,https://www.formula1.com/content/dam/fom-website/drivers/S/SERPER01_Sergio_Perez/serper01.png.transform/1col/image.png,,15.0,15,4.0,,,,,Engine,0.0,55.0,2021,22,Abu Dhabi Grand Prix
6,N LATIFI,LAT,latifi,Williams,005AFF,williams,Nicholas,Latifi,Nicholas Latifi,https://www.formula1.com/content/dam/fom-website/drivers/N/NICLAF01_Nicholas_Latifi/niclaf01.png.transform/1col/image.png,,16.0,R,16.0,,,,,Accident,0.0,50.0,2021,22,Abu Dhabi Grand Prix
99,A GIOVINAZZI,GIO,giovinazzi,Alfa Romeo Racing,900000,alfa,Antonio,Giovinazzi,Antonio Giovinazzi,https://www.formula1.com/content/dam/fom-website/drivers/A/ANTGIO01_Antonio_Giovinazzi/antgio01.png.transform/1col/image.png,,17.0,R,14.0,,,,,Gearbox,0.0,33.0,2021,22,Abu Dhabi Grand Prix
63,G RUSSELL,RUS,russell,Williams,005AFF,williams,George,Russell,George Russell,https://www.formula1.com/content/dam/fom-website/drivers/G/GEORUS01_George_Russell/georus01.png.transform/1col/image.png,,18.0,R,17.0,,,,,Gearbox,0.0,26.0,2021,22,Abu Dhabi Grand Prix
7,K RAIKKONEN,RAI,raikkonen,Alfa Romeo Racing,900000,alfa,Kimi,Räikkönen,Kimi Räikkönen,https://www.formula1.com/content/dam/fom-website/drivers/K/KIMRAI01_Kimi_R%C3%A4ikk%C3%B6nen/kimrai01.png.transform/1col/image.png,,19.0,R,18.0,,,,,Brakes,0.0,25.0,2021,22,Abu Dhabi Grand Prix
9,nan,MAZ,mazepin,Haas F1 Team,nan,haas,Nikita,Mazepin,Nikita Mazepin,nan,,,W,,,,,,Illness,0.0,0.0,2021,22,Abu Dhabi Grand Prix
