Driver,DriverNumber,Team,LapNumber,LapTime,Sector1Time,Sector2Time,Sector3Time,Compound,Stint,TyreLife,Position,TrackStatus,IsPersonalBest,PitOutTime,PitInTime,FreshTyre,LapStartTime,LapStartDate,IsAccurate
ALB,23,Red Bull Racing,1,117.297,None,52.414,29.861,SOFT,1,4,6,1,False,None,None,False,2021.719,2020-08-30T13:13:41.783000000,False
ALB,23,Red Bull Racing,2,111.996,31.691,50.494,29.811,SOFT,1,5,6,1,True,None,None,False,2139.181,2020-08-30T13:15:39.245000000,True
ALB,23,Red Bull Racing,3,111.516,31.545,50.127,29.844,SOFT,1,6,6,1,True,None,None,False,2251.177,2020-08-30T13:17:31.241000000,True
ALB,23,Red Bull Racing,4,111.761,31.352,50.608,29.801,SOFT,1,7,6,1,False,None,None,False,2362.693,2020-08-30T13:19:22.757000000,True
ALB,23,Red Bull Racing,5,111.417,31.483,50.122,29.812,SOFT,1,8,6,1,True,None,None,False,2474.454,2020-08-30T13:21:14.518000000,True
ALB,23,Red Bull Racing,6,111.529,31.538,50.115,29.876,SOFT,1,9,6,1,False,None,None,False,2585.871,2020-08-30T13:23:05.935000000,True
ALB,23,Red Bull Racing,7,111.545,31.976,49.819,29.75,SOFT,1,10,6,1,False,None,None,False,2697.4,2020-08-30T13:24:57.464000000,True
ALB,23,Red Bull Racing,8,111.306,31.835,49.713,29.758,SOFT,1,11,6,1,True,None,None,False,2808.945,2020-08-30T13:26:49.009000000,True
ALB,23,Red Bull Racing,9,110.937,31.708,49.543,29.686,SOFT,1,12,6,1,True,None,None,False,2920.251,2020-08-30T13:28:40.315000000,True
ALB,23,Red Bull Racing,10,110.901,31.879,49.315,29.707,SOFT,1,13,6,124,True,None,None,False,3031.188,2020-08-30T13:30:31.252000000,False
ALB,23,Red Bull Racing,11,157.681,54.655,63.533,39.493,SOFT,1,14,6,4,False,None,3296.152,False,3142.089,2020-08-30T13:32:22.153000000,False
ALB,23,Red Bull Racing,12,174.912,52.934,77.793,44.185,SOFT,2,4,7,4,False,3318.838,None,False,3299.799,2020-08-30T13:34:59.863000000,False
ALB,23,Red Bull Racing,13,178.792,45.41,84.993,48.389,SOFT,2,5,7,4,False,None,None,False,3474.679,2020-08-30T13:37:54.743000000,False
ALB,23,Red Bull Racing,14,161.06,46.18,70.49,44.39,SOFT,2,6,7,41,False,None,None,False,3653.495,2020-08-30T13:40:53.559000000,False
ALB,23,Red Bull Racing,15,112.032,31.098,51.397,29.537,SOFT,2,7,7,1,False,None,None,False,3814.508,2020-08-30T13:43:34.572000000,True
ALB,23,Red Bull Racing,16,111.343,31.138,50.739,29.466,SOFT,2,8,7,1,False,None,None,False,3926.54,2020-08-30T13:45:26.604000000,True
ALB,23,Red Bull Racing,17,111.224,31.537,50.538,29.149,SOFT,2,9,6,1,False,None,None,False,4037.883,2020-08-30T13:47:17.947000000,True
ALB,23,Red Bull Racing,18,109.565,31.432,48.648,29.485,SOFT,2,10,6,1,True,None,None,False,4149.107,2020-08-30T13:49:09.171000000,True
ALB,23,Red Bull Racing,19,109.742,31.495,48.722,29.525,SOFT,2,11,6,1,False,None,None,False,4258.672,2020-08-30T13:50:58.736000000,True
ALB,23,Red Bull Racing,20,110.213,31.491,49.295,29.427,SOFT,2,12,6,1,False,None,None,False,4368.414,2020-08-30T13:52:48.478000000,True
ALB,23,Red Bull Racing,21,111.196,31.486,50.081,29.629,SOFT,2,13,6,1,False,None,None,False,4478.627,2020-08-30T13:54:38.691000000,True
ALB,23,Red Bull Racing,22,110.221,31.191,49.475,29.555,SOFT,2,14,6,1,False,None,None,False,4589.823,2020-08-30T13:56:29.887000000,True
ALB,23,Red Bull Racing,23,110.32,31.1,49.785,29.435,SOFT,2,15,6,1,False,None,None,False,4700.044,2020-08-30T13:58:20.108000000,True
ALB,23,Red Bull Racing,24,108.94,30.896,48.444,29.6,SOFT,2,16,5,1,True,None,None,False,4810.364,2020-08-30T14:00:10.428000000,True
ALB,23,Red Bull Racing,25,109.182,31.611,47.92,29.651,SOFT,2,17,5,1,False,None,None,False,4919.304,2020-08-30T14:01:59.368000000,True
ALB,23,Red Bull Racing,26,108.792,31.545,47.806,29.441,SOFT,2,18,5,1,True,None,None,False,5028.486,2020-08-30T14:03:48.550000000,True
ALB,23,Red Bull Racing,27,108.736,31.537,47.806,29.393,SOFT,2,19,5,1,True,None,None,False,5137.278,2020-08-30T14:05:37.342000000,True
ALB,23,Red Bull Racing,28,109.062,31.573,47.92,29.569,SOFT,2,20,5,1,False,None,None,False,5246.014,2020-08-30T14:07:26.078000000,True
ALB,23,Red Bull Racing,29,108.784,31.605,47.689,29.49,SOFT,2,21,5,1,False,None,None,False,5355.076,2020-08-30T14:09:15.140000000,True
ALB,23,Red Bull Racing,30,109.158,31.604,48.024,29.53,SOFT,2,22,5,1,False,None,None,False,5463.86,2020-08-30T14:11:03.924000000,True
ALB,23,Red Bull Racing,31,109.192,31.645,48.015,29.532,SOFT,2,23,5,1,False,None,None,False,5573.018,2020-08-30T14:12:53.082000000,True
ALB,23,Red Bull Racing,32,109.282,31.708,48.042,29.532,SOFT,2,24,5,1,False,None,None,False,5682.21,2020-08-30T14:14:42.274000000,True
ALB,23,Red Bull Racing,33,109.71,31.704,48.356,29.65,SOFT,2,25,5,1,False,None,None,False,5791.492,2020-08-30T14:16:31.556000000,True
ALB,23,Red Bull Racing,34,109.619,31.78,48.295,29.544,SOFT,2,26,5,1,False,None,None,False,5901.202,2020-08-30T14:18:21.266000000,True
ALB,23,Red Bull Racing,35,110.017,31.808,48.536,29.673,SOFT,2,27,5,1,False,None,None,False,6010.821,2020-08-30T14:20:10.885000000,True
ALB,23,Red Bull Racing,36,109.956,31.735,48.475,29.746,SOFT,2,28,5,1,False,None,None,False,6120.838,2020-08-30T14:22:00.902000000,True
ALB,23,Red Bull Racing,37,109.964,31.732,48.471,29.761,SOFT,2,29,5,1,False,None,None,False,6230.794,2020-08-30T14:23:50.858000000,True
ALB,23,Red Bull Racing,38,110.184,31.805,48.486,29.893,SOFT,2,30,5,1,False,None,None,False,6340.758,2020-08-30T14:25:40.822000000,True
ALB,23,Red Bull Racing,39,109.985,31.838,48.285,29.862,SOFT,2,31,5,1,False,None,None,False,6450.942,2020-08-30T14:27:31.006000000,True
ALB,23,Red Bull Racing,40,110.375,31.787,48.768,29.82,SOFT,2,32,5,1,False,None,None,False,6560.927,2020-08-30T14:29:20.991000000,True
ALB,23,Red Bull Racing,41,110.139,31.702,48.536,29.901,SOFT,2,33,5,1,False,None,None,False,6671.302,2020-08-30T14:31:11.366000000,True
ALB,23,Red Bull Racing,42,110.257,31.756,48.736,29.765,SOFT,2,34,5,1,False,None,None,False,6781.441,2020-08-30T14:33:01.505000000,True
ALB,23,Red Bull Racing,43,110.174,31.828,48.702,29.644,SOFT,2,35,5,1,False,None,None,False,6891.698,2020-08-30T14:34:51.762000000,True
ALB,23,Red Bull Racing,44,111.459,31.752,49.925,29.782,SOFT,2,36,6,12,False,None,None,False,7001.872,2020-08-30T14:36:41.936000000,True
BOT,77,Mercedes,1,113.738,None,49.379,29.837,MEDIUM,1,4,2,1,False,None,None,False,2021.719,2020-08-30T13:13:41.783000000,False
BOT,77,Mercedes,2,110.116,31.868,48.626,29.622,MEDIUM,1,5,2,1,True,None,None,False,2135.622,2020-08-30T13:15:35.686000000,True
BOT,77,Mercedes,3,110.243,31.745,48.73,29.768,MEDIUM,1,6,2,1,False,None,None,False,2245.738,2020-08-30T13:17:25.802000000,True
BOT,77,Mercedes,4,109.937,31.691,48.665,29.581,MEDIUM,1,7,2,1,True,None,None,False,2355.981,2020-08-30T13:19:16.045000000,True
BOT,77,Mercedes,5,110.001,31.65,48.753,29.598,MEDIUM,1,8,2,1,False,None,None,False,2465.918,2020-08-30T13:21:05.982000000,True
BOT,77,Mercedes,6,110.225,31.774,48.839,29.612,MEDIUM,1,9,2,1,False,None,None,False,2575.919,2020-08-30T13:22:55.983000000,True
BOT,77,Mercedes,7,109.92,31.717,48.64,29.563,MEDIUM,1,10,2,1,True,None,None,False,2686.144,2020-08-30T13:24:46.208000000,True
BOT,77,Mercedes,8,109.897,31.771,48.498,29.628,MEDIUM,1,11,2,1,True,None,None,False,2796.064,2020-08-30T13:26:36.128000000,True
BOT,77,Mercedes,9,109.82,31.725,48.645,29.45,MEDIUM,1,12,2,1,True,None,None,False,2905.961,2020-08-30T13:28:26.025000000,True
BOT,77,Mercedes,10,110.305,31.747,48.632,29.926,MEDIUM,1,13,2,1,False,None,None,False,3015.781,2020-08-30T13:30:15.845000000,True
BOT,77,Mercedes,11,156.224,43.429,75.615,37.18,MEDIUM,1,14,2,124,False,None,3278.087,False,3126.086,2020-08-30T13:32:06.150000000,False
BOT,77,Mercedes,12,184.696,54.917,85.611,44.168,HARD,2,1,2,4,False,3303.554,None,True,3282.326,2020-08-30T13:34:42.390000000,False
BOT,77,Mercedes,13,179.992,45.086,85.422,49.484,HARD,2,2,2,4,False,None,None,True,3467.015,2020-08-30T13:37:47.079000000,False
BOT,77,Mercedes,14,165.335,43.426,74.688,47.221,HARD,2,3,2,41,False,None,None,True,3646.967,2020-08-30T13:40:47.031000000,False
BOT,77,Mercedes,15,108.824,31.325,48.127,29.372,HARD,2,4,2,1,True,None,None,True,3812.299,2020-08-30T13:43:32.363000000,True
BOT,77,Mercedes,16,108.156,31.551,47.39,29.215,HARD,2,5,2,1,True,None,None,True,3921.123,2020-08-30T13:45:21.187000000,True
BOT,77,Mercedes,17,108.481,31.403,47.642,29.436,HARD,2,6,2,1,False,None,None,True,4029.279,2020-08-30T13:47:09.343000000,True
BOT,77,Mercedes,18,109.142,31.742,47.779,29.621,HARD,2,7,2,1,False,None,None,True,4137.76,2020-08-30T13:48:57.824000000,True
BOT,77,Mercedes,19,108.752,31.691,47.565,29.496,HARD,2,8,2,1,False,None,None,True,4246.902,2020-08-30T13:50:46.966000000,True
BOT,77,Mercedes,20,108.731,31.702,47.549,29.48,HARD,2,9,2,1,False,None,None,True,4355.654,2020-08-30T13:52:35.718000000,True
BOT,77,Mercedes,21,108.85,31.67,47.623,29.557,HARD,2,10,2,1,False,None,None,True,4464.385,2020-08-30T13:54:24.449000000,True
BOT,77,Mercedes,22,108.719,31.674,47.469,29.576,HARD,2,11,2,1,False,None,None,True,4573.235,2020-08-30T13:56:13.299000000,True
BOT,77,Mercedes,23,108.538,31.664,47.399,29.475,HARD,2,12,2,1,False,None,None,True,4681.954,2020-08-30T13:58:02.018000000,True
BOT,77,Mercedes,24,108.937,31.776,47.535,29.626,HARD,2,13,2,1,False,None,None,True,4790.492,2020-08-30T13:59:50.556000000,True
BOT,77,Mercedes,25,108.407,31.574,47.417,29.416,HARD,2,14,2,1,False,None,None,True,4899.429,2020-08-30T14:01:39.493000000,True
BOT,77,Mercedes,26,108.082,31.423,47.143,29.516,HARD,2,15,2,1,True,None,None,True,5007.836,2020-08-30T14:03:27.900000000,True
BOT,77,Mercedes,27,107.983,31.462,47.248,29.273,HARD,2,16,2,1,True,None,None,True,5115.918,2020-08-30T14:05:15.982000000,True
BOT,77,Mercedes,28,108.332,31.419,47.21,29.703,HARD,2,17,2,1,False,None,None,True,5223.901,2020-08-30T14:07:03.965000000,True
BOT,77,Mercedes,29,108.129,31.564,47.294,29.271,HARD,2,18,2,1,False,None,None,True,5332.233,2020-08-30T14:08:52.297000000,True
BOT,77,Mercedes,30,108.145,31.555,47.259,29.331,HARD,2,19,2,1,False,None,None,True,5440.362,2020-08-30T14:10:40.426000000,True
BOT,77,Mercedes,31,108.595,31.603,47.464,29.528,HARD,2,20,2,1,False,None,None,True,5548.507,2020-08-30T14:12:28.571000000,True
BOT,77,Mercedes,32,108.504,31.703,47.405,29.396,HARD,2,21,2,1,False,None,None,True,5657.102,2020-08-30T14:14:17.166000000,True
BOT,77,Mercedes,33,108.457,31.752,47.331,29.374,HARD,2,22,2,1,False,None,None,True,5765.606,2020-08-30T14:16:05.670000000,True
BOT,77,Mercedes,34,108.664,31.742,47.523,29.399,HARD,2,23,2,1,False,None,None,True,5874.063,2020-08-30T14:17:54.127000000,True
BOT,77,Mercedes,35,108.687,31.713,47.512,29.462,HARD,2,24,2,1,False,None,None,True,5982.727,2020-08-30T14:19:42.791000000,True
BOT,77,Mercedes,36,108.753,31.693,47.529,29.531,HARD,2,25,2,1,False,None,None,True,6091.414,2020-08-30T14:21:31.478000000,True
BOT,77,Mercedes,37,108.894,31.712,47.575,29.607,HARD,2,26,2,1,False,None,None,True,6200.167,2020-08-30T14:23:20.231000000,True
BOT,77,Mercedes,38,108.964,31.703,47.697,29.564,HARD,2,27,2,1,False,None,None,True,6309.061,2020-08-30T14:25:09.125000000,True
BOT,77,Mercedes,39,109.051,31.742,47.651,29.658,HARD,2,28,2,1,False,None,None,True,6418.025,2020-08-30T14:26:58.089000000,True
BOT,77,Mercedes,40,109.793,31.953,48.076,29.764,HARD,2,29,2,1,False,None,None,True,6527.076,2020-08-30T14:28:47.140000000,True
BOT,77,Mercedes,41,109.881,31.917,48.35,29.614,HARD,2,30,2,1,False,None,None,True,6636.869,2020-08-30T14:30:36.933000000,True
BOT,77,Mercedes,42,109.801,31.791,48.157,29.853,HARD,2,31,2,1,False,None,None,True,6746.75,2020-08-30T14:32:26.814000000,True
BOT,77,Mercedes,43,111.094,32.151,48.991,29.952,HARD,2,32,2,1,False,None,None,True,6856.551,2020-08-30T14:34:16.615000000,True
BOT,77,Mercedes,44,111.414,32.412,48.841,30.161,HARD,2,33,2,1,False,None,None,True,6967.645,2020-08-30T14:36:07.709000000,True
GAS,10,AlphaTauri,1,119.301,None,53.392,29.654,HARD,1,1,10,1,False,None,None,True,2021.719,2020-08-30T13:13:41.783000000,False
GAS,10,AlphaTauri,2,112.409,31.997,50.699,29.713,HARD,1,2,9,1,True,None,None,True,2141.185,2020-08-30T13:15:41.249000000,True
GAS,10,AlphaTauri,3,111.368,30.935,50.68,29.753,HARD,1,3,8,1,True,None,None,True,2253.594,2020-08-30T13:17:33.658000000,True
GAS,10,AlphaTauri,4,111.903,31.226,50.977,29.7,HARD,1,4,8,1,False,None,None,True,2364.962,2020-08-30T13:19:25.026000000,True
GAS,10,AlphaTauri,5,111.803,31.11,50.726,29.967,HARD,1,5,8,1,False,None,None,True,2476.865,2020-08-30T13:21:16.929000000,True
GAS,10,AlphaTauri,6,111.629,31.221,50.652,29.756,HARD,1,6,8,1,False,None,None,True,2588.668,2020-08-30T13:23:08.732000000,True
GAS,10,AlphaTauri,7,111.773,31.214,50.766,29.793,HARD,1,7,8,1,False,None,None,True,2700.297,2020-08-30T13:25:00.361000000,True
GAS,10,AlphaTauri,8,111.915,30.924,51.182,29.809,HARD,1,8,8,1,False,None,None,True,2812.07,2020-08-30T13:26:52.134000000,True
GAS,10,AlphaTauri,9,111.679,31.283,50.607,29.789,HARD,1,9,8,1,False,None,None,True,2923.985,2020-08-30T13:28:44.049000000,True
GAS,10,AlphaTauri,10,112.989,31.709,50.035,31.245,HARD,1,10,8,124,False,None,None,True,3035.664,2020-08-30T13:30:35.728000000,False
GAS,10,AlphaTauri,11,151.431,49.969,66.284,35.178,HARD,1,11,7,4,False,None,None,True,3148.653,2020-08-30T13:32:28.717000000,False
GAS,10,AlphaTauri,12,170.515,43.694,80.797,46.024,HARD,1,12,4,4,False,None,None,True,3300.183,2020-08-30T13:35:00.247000000,False
GAS,10,AlphaTauri,13,179.016,44.69,84.637,49.689,HARD,1,13,4,4,False,None,None,True,3470.722,2020-08-30T13:37:50.786000000,False
GAS,10,AlphaTauri,14,163.624,45.68,71.383,46.561,HARD,1,14,4,41,False,None,None,True,3649.646,2020-08-30T13:40:49.710000000,False
GAS,10,AlphaTauri,15,111.631,31.121,50.812,29.698,HARD,1,15,4,1,False,None,None,True,3813.235,2020-08-30T13:43:33.299000000,True
GAS,10,AlphaTauri,16,110.314,31.511,49.286,29.517,HARD,1,16,4,1,True,None,None,True,3924.866,2020-08-30T13:45:24.930000000,True
GAS,10,AlphaTauri,17,110.343,31.576,49.123,29.644,HARD,1,17,4,1,False,None,None,True,4035.18,2020-08-30T13:47:15.244000000,True
GAS,10,AlphaTauri,18,110.295,31.539,49.102,29.654,HARD,1,18,4,1,True,None,None,True,4145.523,2020-08-30T13:49:05.587000000,True
GAS,10,AlphaTauri,19,110.78,31.635,49.499,29.646,HARD,1,19,4,1,False,None,None,True,4255.818,2020-08-30T13:50:55.882000000,True
GAS,10,AlphaTauri,20,110.575,31.573,49.372,29.63,HARD,1,20,4,1,False,None,None,True,4366.598,2020-08-30T13:52:46.662000000,True
GAS,10,AlphaTauri,21,111.698,31.553,50.596,29.549,HARD,1,21,5,1,False,None,None,True,4477.173,2020-08-30T13:54:37.237000000,True
GAS,10,AlphaTauri,22,110.405,31.424,49.362,29.619,HARD,1,22,5,1,False,None,None,True,4588.871,2020-08-30T13:56:28.935000000,True
GAS,10,AlphaTauri,23,110.498,31.515,49.347,29.636,HARD,1,23,5,1,False,None,None,True,4699.276,2020-08-30T13:58:19.340000000,True
GAS,10,AlphaTauri,24,111.73,31.552,50.583,29.595,HARD,1,24,6,1,False,None,None,True,4809.774,2020-08-30T14:00:09.838000000,True
GAS,10,AlphaTauri,25,110.768,31.349,49.671,29.748,HARD,1,25,6,1,False,None,None,True,4921.504,2020-08-30T14:02:01.568000000,True
GAS,10,AlphaTauri,26,115.857,31.463,50.473,33.921,HARD,1,26,10,1,False,None,5144.477,True,5032.272,2020-08-30T14:03:52.336000000,False
GAS,10,AlphaTauri,27,122.065,45.228,47.663,29.174,MEDIUM,2,1,16,1,False,5167.159,None,True,5148.129,2020-08-30T14:05:48.193000000,False
GAS,10,AlphaTauri,28,108.381,31.133,48.093,29.155,MEDIUM,2,2,15,1,True,None,None,True,5270.194,2020-08-30T14:07:50.258000000,True
GAS,10,AlphaTauri,29,107.839,30.744,47.985,29.11,MEDIUM,2,3,14,1,True,None,None,True,5378.575,2020-08-30T14:09:38.639000000,True
GAS,10,AlphaTauri,30,108.021,30.666,48.019,29.336,MEDIUM,2,4,13,1,False,None,None,True,5486.414,2020-08-30T14:11:26.478000000,True
GAS,10,AlphaTauri,31,108.473,31.177,48.117,29.179,MEDIUM,2,5,13,1,False,None,None,True,5594.435,2020-08-30T14:13:14.499000000,True
GAS,10,AlphaTauri,32,108.603,30.778,48.588,29.237,MEDIUM,2,6,12,1,False,None,None,True,5702.908,2020-08-30T14:15:02.972000000,True
GAS,10,AlphaTauri,33,109.098,31.208,48.633,29.257,MEDIUM,2,7,12,1,False,None,None,True,5811.511,2020-08-30T14:16:51.575000000,True
GAS,10,AlphaTauri,34,108.898,31.076,48.558,29.264,MEDIUM,2,8,11,1,False,None,None,True,5920.609,2020-08-30T14:18:40.673000000,True
GAS,10,AlphaTauri,35,109.862,31.129,49.3,29.433,MEDIUM,2,9,11,1,False,None,None,True,6029.507,2020-08-30T14:20:29.571000000,True
GAS,10,AlphaTauri,36,110.535,30.719,50.585,29.231,MEDIUM,2,10,10,1,False,None,None,True,6139.369,2020-08-30T14:22:19.433000000,True
GAS,10,AlphaTauri,37,108.572,31.268,48.041,29.263,MEDIUM,2,11,10,1,False,None,None,True,6249.904,2020-08-30T14:24:09.968000000,True
GAS,10,AlphaTauri,38,108.626,31.116,48.269,29.241,MEDIUM,2,12,10,1,False,None,None,True,6358.476,2020-08-30T14:25:58.540000000,True
GAS,10,AlphaTauri,39,108.683,31.047,48.371,29.265,MEDIUM,2,13,10,1,False,None,None,True,6467.102,2020-08-30T14:27:47.166000000,True
GAS,10,AlphaTauri,40,108.103,30.608,48.251,29.244,MEDIUM,2,14,9,1,False,None,None,True,6575.785,2020-08-30T14:29:35.849000000,True
GAS,10,AlphaTauri,41,108.36,31.26,47.753,29.347,MEDIUM,2,15,9,1,False,None,None,True,6683.888,2020-08-30T14:31:23.952000000,True
GAS,10,AlphaTauri,42,109.607,30.934,49.141,29.532,MEDIUM,2,16,9,1,False,None,None,True,6792.248,2020-08-30T14:33:12.312000000,True
GAS,10,AlphaTauri,43,107.844,30.933,47.697,29.214,MEDIUM,2,17,8,1,False,None,None,True,6901.855,2020-08-30T14:35:01.919000000,True
GAS,10,AlphaTauri,44,108.313,31.274,47.794,29.245,MEDIUM,2,18,8,12,False,None,None,True,7009.699,2020-08-30T14:36:49.763000000,True
GIO,99,Alfa Romeo Racing,1,122.147,None,54.652,30.209,MEDIUM,1,1,14,1,False,None,None,True,2021.719,2020-08-30T13:13:41.783000000,False
GIO,99,Alfa Romeo Racing,2,114.022,31.908,51.916,30.198,MEDIUM,1,2,14,1,True,None,None,True,2144.031,2020-08-30T13:15:44.095000000,True
GIO,99,Alfa Romeo Racing,3,112.768,31.567,51.167,30.034,MEDIUM,1,3,14,1,True,None,None,True,2258.053,2020-08-30T13:17:38.117000000,True
GIO,99,Alfa Romeo Racing,4,112.378,31.563,50.873,29.942,MEDIUM,1,4,14,1,True,None,None,True,2370.821,2020-08-30T13:19:30.885000000,True
GIO,99,Alfa Romeo Racing,5,112.614,31.605,50.887,30.122,MEDIUM,1,5,14,1,False,None,None,True,2483.199,2020-08-30T13:21:23.263000000,True
GIO,99,Alfa Romeo Racing,6,112.791,31.465,51.155,30.171,MEDIUM,1,6,14,1,False,None,None,True,2595.813,2020-08-30T13:23:15.877000000,True
GIO,99,Alfa Romeo Racing,7,112.711,31.499,51.137,30.075,MEDIUM,1,7,14,1,False,None,None,True,2708.604,2020-08-30T13:25:08.668000000,True
GIO,99,Alfa Romeo Racing,8,112.328,31.819,50.457,30.052,MEDIUM,1,8,14,1,True,None,None,True,2821.315,2020-08-30T13:27:01.379000000,True
GIO,99,Alfa Romeo Racing,9,111.793,31.801,50.089,29.903,MEDIUM,1,9,14,1,True,None,None,True,2933.643,2020-08-30T13:28:53.707000000,True
GIO,99,Alfa Romeo Racing,10,None,None,None,None,MEDIUM,1,10,None,124,None,None,None,True,3045.436,2020-08-30T13:30:45.500000000,False
GRO,8,Haas F1 Team,1,123.895,None,55.626,30.373,MEDIUM,1,1,18,1,False,None,None,True,2021.719,2020-08-30T13:13:41.783000000,False
GRO,8,Haas F1 Team,2,114.568,31.915,52.508,30.145,MEDIUM,1,2,18,1,True,None,None,True,2145.779,2020-08-30T13:15:45.843000000,True
GRO,8,Haas F1 Team,3,113.52,31.417,51.842,30.261,MEDIUM,1,3,18,1,True,None,None,True,2260.347,2020-08-30T13:17:40.411000000,True
GRO,8,Haas F1 Team,4,113.055,31.5,51.406,30.149,MEDIUM,1,4,18,1,True,None,None,True,2373.867,2020-08-30T13:19:33.931000000,True
GRO,8,Haas F1 Team,5,113.04,31.464,51.402,30.174,MEDIUM,1,5,18,1,True,None,None,True,2486.922,2020-08-30T13:21:26.986000000,True
GRO,8,Haas F1 Team,6,111.859,31.35,50.508,30.001,MEDIUM,1,6,17,1,True,None,None,True,2599.962,2020-08-30T13:23:20.026000000,True
GRO,8,Haas F1 Team,7,112.38,31.779,50.608,29.993,MEDIUM,1,7,17,1,False,None,None,True,2711.821,2020-08-30T13:25:11.885000000,True
GRO,8,Haas F1 Team,8,112.455,31.824,50.507,30.124,MEDIUM,1,8,17,1,False,None,None,True,2824.201,2020-08-30T13:27:04.265000000,True
GRO,8,Haas F1 Team,9,112.333,31.697,50.566,30.07,MEDIUM,1,9,17,1,False,None,None,True,2936.656,2020-08-30T13:28:56.720000000,True
GRO,8,Haas F1 Team,10,126.92,31.995,52.473,42.452,MEDIUM,1,10,15,124,False,None,3172.255,True,3048.989,2020-08-30T13:30:49.053000000,False
GRO,8,Haas F1 Team,11,163.098,54.928,72.535,35.635,HARD,2,1,15,4,False,3195.92,None,True,3175.909,2020-08-30T13:32:55.973000000,False
GRO,8,Haas F1 Team,12,152.496,34.779,73.963,43.754,HARD,2,2,15,4,False,None,None,True,3339.018,2020-08-30T13:35:39.082000000,False
GRO,8,Haas F1 Team,13,177.649,45.363,83.509,48.777,HARD,2,3,15,4,False,None,None,True,3491.526,2020-08-30T13:38:11.590000000,False
GRO,8,Haas F1 Team,14,149.242,45.811,64.127,39.304,HARD,2,4,15,41,False,None,None,True,3669.148,2020-08-30T13:41:09.212000000,False
GRO,8,Haas F1 Team,15,112.823,31.568,51.334,29.921,HARD,2,5,15,1,False,None,None,True,3818.39,2020-08-30T13:43:38.454000000,True
GRO,8,Haas F1 Team,16,111.98,31.507,50.827,29.646,HARD,2,6,15,1,False,None,None,True,3931.213,2020-08-30T13:45:31.277000000,True
GRO,8,Haas F1 Team,17,112.23,31.407,51.01,29.813,HARD,2,7,15,1,False,None,None,True,4043.193,2020-08-30T13:47:23.257000000,True
GRO,8,Haas F1 Team,18,111.487,31.155,50.405,29.927,HARD,2,8,15,1,True,None,None,True,4155.423,2020-08-30T13:49:15.487000000,True
GRO,8,Haas F1 Team,19,111.261,31.297,50.286,29.678,HARD,2,9,14,1,True,None,None,True,4266.91,2020-08-30T13:51:06.974000000,True
GRO,8,Haas F1 Team,20,111.093,31.291,50.04,29.762,HARD,2,10,14,1,True,None,None,True,4378.171,2020-08-30T13:52:58.235000000,True
GRO,8,Haas F1 Team,21,110.952,31.652,49.487,29.813,HARD,2,11,14,1,True,None,None,True,4489.264,2020-08-30T13:54:49.328000000,True
GRO,8,Haas F1 Team,22,110.606,31.57,49.271,29.765,HARD,2,12,14,1,True,None,None,True,4600.216,2020-08-30T13:56:40.280000000,True
GRO,8,Haas F1 Team,23,110.466,31.691,49.092,29.683,HARD,2,13,14,1,True,None,None,True,4710.822,2020-08-30T13:58:30.886000000,True
GRO,8,Haas F1 Team,24,111.163,31.684,49.724,29.755,HARD,2,14,13,1,False,None,None,True,4821.288,2020-08-30T14:00:21.352000000,True
GRO,8,Haas F1 Team,25,110.618,31.848,49.075,29.695,HARD,2,15,13,1,False,None,None,True,4932.451,2020-08-30T14:02:12.515000000,True
GRO,8,Haas F1 Team,26,111.326,31.752,49.878,29.696,HARD,2,16,14,1,False,None,None,True,5043.069,2020-08-30T14:04:03.133000000,True
GRO,8,Haas F1 Team,27,110.445,31.849,48.861,29.735,HARD,2,17,13,1,True,None,None,True,5154.395,2020-08-30T14:05:54.459000000,True
GRO,8,Haas F1 Team,28,110.018,31.887,48.307,29.824,HARD,2,18,13,1,True,None,None,True,5264.84,2020-08-30T14:07:44.904000000,True
GRO,8,Haas F1 Team,29,110.336,31.912,48.649,29.775,HARD,2,19,13,1,False,None,None,True,5374.858,2020-08-30T14:09:34.922000000,True
GRO,8,Haas F1 Team,30,111.386,31.852,49.763,29.771,HARD,2,20,14,1,False,None,None,True,5485.194,2020-08-30T14:11:25.258000000,True
GRO,8,Haas F1 Team,31,110.243,31.924,48.583,29.736,HARD,2,21,14,1,False,None,None,True,5596.58,2020-08-30T14:13:16.644000000,True
GRO,8,Haas F1 Team,32,110.181,31.933,48.452,29.796,HARD,2,22,14,1,False,None,None,True,5706.823,2020-08-30T14:15:06.887000000,True
GRO,8,Haas F1 Team,33,110.584,31.829,48.946,29.809,HARD,2,23,14,1,False,None,None,True,5817.004,2020-08-30T14:16:57.068000000,True
GRO,8,Haas F1 Team,34,110.405,31.928,48.713,29.764,HARD,2,24,14,1,False,None,None,True,5927.588,2020-08-30T14:18:47.652000000,True
GRO,8,Haas F1 Team,35,110.416,31.758,48.847,29.811,HARD,2,25,14,1,False,None,None,True,6037.993,2020-08-30T14:20:38.057000000,True
GRO,8,Haas F1 Team,36,110.636,31.871,48.853,29.912,HARD,2,26,14,1,False,None,None,True,6148.409,2020-08-30T14:22:28.473000000,True
GRO,8,Haas F1 Team,37,111.147,32.184,49.109,29.854,HARD,2,27,14,1,False,None,None,True,6259.045,2020-08-30T14:24:19.109000000,True
GRO,8,Haas F1 Team,38,110.371,31.845,48.802,29.724,HARD,2,28,14,1,False,None,None,True,6370.192,2020-08-30T14:26:10.256000000,True
GRO,8,Haas F1 Team,39,110.915,31.929,49.283,29.703,HARD,2,29,14,1,False,None,None,True,6480.563,2020-08-30T14:28:00.627000000,True
GRO,8,Haas F1 Team,40,110.871,32.002,49.142,29.727,HARD,2,30,14,1,False,None,None,True,6591.478,2020-08-30T14:29:51.542000000,True
GRO,8,Haas F1 Team,41,110.836,31.916,49.188,29.732,HARD,2,31,14,1,False,None,None,True,6702.349,2020-08-30T14:31:42.413000000,True
GRO,8,Haas F1 Team,42,110.736,31.911,49.125,29.7,HARD,2,32,14,1,False,None,None,True,6813.185,2020-08-30T14:33:33.249000000,True
GRO,8,Haas F1 Team,43,111.061,31.916,49.412,29.733,HARD,2,33,14,1,False,None,None,True,6923.921,2020-08-30T14:35:23.985000000,True
GRO,8,Haas F1 Team,44,112.452,32.047,50.622,29.783,HARD,2,34,15,12,False,None,None,True,7034.982,2020-08-30T14:37:15.046000000,True
HAM,44,Mercedes,1,112.322,None,48.509,29.48,MEDIUM,1,4,1,1,False,None,None,False,2021.719,2020-08-30T13:13:41.783000000,False
HAM,44,Mercedes,2,110.242,31.804,48.8,29.638,MEDIUM,1,5,1,1,True,None,None,False,2134.206,2020-08-30T13:15:34.270000000,True
HAM,44,Mercedes,3,110.073,31.865,48.475,29.733,MEDIUM,1,6,1,1,True,None,None,False,2244.448,2020-08-30T13:17:24.512000000,True
HAM,44,Mercedes,4,110.269,31.98,48.611,29.678,MEDIUM,1,7,1,1,False,None,None,False,2354.521,2020-08-30T13:19:14.585000000,True
HAM,44,Mercedes,5,109.47,31.729,48.134,29.607,MEDIUM,1,8,1,1,True,None,None,False,2464.79,2020-08-30T13:21:04.854000000,True
HAM,44,Mercedes,6,110.117,31.8,48.614,29.703,MEDIUM,1,9,1,1,False,None,None,False,2574.26,2020-08-30T13:22:54.324000000,True
HAM,44,Mercedes,7,109.921,31.846,48.376,29.699,MEDIUM,1,10,1,1,False,None,None,False,2684.377,2020-08-30T13:24:44.441000000,True
HAM,44,Mercedes,8,109.993,31.883,48.354,29.756,MEDIUM,1,11,1,1,False,None,None,False,2794.298,2020-08-30T13:26:34.362000000,True
HAM,44,Mercedes,9,109.642,31.899,48.206,29.537,MEDIUM,1,12,1,1,False,None,None,False,2904.291,2020-08-30T13:28:24.355000000,True
HAM,44,Mercedes,10,109.871,32.15,48.007,29.714,MEDIUM,1,13,1,1,False,None,None,False,3013.933,2020-08-30T13:30:13.997000000,True
HAM,44,Mercedes,11,154.143,40.525,77.297,36.321,MEDIUM,1,14,1,124,False,None,3274.226,False,3123.804,2020-08-30T13:32:03.868000000,False
HAM,44,Mercedes,12,187.938,55.968,88.014,43.956,HARD,2,1,1,4,False,3297.469,None,True,3277.977,2020-08-30T13:34:38.041000000,False
HAM,44,Mercedes,13,180.06,44.755,85.743,49.562,HARD,2,2,1,4,False,None,None,True,3465.882,2020-08-30T13:37:45.946000000,False
HAM,44,Mercedes,14,165.698,43.756,74.173,47.769,HARD,2,3,1,41,False,None,None,True,3645.95,2020-08-30T13:40:46.014000000,False
HAM,44,Mercedes,15,108.325,31.63,47.13,29.565,HARD,2,4,1,1,True,None,None,True,3811.604,2020-08-30T13:43:31.668000000,True
HAM,44,Mercedes,16,108.247,31.775,47.197,29.275,HARD,2,5,1,1,True,None,None,True,3919.929,2020-08-30T13:45:19.993000000,True
HAM,44,Mercedes,17,108.165,31.627,47.182,29.356,HARD,2,6,1,1,True,None,None,True,4028.176,2020-08-30T13:47:08.240000000,True
HAM,44,Mercedes,18,108.47,31.678,47.306,29.486,HARD,2,7,1,1,False,None,None,True,4136.341,2020-08-30T13:48:56.405000000,True
HAM,44,Mercedes,19,108.325,31.687,47.139,29.499,HARD,2,8,1,1,False,None,None,True,4244.811,2020-08-30T13:50:44.875000000,True
HAM,44,Mercedes,20,108.506,31.709,47.43,29.367,HARD,2,9,1,1,False,None,None,True,4353.136,2020-08-30T13:52:33.200000000,True
HAM,44,Mercedes,21,108.592,31.778,47.367,29.447,HARD,2,10,1,1,False,None,None,True,4461.642,2020-08-30T13:54:21.706000000,True
HAM,44,Mercedes,22,108.779,31.72,47.605,29.454,HARD,2,11,1,1,False,None,None,True,4570.234,2020-08-30T13:56:10.298000000,True
HAM,44,Mercedes,23,108.549,31.718,47.343,29.488,HARD,2,12,1,1,False,None,None,True,4679.013,2020-08-30T13:57:59.077000000,True
HAM,44,Mercedes,24,108.123,31.689,46.974,29.46,HARD,2,13,1,1,True,None,None,True,4787.562,2020-08-30T13:59:47.626000000,True
HAM,44,Mercedes,25,108.319,31.684,47.127,29.508,HARD,2,14,1,1,False,None,None,True,4895.685,2020-08-30T14:01:35.749000000,True
HAM,44,Mercedes,26,107.851,31.505,46.997,29.349,HARD,2,15,1,1,True,None,None,True,5004.004,2020-08-30T14:03:24.068000000,True
HAM,44,Mercedes,27,108.274,31.618,47.278,29.378,HARD,2,16,1,1,False,None,None,True,5111.855,2020-08-30T14:05:11.919000000,True
HAM,44,Mercedes,28,107.758,31.517,46.953,29.288,HARD,2,17,1,1,True,None,None,True,5220.129,2020-08-30T14:07:00.193000000,True
HAM,44,Mercedes,29,107.964,31.58,47.052,29.332,HARD,2,18,1,1,False,None,None,True,5327.887,2020-08-30T14:08:47.951000000,True
HAM,44,Mercedes,30,108.176,31.551,47.27,29.355,HARD,2,19,1,1,False,None,None,True,5435.851,2020-08-30T14:10:35.915000000,True
HAM,44,Mercedes,31,108.856,31.593,47.843,29.42,HARD,2,20,1,1,False,None,None,True,5544.027,2020-08-30T14:12:24.091000000,True
HAM,44,Mercedes,32,108.311,31.753,47.14,29.418,HARD,2,21,1,1,False,None,None,True,5652.883,2020-08-30T14:14:12.947000000,True
HAM,44,Mercedes,33,108.174,31.784,47.061,29.329,HARD,2,22,1,1,False,None,None,True,5761.194,2020-08-30T14:16:01.258000000,True
HAM,44,Mercedes,34,108.481,31.733,47.158,29.59,HARD,2,23,1,1,False,None,None,True,5869.368,2020-08-30T14:17:49.432000000,True
HAM,44,Mercedes,35,108.108,31.709,47.02,29.379,HARD,2,24,1,1,False,None,None,True,5977.849,2020-08-30T14:19:37.913000000,True
HAM,44,Mercedes,36,108.316,31.611,47.216,29.489,HARD,2,25,1,1,False,None,None,True,6085.957,2020-08-30T14:21:26.021000000,True
HAM,44,Mercedes,37,109.204,31.638,47.072,30.494,HARD,2,26,1,1,False,None,None,True,6194.273,2020-08-30T14:23:14.337000000,True
HAM,44,Mercedes,38,108.92,32.026,47.41,29.484,HARD,2,27,1,1,False,None,None,True,6303.477,2020-08-30T14:25:03.541000000,True
HAM,44,Mercedes,39,108.521,31.703,47.299,29.519,HARD,2,28,1,1,False,None,None,True,6412.397,2020-08-30T14:26:52.461000000,True
HAM,44,Mercedes,40,108.877,31.666,47.6,29.611,HARD,2,29,1,1,False,None,None,True,6520.918,2020-08-30T14:28:40.982000000,True
HAM,44,Mercedes,41,109.86,31.629,48.595,29.636,HARD,2,30,1,1,False,None,None,True,6629.795,2020-08-30T14:30:29.859000000,True
HAM,44,Mercedes,42,111.398,31.801,49.614,29.983,HARD,2,31,1,1,False,None,None,True,6739.655,2020-08-30T14:32:19.719000000,True
HAM,44,Mercedes,43,109.596,31.87,48.091,29.635,HARD,2,32,1,1,False,None,None,True,6851.053,2020-08-30T14:34:11.117000000,True
HAM,44,Mercedes,44,109.957,31.76,48.472,29.725,HARD,2,33,1,1,False,None,None,True,6960.649,2020-08-30T14:36:00.713000000,True
KVY,26,AlphaTauri,1,120.948,None,54.58,29.9,MEDIUM,1,1,12,1,False,None,None,True,2021.719,2020-08-30T13:13:41.783000000,False
KVY,26,AlphaTauri,2,113.663,31.619,52.293,29.751,MEDIUM,1,2,12,1,True,None,None,True,2142.832,2020-08-30T13:15:42.896000000,True
KVY,26,AlphaTauri,3,112.273,31.148,51.379,29.746,MEDIUM,1,3,12,1,True,None,None,True,2256.495,2020-08-30T13:17:36.559000000,True
KVY,26,AlphaTauri,4,112.397,31.145,51.45,29.802,MEDIUM,1,4,12,1,False,None,None,True,2368.768,2020-08-30T13:19:28.832000000,True
KVY,26,AlphaTauri,5,112.621,30.871,51.922,29.828,MEDIUM,1,5,12,1,False,None,None,True,2481.165,2020-08-30T13:21:21.229000000,True
KVY,26,AlphaTauri,6,112.828,31.132,51.839,29.857,MEDIUM,1,6,12,1,False,None,None,True,2593.786,2020-08-30T13:23:13.850000000,True
KVY,26,AlphaTauri,7,111.58,30.977,50.587,30.016,MEDIUM,1,7,11,1,True,None,None,True,2706.614,2020-08-30T13:25:06.678000000,True
KVY,26,AlphaTauri,8,111.554,31.652,50.037,29.865,MEDIUM,1,8,11,1,True,None,None,True,2818.194,2020-08-30T13:26:58.258000000,True
KVY,26,AlphaTauri,9,111.109,31.578,49.798,29.733,MEDIUM,1,9,11,1,True,None,None,True,2929.748,2020-08-30T13:28:49.812000000,True
KVY,26,AlphaTauri,10,118.144,31.82,50.139,36.185,MEDIUM,1,10,11,124,False,None,None,True,3040.857,2020-08-30T13:30:40.921000000,False
KVY,26,AlphaTauri,11,155.082,45.863,70.757,38.462,MEDIUM,1,11,11,4,False,None,3310.379,True,3159.001,2020-08-30T13:32:39.065000000,False
KVY,26,AlphaTauri,12,168.081,51.478,71.25,45.353,HARD,2,1,11,4,False,3334.098,None,True,3314.138,2020-08-30T13:35:14.202000000,False
KVY,26,AlphaTauri,13,178.998,45.284,82.747,50.967,HARD,2,2,11,4,False,None,None,True,3482.18,2020-08-30T13:38:02.244000000,False
KVY,26,AlphaTauri,14,155.327,45.321,67.736,42.27,HARD,2,3,11,41,False,None,None,True,3661.178,2020-08-30T13:41:01.242000000,False
KVY,26,AlphaTauri,15,112.651,31.19,51.864,29.597,HARD,2,4,11,1,False,None,None,True,3816.49,2020-08-30T13:43:36.554000000,True
KVY,26,AlphaTauri,16,111.957,31.329,50.924,29.704,HARD,2,5,11,1,False,None,None,True,3929.141,2020-08-30T13:45:29.205000000,True
KVY,26,AlphaTauri,17,111.668,31.369,50.693,29.606,HARD,2,6,11,1,False,None,None,True,4041.098,2020-08-30T13:47:21.162000000,True
KVY,26,AlphaTauri,18,111.256,30.913,50.839,29.504,HARD,2,7,10,1,False,None,None,True,4152.766,2020-08-30T13:49:12.830000000,True
KVY,26,AlphaTauri,19,110.687,30.833,50.414,29.44,HARD,2,8,10,1,True,None,None,True,4264.022,2020-08-30T13:51:04.086000000,True
KVY,26,AlphaTauri,20,110.649,31.07,50.034,29.545,HARD,2,9,10,1,True,None,None,True,4374.709,2020-08-30T13:52:54.773000000,True
KVY,26,AlphaTauri,21,110.587,31.245,49.75,29.592,HARD,2,10,10,1,True,None,None,True,4485.358,2020-08-30T13:54:45.422000000,True
KVY,26,AlphaTauri,22,110.24,31.223,49.593,29.424,HARD,2,11,10,1,True,None,None,True,4595.945,2020-08-30T13:56:36.009000000,True
KVY,26,AlphaTauri,23,110.543,31.366,49.566,29.611,HARD,2,12,10,1,False,None,None,True,4706.185,2020-08-30T13:58:26.249000000,True
KVY,26,AlphaTauri,24,110.394,31.278,49.625,29.491,HARD,2,13,10,1,False,None,None,True,4816.728,2020-08-30T14:00:16.792000000,True
KVY,26,AlphaTauri,25,110.199,31.222,49.446,29.531,HARD,2,14,10,1,True,None,None,True,4927.122,2020-08-30T14:02:07.186000000,True
KVY,26,AlphaTauri,26,110.13,31.241,49.341,29.548,HARD,2,15,9,1,True,None,None,True,5037.321,2020-08-30T14:03:57.385000000,True
KVY,26,AlphaTauri,27,109.862,31.201,49.186,29.475,HARD,2,16,9,1,True,None,None,True,5147.451,2020-08-30T14:05:47.515000000,True
KVY,26,AlphaTauri,28,109.832,31.312,49.009,29.511,HARD,2,17,9,1,True,None,None,True,5257.313,2020-08-30T14:07:37.377000000,True
KVY,26,AlphaTauri,29,109.885,31.349,49.019,29.517,HARD,2,18,9,1,False,None,None,True,5367.145,2020-08-30T14:09:27.209000000,True
KVY,26,AlphaTauri,30,109.857,31.332,48.843,29.682,HARD,2,19,9,1,False,None,None,True,5477.03,2020-08-30T14:11:17.094000000,True
KVY,26,AlphaTauri,31,109.963,31.368,48.982,29.613,HARD,2,20,9,1,False,None,None,True,5586.887,2020-08-30T14:13:06.951000000,True
KVY,26,AlphaTauri,32,110.109,31.563,48.919,29.627,HARD,2,21,9,1,False,None,None,True,5696.85,2020-08-30T14:14:56.914000000,True
KVY,26,AlphaTauri,33,110.14,31.447,48.999,29.694,HARD,2,22,9,1,False,None,None,True,5806.959,2020-08-30T14:16:47.023000000,True
KVY,26,AlphaTauri,34,110.359,31.554,49.088,29.717,HARD,2,23,9,1,False,None,None,True,5917.099,2020-08-30T14:18:37.163000000,True
KVY,26,AlphaTauri,35,110.495,31.474,49.373,29.648,HARD,2,24,9,1,False,None,None,True,6027.458,2020-08-30T14:20:27.522000000,True
KVY,26,AlphaTauri,36,113.544,31.547,50.536,31.461,HARD,2,25,11,1,False,None,None,True,6137.953,2020-08-30T14:22:18.017000000,True
KVY,26,AlphaTauri,37,111.195,31.7,49.68,29.815,HARD,2,26,11,1,False,None,None,True,6251.497,2020-08-30T14:24:11.561000000,True
KVY,26,AlphaTauri,38,110.705,31.601,49.335,29.769,HARD,2,27,11,1,False,None,None,True,6362.692,2020-08-30T14:26:02.756000000,True
KVY,26,AlphaTauri,39,110.938,31.652,49.361,29.925,HARD,2,28,11,1,False,None,None,True,6473.397,2020-08-30T14:27:53.461000000,True
KVY,26,AlphaTauri,40,110.929,31.722,49.461,29.746,HARD,2,29,11,1,False,None,None,True,6584.335,2020-08-30T14:29:44.399000000,True
KVY,26,AlphaTauri,41,110.857,31.631,49.314,29.912,HARD,2,30,11,1,False,None,None,True,6695.264,2020-08-30T14:31:35.328000000,True
KVY,26,AlphaTauri,42,111.759,31.685,50.057,30.017,HARD,2,31,11,1,False,None,None,True,6806.121,2020-08-30T14:33:26.185000000,True
KVY,26,AlphaTauri,43,111.403,31.761,49.761,29.881,HARD,2,32,11,1,False,None,None,True,6917.88,2020-08-30T14:35:17.944000000,True
KVY,26,AlphaTauri,44,111.563,31.811,49.934,29.818,HARD,2,33,11,12,False,None,None,True,7029.283,2020-08-30T14:37:09.347000000,True
LAT,6,Williams,1,124.659,None,56.457,30.663,MEDIUM,1,1,19,1,False,None,None,True,2021.719,2020-08-30T13:13:41.783000000,False
LAT,6,Williams,2,114.848,32.217,52.124,30.507,MEDIUM,1,2,19,1,True,None,None,True,2146.543,2020-08-30T13:15:46.607000000,True
LAT,6,Williams,3,113.465,32.405,50.908,30.152,MEDIUM,1,3,19,1,True,None,None,True,2261.391,2020-08-30T13:17:41.455000000,True
LAT,6,Williams,4,112.932,31.973,50.748,30.211,MEDIUM,1,4,19,1,True,None,None,True,2374.856,2020-08-30T13:19:34.920000000,True
LAT,6,Williams,5,113.291,32.495,50.494,30.302,MEDIUM,1,5,19,1,False,None,None,True,2487.788,2020-08-30T13:21:27.852000000,True
LAT,6,Williams,6,113.159,31.821,51.105,30.233,MEDIUM,1,6,19,1,False,None,None,True,2601.079,2020-08-30T13:23:21.143000000,True
LAT,6,Williams,7,113.159,31.618,51.416,30.125,MEDIUM,1,7,19,1,False,None,None,True,2714.238,2020-08-30T13:25:14.302000000,True
LAT,6,Williams,8,113.978,31.164,52.402,30.412,MEDIUM,1,8,19,1,False,None,None,True,2827.397,2020-08-30T13:27:07.461000000,True
LAT,6,Williams,9,113.206,32.293,50.748,30.165,MEDIUM,1,9,19,1,False,None,None,True,2941.375,2020-08-30T13:29:01.439000000,True
LAT,6,Williams,10,129.652,32.256,52.083,45.313,MEDIUM,1,10,17,124,False,None,3180.681,True,3054.581,2020-08-30T13:30:54.645000000,False
LAT,6,Williams,11,166.24,55.1,75.433,35.707,HARD,2,1,17,4,False,3204.422,None,True,3184.233,2020-08-30T13:33:04.297000000,False
LAT,6,Williams,12,143.856,34.522,65.397,43.937,HARD,2,2,17,4,False,None,None,True,3350.488,2020-08-30T13:35:50.552000000,False
LAT,6,Williams,13,178.571,45.451,84.414,48.706,HARD,2,3,17,4,False,None,None,True,3494.344,2020-08-30T13:38:14.408000000,False
LAT,6,Williams,14,146.415,45.543,62.324,38.548,HARD,2,4,17,41,False,None,None,True,3672.886,2020-08-30T13:41:12.950000000,False
LAT,6,Williams,15,112.917,32.024,51.054,29.839,HARD,2,5,17,1,True,None,None,True,3819.301,2020-08-30T13:43:39.365000000,True
LAT,6,Williams,16,112.421,31.672,50.791,29.958,HARD,2,6,17,1,True,None,None,True,3932.218,2020-08-30T13:45:32.282000000,True
LAT,6,Williams,17,112.471,31.461,51.098,29.912,HARD,2,7,17,1,False,None,None,True,4044.639,2020-08-30T13:47:24.703000000,True
LAT,6,Williams,18,111.592,31.061,50.584,29.947,HARD,2,8,17,1,True,None,None,True,4157.11,2020-08-30T13:49:17.174000000,True
LAT,6,Williams,19,111.417,31.456,50.043,29.918,HARD,2,9,16,1,True,None,None,True,4268.702,2020-08-30T13:51:08.766000000,True
LAT,6,Williams,20,111.622,31.726,49.946,29.95,HARD,2,10,16,1,False,None,None,True,4380.119,2020-08-30T13:53:00.183000000,True
LAT,6,Williams,21,111.54,31.968,49.646,29.926,HARD,2,11,16,1,False,None,None,True,4491.741,2020-08-30T13:54:51.805000000,True
LAT,6,Williams,22,111.044,31.867,49.305,29.872,HARD,2,12,16,1,True,None,None,True,4603.281,2020-08-30T13:56:43.345000000,True
LAT,6,Williams,23,112.16,31.941,50.243,29.976,HARD,2,13,17,1,False,None,None,True,4714.325,2020-08-30T13:58:34.389000000,True
LAT,6,Williams,24,110.908,31.857,49.279,29.772,HARD,2,14,17,1,True,None,None,True,4826.485,2020-08-30T14:00:26.549000000,True
LAT,6,Williams,25,110.904,31.937,49.151,29.816,HARD,2,15,16,1,True,None,None,True,4937.393,2020-08-30T14:02:17.457000000,True
LAT,6,Williams,26,110.664,31.855,49.026,29.783,HARD,2,16,16,1,True,None,None,True,5048.297,2020-08-30T14:04:08.361000000,True
LAT,6,Williams,27,110.734,31.905,49.145,29.684,HARD,2,17,15,1,False,None,None,True,5158.961,2020-08-30T14:05:59.025000000,True
LAT,6,Williams,28,111.499,31.8,49.946,29.753,HARD,2,18,16,1,False,None,None,True,5269.695,2020-08-30T14:07:49.759000000,True
LAT,6,Williams,29,111.143,32.127,49.084,29.932,HARD,2,19,16,1,False,None,None,True,5381.194,2020-08-30T14:09:41.258000000,True
LAT,6,Williams,30,114.687,31.998,48.511,34.178,HARD,2,20,17,1,False,None,5603.35,True,5492.337,2020-08-30T14:11:32.401000000,False
LAT,6,Williams,31,122.753,46.519,47.043,29.191,MEDIUM,3,1,17,1,False,5626.853,None,True,5607.024,2020-08-30T14:13:27.088000000,False
LAT,6,Williams,32,108.048,31.726,47.097,29.225,MEDIUM,3,2,17,1,True,None,None,True,5729.777,2020-08-30T14:15:29.841000000,True
LAT,6,Williams,33,108.746,31.774,47.491,29.481,MEDIUM,3,3,17,1,False,None,None,True,5837.825,2020-08-30T14:17:17.889000000,True
LAT,6,Williams,34,108.54,31.758,47.371,29.411,MEDIUM,3,4,17,1,False,None,None,True,5946.571,2020-08-30T14:19:06.635000000,True
LAT,6,Williams,35,109.008,31.849,47.528,29.631,MEDIUM,3,5,17,1,False,None,None,True,6055.111,2020-08-30T14:20:55.175000000,True
LAT,6,Williams,36,109.067,31.851,47.597,29.619,MEDIUM,3,6,16,1,False,None,None,True,6164.119,2020-08-30T14:22:44.183000000,True
LAT,6,Williams,37,108.834,31.889,47.484,29.461,MEDIUM,3,7,16,1,False,None,None,True,6273.186,2020-08-30T14:24:33.250000000,True
LAT,6,Williams,38,109.204,32.069,47.553,29.582,MEDIUM,3,8,16,1,False,None,None,True,6382.02,2020-08-30T14:26:22.084000000,True
LAT,6,Williams,39,109.47,31.939,47.815,29.716,MEDIUM,3,9,16,1,False,None,None,True,6491.224,2020-08-30T14:28:11.288000000,True
LAT,6,Williams,40,109.715,32.018,48.046,29.651,MEDIUM,3,10,16,1,False,None,None,True,6600.694,2020-08-30T14:30:00.758000000,True
LAT,6,Williams,41,109.336,31.898,47.731,29.707,MEDIUM,3,11,16,1,False,None,None,True,6710.409,2020-08-30T14:31:50.473000000,True
LAT,6,Williams,42,109.091,31.723,47.891,29.477,MEDIUM,3,12,16,1,False,None,None,True,6819.745,2020-08-30T14:33:39.809000000,True
LAT,6,Williams,43,109.795,31.656,48.7,29.439,MEDIUM,3,13,16,1,False,None,None,True,6928.836,2020-08-30T14:35:28.900000000,True
LAT,6,Williams,44,109.795,31.665,48.506,29.624,MEDIUM,3,14,16,12,False,None,None,True,7038.631,2020-08-30T14:37:18.695000000,True
LEC,16,Ferrari,1,118.759,None,52.907,29.697,SOFT,1,1,8,1,False,None,None,True,2021.719,2020-08-30T13:13:41.783000000,False
LEC,16,Ferrari,2,112.23,31.883,50.393,29.954,SOFT,1,2,8,1,True,None,None,True,2140.643,2020-08-30T13:15:40.707000000,True
LEC,16,Ferrari,3,113.36,31.862,51.656,29.842,SOFT,1,3,9,1,False,None,None,True,2252.873,2020-08-30T13:17:32.937000000,True
LEC,16,Ferrari,4,113.023,31.992,51.049,29.982,SOFT,1,4,10,1,False,None,None,True,2366.233,2020-08-30T13:19:26.297000000,True
LEC,16,Ferrari,5,112.563,31.975,50.481,30.107,SOFT,1,5,10,1,False,None,None,True,2479.256,2020-08-30T13:21:19.320000000,True
LEC,16,Ferrari,6,114.119,32.293,51.919,29.907,SOFT,1,6,11,1,False,None,None,True,2591.819,2020-08-30T13:23:11.883000000,True
LEC,16,Ferrari,7,113.234,31.885,51.387,29.962,SOFT,1,7,12,1,False,None,None,True,2705.938,2020-08-30T13:25:06.002000000,True
LEC,16,Ferrari,8,111.775,31.649,50.252,29.874,SOFT,1,8,12,1,True,None,None,True,2819.172,2020-08-30T13:26:59.236000000,True
LEC,16,Ferrari,9,112.096,32.057,50.085,29.954,SOFT,1,9,12,1,False,None,None,True,2930.947,2020-08-30T13:28:51.011000000,True
LEC,16,Ferrari,10,121.597,32.169,49.836,39.592,SOFT,1,10,13,124,False,None,3160.963,True,3043.043,2020-08-30T13:30:43.107000000,False
LEC,16,Ferrari,11,172.109,63.144,72.49,36.475,HARD,2,1,14,4,False,3191.642,None,True,3164.64,2020-08-30T13:32:44.704000000,False
LEC,16,Ferrari,12,150.104,35.597,70.839,43.668,HARD,2,2,14,4,False,None,None,True,3336.75,2020-08-30T13:35:36.814000000,False
LEC,16,Ferrari,13,178.935,47.581,81.288,50.066,HARD,2,3,14,4,False,None,None,True,3486.866,2020-08-30T13:38:06.930000000,False
LEC,16,Ferrari,14,152.308,47.117,65.807,39.384,HARD,2,4,14,41,False,None,None,True,3665.782,2020-08-30T13:41:05.846000000,False
LEC,16,Ferrari,15,112.491,31.456,51.364,29.671,HARD,2,5,14,1,False,None,None,True,3818.096,2020-08-30T13:43:38.160000000,True
LEC,16,Ferrari,16,112.219,31.667,50.819,29.733,HARD,2,6,14,1,False,None,None,True,3930.587,2020-08-30T13:45:30.651000000,True
LEC,16,Ferrari,17,111.715,31.744,50.293,29.678,HARD,2,7,14,1,True,None,None,True,4042.806,2020-08-30T13:47:22.870000000,True
LEC,16,Ferrari,18,111.545,31.314,50.39,29.841,HARD,2,8,14,1,True,None,None,True,4154.521,2020-08-30T13:49:14.585000000,True
LEC,16,Ferrari,19,111.29,30.825,50.844,29.621,HARD,2,9,13,1,True,None,None,True,4266.066,2020-08-30T13:51:06.130000000,True
LEC,16,Ferrari,20,110.753,31.5,49.751,29.502,HARD,2,10,13,1,True,None,None,True,4377.356,2020-08-30T13:52:57.420000000,True
LEC,16,Ferrari,21,110.616,31.536,49.546,29.534,HARD,2,11,13,1,True,None,None,True,4488.109,2020-08-30T13:54:48.173000000,True
LEC,16,Ferrari,22,110.653,31.516,49.48,29.657,HARD,2,12,13,1,False,None,None,True,4598.725,2020-08-30T13:56:38.789000000,True
LEC,16,Ferrari,23,110.288,31.595,49.11,29.583,HARD,2,13,13,1,True,None,None,True,4709.378,2020-08-30T13:58:29.442000000,True
LEC,16,Ferrari,24,114.858,31.623,49.436,33.799,HARD,2,14,15,1,False,None,4930.85,True,4819.666,2020-08-30T14:00:19.730000000,False
LEC,16,Ferrari,25,125.467,49.073,47.176,29.218,MEDIUM,3,1,17,1,False,4955.991,None,True,4934.524,2020-08-30T14:02:14.588000000,False
LEC,16,Ferrari,26,107.84,31.536,47.058,29.246,MEDIUM,3,2,17,1,True,None,None,True,5059.991,2020-08-30T14:04:20.055000000,True
LEC,16,Ferrari,27,108.459,31.612,47.451,29.396,MEDIUM,3,3,17,1,False,None,None,True,5167.831,2020-08-30T14:06:07.895000000,True
LEC,16,Ferrari,28,109.07,31.705,47.858,29.507,MEDIUM,3,4,17,1,False,None,None,True,5276.29,2020-08-30T14:07:56.354000000,True
LEC,16,Ferrari,29,109.103,31.837,47.705,29.561,MEDIUM,3,5,17,1,False,None,None,True,5385.36,2020-08-30T14:09:45.424000000,True
LEC,16,Ferrari,30,110.166,31.902,48.133,30.131,MEDIUM,3,6,16,1,False,None,None,True,5494.463,2020-08-30T14:11:34.527000000,True
LEC,16,Ferrari,31,109.341,31.95,47.941,29.45,MEDIUM,3,7,16,1,False,None,None,True,5604.629,2020-08-30T14:13:24.693000000,True
LEC,16,Ferrari,32,109.389,31.903,47.969,29.517,MEDIUM,3,8,16,1,False,None,None,True,5713.97,2020-08-30T14:15:14.034000000,True
LEC,16,Ferrari,33,109.322,31.783,48.04,29.499,MEDIUM,3,9,16,1,False,None,None,True,5823.359,2020-08-30T14:17:03.423000000,True
LEC,16,Ferrari,34,109.895,31.533,48.743,29.619,MEDIUM,3,10,16,1,False,None,None,True,5932.681,2020-08-30T14:18:52.745000000,True
LEC,16,Ferrari,35,109.358,31.326,48.514,29.518,MEDIUM,3,11,15,1,False,None,None,True,6042.576,2020-08-30T14:20:42.640000000,True
LEC,16,Ferrari,36,109.726,31.843,48.22,29.663,MEDIUM,3,12,15,1,False,None,None,True,6151.934,2020-08-30T14:22:31.998000000,True
LEC,16,Ferrari,37,109.559,31.73,48.33,29.499,MEDIUM,3,13,15,1,False,None,None,True,6261.66,2020-08-30T14:24:21.724000000,True
LEC,16,Ferrari,38,110.1,31.648,48.995,29.457,MEDIUM,3,14,15,1,False,None,None,True,6371.219,2020-08-30T14:26:11.283000000,True
LEC,16,Ferrari,39,110.907,31.489,49.816,29.602,MEDIUM,3,15,15,1,False,None,None,True,6481.319,2020-08-30T14:28:01.383000000,True
LEC,16,Ferrari,40,110.846,31.651,49.503,29.692,MEDIUM,3,16,15,1,False,None,None,True,6592.226,2020-08-30T14:29:52.290000000,True
LEC,16,Ferrari,41,111.229,31.773,49.906,29.55,MEDIUM,3,17,15,1,False,None,None,True,6703.072,2020-08-30T14:31:43.136000000,True
LEC,16,Ferrari,42,110.279,31.777,48.934,29.568,MEDIUM,3,18,15,1,False,None,None,True,6814.301,2020-08-30T14:33:34.365000000,True
LEC,16,Ferrari,43,110.95,31.59,49.841,29.519,MEDIUM,3,19,15,1,False,None,None,True,6924.58,2020-08-30T14:35:24.644000000,True
LEC,16,Ferrari,44,110.035,31.451,48.674,29.91,MEDIUM,3,20,14,12,False,None,None,True,7035.53,2020-08-30T14:37:15.594000000,True
MAG,20,Haas F1 Team,1,122.66,None,54.939,30.237,MEDIUM,1,1,15,1,False,None,None,True,2021.719,2020-08-30T13:13:41.783000000,False
MAG,20,Haas F1 Team,2,114.097,31.981,51.881,30.235,MEDIUM,1,2,15,1,True,None,None,True,2144.544,2020-08-30T13:15:44.608000000,True
MAG,20,Haas F1 Team,3,113.189,31.629,51.306,30.254,MEDIUM,1,3,15,1,True,None,None,True,2258.641,2020-08-30T13:17:38.705000000,True
MAG,20,Haas F1 Team,4,113.545,31.995,51.394,30.156,MEDIUM,1,4,16,1,False,None,None,True,2371.83,2020-08-30T13:19:31.894000000,True
MAG,20,Haas F1 Team,5,113.949,31.916,51.797,30.236,MEDIUM,1,5,17,1,False,None,None,True,2485.375,2020-08-30T13:21:25.439000000,True
MAG,20,Haas F1 Team,6,114.256,32.152,51.794,30.31,MEDIUM,1,6,18,1,False,None,None,True,2599.324,2020-08-30T13:23:19.388000000,True
MAG,20,Haas F1 Team,7,112.909,32.09,50.592,30.227,MEDIUM,1,7,18,1,True,None,None,True,2713.58,2020-08-30T13:25:13.644000000,True
MAG,20,Haas F1 Team,8,112.811,32.144,50.458,30.209,MEDIUM,1,8,18,1,True,None,None,True,2826.489,2020-08-30T13:27:06.553000000,True
MAG,20,Haas F1 Team,9,112.271,32.253,49.953,30.065,MEDIUM,1,9,18,1,True,None,None,True,2939.3,2020-08-30T13:28:59.364000000,True
MAG,20,Haas F1 Team,10,129.681,32.184,51.965,45.532,MEDIUM,1,10,16,124,False,None,3180.537,True,3051.571,2020-08-30T13:30:51.635000000,False
MAG,20,Haas F1 Team,11,166.861,56.727,74.09,36.044,HARD,2,1,16,4,False,3203.734,None,True,3181.252,2020-08-30T13:33:01.316000000,False
MAG,20,Haas F1 Team,12,145.1,34.528,66.326,44.246,HARD,2,2,16,4,False,None,None,True,3348.148,2020-08-30T13:35:48.212000000,False
MAG,20,Haas F1 Team,13,177.393,45.186,83.847,48.36,HARD,2,3,16,4,False,None,None,True,3493.248,2020-08-30T13:38:13.312000000,False
MAG,20,Haas F1 Team,14,148.272,46.472,62.514,39.286,HARD,2,4,16,41,False,None,None,True,3670.593,2020-08-30T13:41:10.657000000,False
MAG,20,Haas F1 Team,15,112.833,31.521,51.402,29.91,HARD,2,5,16,1,False,None,None,True,3818.865,2020-08-30T13:43:38.929000000,True
MAG,20,Haas F1 Team,16,112.304,31.872,50.666,29.766,HARD,2,6,16,1,False,None,None,True,3931.698,2020-08-30T13:45:31.762000000,True
MAG,20,Haas F1 Team,17,112.261,31.704,50.673,29.884,HARD,2,7,16,1,True,None,None,True,4044.002,2020-08-30T13:47:24.066000000,True
MAG,20,Haas F1 Team,18,111.576,31.653,49.993,29.93,HARD,2,8,16,1,True,None,None,True,4156.263,2020-08-30T13:49:16.327000000,True
MAG,20,Haas F1 Team,19,111.389,31.643,49.813,29.933,HARD,2,9,15,1,True,None,None,True,4267.839,2020-08-30T13:51:07.903000000,True
MAG,20,Haas F1 Team,20,111.275,31.837,49.58,29.858,HARD,2,10,15,1,True,None,None,True,4379.228,2020-08-30T13:52:59.292000000,True
MAG,20,Haas F1 Team,21,111.443,31.884,49.645,29.914,HARD,2,11,15,1,False,None,None,True,4490.503,2020-08-30T13:54:50.567000000,True
MAG,20,Haas F1 Team,22,111.003,31.91,49.121,29.972,HARD,2,12,15,1,True,None,None,True,4601.946,2020-08-30T13:56:42.010000000,True
MAG,20,Haas F1 Team,23,111.007,31.956,49.197,29.854,HARD,2,13,15,1,False,None,None,True,4712.949,2020-08-30T13:58:33.013000000,True
MAG,20,Haas F1 Team,24,111.552,31.952,49.879,29.721,HARD,2,14,16,1,False,None,None,True,4823.956,2020-08-30T14:00:24.020000000,True
MAG,20,Haas F1 Team,25,110.656,31.841,48.981,29.834,HARD,2,15,15,1,True,None,None,True,4935.508,2020-08-30T14:02:15.572000000,True
MAG,20,Haas F1 Team,26,110.541,31.819,48.925,29.797,HARD,2,16,15,1,True,None,None,True,5046.164,2020-08-30T14:04:06.228000000,True
MAG,20,Haas F1 Team,27,110.382,31.901,48.655,29.826,HARD,2,17,14,1,True,None,None,True,5156.705,2020-08-30T14:05:56.769000000,True
MAG,20,Haas F1 Team,28,110.362,31.914,48.608,29.84,HARD,2,18,14,1,True,None,None,True,5267.087,2020-08-30T14:07:47.151000000,True
MAG,20,Haas F1 Team,29,111.327,31.978,49.502,29.847,HARD,2,19,15,1,False,None,None,True,5377.449,2020-08-30T14:09:37.513000000,True
MAG,20,Haas F1 Team,30,110.469,31.993,48.616,29.86,HARD,2,20,15,1,False,None,None,True,5488.776,2020-08-30T14:11:28.840000000,True
MAG,20,Haas F1 Team,31,110.402,32.009,48.651,29.742,HARD,2,21,15,1,False,None,None,True,5599.245,2020-08-30T14:13:19.309000000,True
MAG,20,Haas F1 Team,32,110.489,31.976,48.648,29.865,HARD,2,22,15,1,False,None,None,True,5709.647,2020-08-30T14:15:09.711000000,True
MAG,20,Haas F1 Team,33,111.086,32.059,48.81,30.217,HARD,2,23,15,1,False,None,None,True,5820.136,2020-08-30T14:17:00.200000000,True
MAG,20,Haas F1 Team,34,110.589,31.998,48.759,29.832,HARD,2,24,15,1,False,None,None,True,5931.222,2020-08-30T14:18:51.286000000,True
MAG,20,Haas F1 Team,35,116.047,32.023,50.126,33.898,HARD,2,25,16,1,False,None,6154.234,True,6041.811,2020-08-30T14:20:41.875000000,False
MAG,20,Haas F1 Team,36,124.365,47.499,47.428,29.438,SOFT,3,1,17,1,False,6178.599,None,True,6157.858,2020-08-30T14:22:37.922000000,False
MAG,20,Haas F1 Team,37,108.083,31.658,46.974,29.451,SOFT,3,2,17,1,True,None,None,True,6282.223,2020-08-30T14:24:42.287000000,True
MAG,20,Haas F1 Team,38,108.525,31.675,47.339,29.511,SOFT,3,3,17,1,False,None,None,True,6390.306,2020-08-30T14:26:30.370000000,True
MAG,20,Haas F1 Team,39,109.428,31.958,47.833,29.637,SOFT,3,4,17,1,False,None,None,True,6498.831,2020-08-30T14:28:18.895000000,True
MAG,20,Haas F1 Team,40,109.913,31.895,48.072,29.946,SOFT,3,5,17,1,False,None,None,True,6608.259,2020-08-30T14:30:08.323000000,True
MAG,20,Haas F1 Team,41,109.237,31.897,47.754,29.586,SOFT,3,6,17,1,False,None,None,True,6718.172,2020-08-30T14:31:58.236000000,True
MAG,20,Haas F1 Team,42,109.282,31.878,47.805,29.599,SOFT,3,7,17,1,False,None,None,True,6827.409,2020-08-30T14:33:47.473000000,True
MAG,20,Haas F1 Team,43,109.559,31.935,48.026,29.598,SOFT,3,8,17,1,False,None,None,True,6936.691,2020-08-30T14:35:36.755000000,True
MAG,20,Haas F1 Team,44,109.922,31.913,48.01,29.999,SOFT,3,9,17,12,False,None,None,True,7046.25,2020-08-30T14:37:26.314000000,True
NOR,4,McLaren,1,120.069,None,54.177,29.64,SOFT,1,4,11,1,False,None,None,False,2021.719,2020-08-30T13:13:41.783000000,False
NOR,4,McLaren,2,113.824,31.387,52.646,29.791,SOFT,1,5,11,1,True,None,None,False,2141.953,2020-08-30T13:15:42.017000000,True
NOR,4,McLaren,3,112.256,31.52,50.896,29.84,SOFT,1,6,11,1,True,None,None,False,2255.777,2020-08-30T13:17:35.841000000,True
NOR,4,McLaren,4,112.35,31.575,50.927,29.848,SOFT,1,7,11,1,False,None,None,False,2368.033,2020-08-30T13:19:28.097000000,True
NOR,4,McLaren,5,112.414,31.427,51.035,29.952,SOFT,1,8,11,1,False,None,None,False,2480.383,2020-08-30T13:21:20.447000000,True
NOR,4,McLaren,6,111.799,31.195,50.527,30.077,SOFT,1,9,10,1,True,None,None,False,2592.797,2020-08-30T13:23:12.861000000,True
NOR,4,McLaren,7,111.741,31.823,49.954,29.964,SOFT,1,10,10,1,True,None,None,False,2704.596,2020-08-30T13:25:04.660000000,True
NOR,4,McLaren,8,111.481,31.875,49.658,29.948,SOFT,1,11,10,1,True,None,None,False,2816.337,2020-08-30T13:26:56.401000000,True
NOR,4,McLaren,9,111.56,31.772,49.877,29.911,SOFT,1,12,10,1,False,None,None,False,2927.818,2020-08-30T13:28:47.882000000,True
NOR,4,McLaren,10,116.381,31.992,49.607,34.782,SOFT,1,13,10,124,False,None,None,False,3039.378,2020-08-30T13:30:39.442000000,False
NOR,4,McLaren,11,153.578,46.313,68.76,38.505,SOFT,1,14,10,4,False,None,3305.657,False,3155.759,2020-08-30T13:32:35.823000000,False
NOR,4,McLaren,12,169.578,53.858,71.939,43.781,SOFT,2,4,10,4,False,3328.678,None,False,3309.364,2020-08-30T13:35:09.428000000,False
NOR,4,McLaren,13,180.195,45.724,83.88,50.591,SOFT,2,5,10,4,False,None,None,False,3478.94,2020-08-30T13:37:59.004000000,False
NOR,4,McLaren,14,156.76,45.315,68.272,43.173,SOFT,2,6,10,41,False,None,None,False,3659.121,2020-08-30T13:40:59.185000000,False
NOR,4,McLaren,15,112.663,31.048,52.056,29.559,SOFT,2,7,10,1,False,None,None,False,3815.861,2020-08-30T13:43:35.925000000,True
NOR,4,McLaren,16,111.761,31.334,50.836,29.591,SOFT,2,8,10,1,False,None,None,False,3928.524,2020-08-30T13:45:28.588000000,True
NOR,4,McLaren,17,111.569,31.251,50.753,29.565,SOFT,2,9,10,1,False,None,None,False,4040.285,2020-08-30T13:47:20.349000000,True
NOR,4,McLaren,18,111.341,30.781,51.032,29.528,SOFT,2,10,9,1,True,None,None,False,4151.854,2020-08-30T13:49:11.918000000,True
NOR,4,McLaren,19,110.466,31.041,49.925,29.5,SOFT,2,11,9,1,True,None,None,False,4263.195,2020-08-30T13:51:03.259000000,True
NOR,4,McLaren,20,110.433,31.463,49.374,29.596,SOFT,2,12,9,1,True,None,None,False,4373.661,2020-08-30T13:52:53.725000000,True
NOR,4,McLaren,21,110.589,31.453,49.414,29.722,SOFT,2,13,9,1,False,None,None,False,4484.094,2020-08-30T13:54:44.158000000,True
NOR,4,McLaren,22,110.323,31.506,49.256,29.561,SOFT,2,14,9,1,True,None,None,False,4594.683,2020-08-30T13:56:34.747000000,True
NOR,4,McLaren,23,110.287,31.495,49.162,29.63,SOFT,2,15,9,1,True,None,None,False,4705.006,2020-08-30T13:58:25.070000000,True
NOR,4,McLaren,24,110.318,31.504,49.286,29.528,SOFT,2,16,9,1,False,None,None,False,4815.293,2020-08-30T14:00:15.357000000,True
NOR,4,McLaren,25,110.253,31.459,49.28,29.514,SOFT,2,17,9,1,True,None,None,False,4925.611,2020-08-30T14:02:05.675000000,True
NOR,4,McLaren,26,110.192,31.4,49.321,29.471,SOFT,2,18,8,1,True,None,None,False,5035.864,2020-08-30T14:03:55.928000000,True
NOR,4,McLaren,27,109.12,31.389,48.41,29.321,SOFT,2,19,8,1,True,None,None,False,5146.056,2020-08-30T14:05:46.120000000,True
NOR,4,McLaren,28,109.862,31.249,49.114,29.499,SOFT,2,20,8,1,False,None,None,False,5255.176,2020-08-30T14:07:35.240000000,True
NOR,4,McLaren,29,109.597,31.405,48.762,29.43,SOFT,2,21,8,1,False,None,None,False,5365.038,2020-08-30T14:09:25.102000000,True
NOR,4,McLaren,30,109.261,31.426,48.413,29.422,SOFT,2,22,8,1,False,None,None,False,5474.635,2020-08-30T14:11:14.699000000,True
NOR,4,McLaren,31,109.108,31.426,48.376,29.306,SOFT,2,23,8,1,True,None,None,False,5583.896,2020-08-30T14:13:03.960000000,True
NOR,4,McLaren,32,109.036,31.463,48.27,29.303,SOFT,2,24,8,1,True,None,None,False,5693.004,2020-08-30T14:14:53.068000000,True
NOR,4,McLaren,33,109.333,31.384,48.345,29.604,SOFT,2,25,8,1,False,None,None,False,5802.04,2020-08-30T14:16:42.104000000,True
NOR,4,McLaren,34,109.077,31.45,48.263,29.364,SOFT,2,26,8,1,False,None,None,False,5911.373,2020-08-30T14:18:31.437000000,True
NOR,4,McLaren,35,109.363,31.36,48.591,29.412,SOFT,2,27,8,1,False,None,None,False,6020.45,2020-08-30T14:20:20.514000000,True
NOR,4,McLaren,36,109.35,30.969,48.978,29.403,SOFT,2,28,8,1,False,None,None,False,6129.813,2020-08-30T14:22:09.877000000,True
NOR,4,McLaren,37,108.663,30.817,48.438,29.408,SOFT,2,29,7,1,True,None,None,False,6239.163,2020-08-30T14:23:59.227000000,True
NOR,4,McLaren,38,108.762,31.531,47.715,29.516,SOFT,2,30,7,1,False,None,None,False,6347.826,2020-08-30T14:25:47.890000000,True
NOR,4,McLaren,39,108.552,31.496,47.794,29.262,SOFT,2,31,7,1,True,None,None,False,6456.588,2020-08-30T14:27:36.652000000,True
NOR,4,McLaren,40,108.849,31.435,48.165,29.249,SOFT,2,32,7,1,False,None,None,False,6565.14,2020-08-30T14:29:25.204000000,True
NOR,4,McLaren,41,109.349,31.245,48.806,29.298,SOFT,2,33,7,1,False,None,None,False,6673.989,2020-08-30T14:31:14.053000000,True
NOR,4,McLaren,42,110.139,30.934,49.993,29.212,SOFT,2,34,7,1,False,None,None,False,6783.338,2020-08-30T14:33:03.402000000,True
NOR,4,McLaren,43,110.02,30.576,50.336,29.108,SOFT,2,35,7,1,False,None,None,False,6893.477,2020-08-30T14:34:53.541000000,True
NOR,4,McLaren,44,110.913,30.841,50.188,29.884,SOFT,2,36,7,12,False,None,None,False,7003.497,2020-08-30T14:36:43.561000000,True
OCO,31,Renault,1,116.527,None,51.875,29.739,SOFT,1,4,5,1,False,None,None,False,2021.719,2020-08-30T13:13:41.783000000,False
OCO,31,Renault,2,112.021,31.363,50.645,30.013,SOFT,1,5,5,1,True,None,None,False,2138.411,2020-08-30T13:15:38.475000000,True
OCO,31,Renault,3,111.569,31.556,49.978,30.035,SOFT,1,6,5,1,True,None,None,False,2250.432,2020-08-30T13:17:30.496000000,True
OCO,31,Renault,4,111.588,31.649,49.899,30.04,SOFT,1,7,5,1,False,None,None,False,2362.001,2020-08-30T13:19:22.065000000,True
OCO,31,Renault,5,111.378,31.608,49.699,30.071,SOFT,1,8,5,1,True,None,None,False,2473.589,2020-08-30T13:21:13.653000000,True
OCO,31,Renault,6,111.398,31.675,49.624,30.099,SOFT,1,9,5,1,False,None,None,False,2584.967,2020-08-30T13:23:05.031000000,True
OCO,31,Renault,7,111.322,31.65,49.643,30.029,SOFT,1,10,5,1,True,None,None,False,2696.365,2020-08-30T13:24:56.429000000,True
OCO,31,Renault,8,111.143,31.712,49.355,30.076,SOFT,1,11,5,1,True,None,None,False,2807.687,2020-08-30T13:26:47.751000000,True
OCO,31,Renault,9,110.827,31.593,49.291,29.943,SOFT,1,12,5,1,True,None,None,False,2918.83,2020-08-30T13:28:38.894000000,True
OCO,31,Renault,10,111.017,31.816,49.264,29.937,SOFT,1,13,5,124,False,None,None,False,3029.657,2020-08-30T13:30:29.721000000,False
OCO,31,Renault,11,158.192,55.608,62.407,40.177,SOFT,1,14,5,4,False,None,3295.185,False,3140.674,2020-08-30T13:32:20.738000000,False
OCO,31,Renault,12,176.974,56.253,76.692,44.029,HARD,2,1,8,4,False,3319.481,None,True,3298.92,2020-08-30T13:34:58.984000000,False
OCO,31,Renault,13,178.956,45.01,85.089,48.857,HARD,2,2,8,4,False,None,None,True,3475.89,2020-08-30T13:37:55.954000000,False
OCO,31,Renault,14,160.058,46.383,69.82,43.855,HARD,2,3,8,41,False,None,None,True,3654.829,2020-08-30T13:40:54.893000000,False
OCO,31,Renault,15,112.25,31.206,51.471,29.573,HARD,2,4,8,1,False,None,None,True,3814.859,2020-08-30T13:43:34.923000000,True
OCO,31,Renault,16,111.636,31.022,51.085,29.529,HARD,2,5,8,1,False,None,None,True,3927.109,2020-08-30T13:45:27.173000000,True
OCO,31,Renault,17,111.636,31.177,50.829,29.63,HARD,2,6,8,1,False,None,None,True,4038.745,2020-08-30T13:47:18.809000000,True
OCO,31,Renault,18,111.093,30.956,50.534,29.603,HARD,2,7,7,1,False,None,None,True,4150.381,2020-08-30T13:49:10.445000000,True
OCO,31,Renault,19,109.607,31.306,48.749,29.552,HARD,2,8,7,1,True,None,None,True,4261.474,2020-08-30T13:51:01.538000000,True
OCO,31,Renault,20,109.776,31.403,48.848,29.525,HARD,2,9,7,1,False,None,None,True,4371.081,2020-08-30T13:52:51.145000000,True
OCO,31,Renault,21,110.034,31.207,49.249,29.578,HARD,2,10,7,1,False,None,None,True,4480.857,2020-08-30T13:54:40.921000000,True
OCO,31,Renault,22,110.231,30.892,49.7,29.639,HARD,2,11,7,1,False,None,None,True,4590.891,2020-08-30T13:56:30.955000000,True
OCO,31,Renault,23,110.323,30.943,49.908,29.472,HARD,2,12,7,1,False,None,None,True,4701.122,2020-08-30T13:58:21.186000000,True
OCO,31,Renault,24,110.881,31.164,50.172,29.545,HARD,2,13,7,1,False,None,None,True,4811.445,2020-08-30T14:00:11.509000000,True
OCO,31,Renault,25,110.672,30.765,50.167,29.74,HARD,2,14,7,1,False,None,None,True,4922.326,2020-08-30T14:02:02.390000000,True
OCO,31,Renault,26,108.79,30.657,48.576,29.557,HARD,2,15,6,1,True,None,None,True,5032.998,2020-08-30T14:03:53.062000000,True
OCO,31,Renault,27,108.839,31.391,47.985,29.463,HARD,2,16,6,1,False,None,None,True,5141.788,2020-08-30T14:05:41.852000000,True
OCO,31,Renault,28,108.967,31.327,48.167,29.473,HARD,2,17,6,1,False,None,None,True,5250.627,2020-08-30T14:07:30.691000000,True
OCO,31,Renault,29,108.839,31.343,48.003,29.493,HARD,2,18,6,1,False,None,None,True,5359.594,2020-08-30T14:09:19.658000000,True
OCO,31,Renault,30,108.995,31.439,48.039,29.517,HARD,2,19,6,1,False,None,None,True,5468.433,2020-08-30T14:11:08.497000000,True
OCO,31,Renault,31,108.864,31.455,48.143,29.266,HARD,2,20,6,1,False,None,None,True,5577.428,2020-08-30T14:12:57.492000000,True
OCO,31,Renault,32,108.994,31.519,48.056,29.419,HARD,2,21,6,1,False,None,None,True,5686.292,2020-08-30T14:14:46.356000000,True
OCO,31,Renault,33,109.25,31.411,48.389,29.45,HARD,2,22,6,1,False,None,None,True,5795.286,2020-08-30T14:16:35.350000000,True
OCO,31,Renault,34,109.123,31.41,48.351,29.362,HARD,2,23,6,1,False,None,None,True,5904.536,2020-08-30T14:18:24.600000000,True
OCO,31,Renault,35,109.284,31.33,48.491,29.463,HARD,2,24,6,1,False,None,None,True,6013.659,2020-08-30T14:20:13.723000000,True
OCO,31,Renault,36,109.444,31.315,48.727,29.402,HARD,2,25,6,1,False,None,None,True,6122.943,2020-08-30T14:22:03.007000000,True
OCO,31,Renault,37,109.88,31.229,49.131,29.52,HARD,2,26,6,1,False,None,None,True,6232.387,2020-08-30T14:23:52.451000000,True
OCO,31,Renault,38,109.903,31.224,49.066,29.613,HARD,2,27,6,1,False,None,None,True,6342.267,2020-08-30T14:25:42.331000000,True
OCO,31,Renault,39,109.738,31.362,48.956,29.42,HARD,2,28,6,1,False,None,None,True,6452.17,2020-08-30T14:27:32.234000000,True
OCO,31,Renault,40,110.403,30.983,50.023,29.397,HARD,2,29,6,1,False,None,None,True,6561.908,2020-08-30T14:29:21.972000000,True
OCO,31,Renault,41,110.093,30.958,49.675,29.46,HARD,2,30,6,1,False,None,None,True,6672.311,2020-08-30T14:31:12.375000000,True
OCO,31,Renault,42,110.229,30.87,49.948,29.411,HARD,2,31,6,1,False,None,None,True,6782.404,2020-08-30T14:33:02.468000000,True
OCO,31,Renault,43,110.127,31.155,49.632,29.34,HARD,2,32,6,1,False,None,None,True,6892.633,2020-08-30T14:34:52.697000000,True
OCO,31,Renault,44,108.54,30.802,48.304,29.434,HARD,2,33,5,12,True,None,None,True,7002.76,2020-08-30T14:36:42.824000000,True
PER,11,Racing Point,1,119.136,None,52.928,30.398,SOFT,1,4,9,1,False,None,None,False,2021.719,2020-08-30T13:13:41.783000000,False
PER,11,Racing Point,2,113.617,32.172,51.737,29.708,SOFT,1,5,10,1,True,None,None,False,2141.02,2020-08-30T13:15:41.084000000,True
PER,11,Racing Point,3,112.338,31.194,51.362,29.782,SOFT,1,6,10,1,True,None,None,False,2254.637,2020-08-30T13:17:34.701000000,True
PER,11,Racing Point,4,111.241,31.051,50.354,29.836,SOFT,1,7,9,1,True,None,None,False,2366.975,2020-08-30T13:19:27.039000000,True
PER,11,Racing Point,5,111.689,31.498,50.362,29.829,SOFT,1,8,9,1,False,None,None,False,2478.216,2020-08-30T13:21:18.280000000,True
PER,11,Racing Point,6,111.716,31.424,50.535,29.757,SOFT,1,9,9,1,False,None,None,False,2589.905,2020-08-30T13:23:09.969000000,True
PER,11,Racing Point,7,111.666,31.376,50.603,29.687,SOFT,1,10,9,1,False,None,None,False,2701.621,2020-08-30T13:25:01.685000000,True
PER,11,Racing Point,8,111.89,31.602,50.434,29.854,SOFT,1,11,9,1,False,None,None,False,2813.287,2020-08-30T13:26:53.351000000,True
PER,11,Racing Point,9,111.828,31.67,50.349,29.809,SOFT,1,12,9,1,False,None,None,False,2925.177,2020-08-30T13:28:45.241000000,True
PER,11,Racing Point,10,113.804,31.783,50.043,31.978,SOFT,1,13,9,124,False,None,None,False,3037.005,2020-08-30T13:30:37.069000000,False
PER,11,Racing Point,11,151.878,49.572,67.137,35.169,SOFT,1,14,9,4,False,None,None,False,3150.809,2020-08-30T13:32:30.873000000,False
PER,11,Racing Point,12,169.176,41.818,81.606,45.752,SOFT,1,15,5,4,False,None,None,False,3302.703,2020-08-30T13:35:02.767000000,False
PER,11,Racing Point,13,178.548,44.139,85.036,49.373,SOFT,1,16,5,4,False,None,None,False,3471.896,2020-08-30T13:37:51.960000000,False
PER,11,Racing Point,14,163.104,45.893,71.349,45.862,SOFT,1,17,5,41,False,None,None,False,3650.415,2020-08-30T13:40:50.479000000,False
PER,11,Racing Point,15,112.115,30.948,51.504,29.663,SOFT,1,18,5,1,False,None,None,False,3813.493,2020-08-30T13:43:33.557000000,True
PER,11,Racing Point,16,111.223,31.331,50.274,29.618,SOFT,1,19,5,1,True,None,None,False,3925.608,2020-08-30T13:45:25.672000000,True
PER,11,Racing Point,17,112.654,31.528,51.105,30.021,SOFT,1,20,7,1,False,None,None,False,4036.831,2020-08-30T13:47:16.895000000,True
PER,11,Racing Point,18,115.861,31.238,50.495,34.128,SOFT,1,21,12,1,False,None,4261.769,False,4149.485,2020-08-30T13:49:09.549000000,False
PER,11,Racing Point,19,122.109,46.06,46.952,29.097,HARD,2,1,17,1,False,4285.175,None,True,4265.346,2020-08-30T13:51:05.410000000,False
PER,11,Racing Point,20,108.389,31.426,47.604,29.359,HARD,2,2,17,1,True,None,None,True,4387.455,2020-08-30T13:53:07.519000000,True
PER,11,Racing Point,21,108.855,31.263,48.108,29.484,HARD,2,3,17,1,False,None,None,True,4495.844,2020-08-30T13:54:55.908000000,True
PER,11,Racing Point,22,110.225,31.221,49.501,29.503,HARD,2,4,17,1,False,None,None,True,4604.699,2020-08-30T13:56:44.763000000,True
PER,11,Racing Point,23,109.702,31.155,48.953,29.594,HARD,2,5,16,1,False,None,None,True,4714.924,2020-08-30T13:58:34.988000000,True
PER,11,Racing Point,24,108.885,31.074,48.444,29.367,HARD,2,6,14,1,False,None,None,True,4824.626,2020-08-30T14:00:24.690000000,True
PER,11,Racing Point,25,110.529,30.887,50.106,29.536,HARD,2,7,14,1,False,None,None,True,4933.511,2020-08-30T14:02:13.575000000,True
PER,11,Racing Point,26,108.541,30.697,48.365,29.479,HARD,2,8,13,1,False,None,None,True,5044.04,2020-08-30T14:04:04.104000000,True
PER,11,Racing Point,27,108.984,31.403,48.114,29.467,HARD,2,9,12,1,False,None,None,True,5152.581,2020-08-30T14:05:52.645000000,True
PER,11,Racing Point,28,109.793,31.338,49.014,29.441,HARD,2,10,12,1,False,None,None,True,5261.565,2020-08-30T14:07:41.629000000,True
PER,11,Racing Point,29,108.995,30.922,48.583,29.49,HARD,2,11,11,1,False,None,None,True,5371.358,2020-08-30T14:09:31.422000000,True
PER,11,Racing Point,30,109.151,31.442,48.295,29.414,HARD,2,12,11,1,False,None,None,True,5480.353,2020-08-30T14:11:20.417000000,True
PER,11,Racing Point,31,109.725,31.36,48.88,29.485,HARD,2,13,11,1,False,None,None,True,5589.504,2020-08-30T14:13:09.568000000,True
PER,11,Racing Point,32,110.143,31.511,48.94,29.692,HARD,2,14,11,1,False,None,None,True,5699.229,2020-08-30T14:14:59.293000000,True
PER,11,Racing Point,33,109.305,30.994,48.732,29.579,HARD,2,15,10,1,False,None,None,True,5809.372,2020-08-30T14:16:49.436000000,True
PER,11,Racing Point,34,109.587,31.466,48.717,29.404,HARD,2,16,10,1,False,None,None,True,5918.677,2020-08-30T14:18:38.741000000,True
PER,11,Racing Point,35,110.483,30.965,50.033,29.485,HARD,2,17,10,1,False,None,None,True,6028.264,2020-08-30T14:20:28.328000000,True
PER,11,Racing Point,36,109.097,30.818,48.628,29.651,HARD,2,18,9,1,False,None,None,True,6138.747,2020-08-30T14:22:18.811000000,True
PER,11,Racing Point,37,108.985,31.465,47.937,29.583,HARD,2,19,9,1,False,None,None,True,6247.844,2020-08-30T14:24:07.908000000,True
PER,11,Racing Point,38,109.119,31.599,47.835,29.685,HARD,2,20,9,1,False,None,None,True,6356.829,2020-08-30T14:25:56.893000000,True
PER,11,Racing Point,39,108.962,31.601,47.701,29.66,HARD,2,21,9,1,False,None,None,True,6465.948,2020-08-30T14:27:46.012000000,True
PER,11,Racing Point,40,110.588,31.513,49.67,29.405,HARD,2,22,10,1,False,None,None,True,6574.91,2020-08-30T14:29:34.974000000,True
PER,11,Racing Point,41,109.004,31.233,48.307,29.464,HARD,2,23,10,1,False,None,None,True,6685.498,2020-08-30T14:31:25.562000000,True
PER,11,Racing Point,42,109.381,31.46,48.409,29.512,HARD,2,24,10,1,False,None,None,True,6794.502,2020-08-30T14:33:14.566000000,True
PER,11,Racing Point,43,109.729,31.389,48.685,29.655,HARD,2,25,10,1,False,None,None,True,6903.883,2020-08-30T14:35:03.947000000,True
PER,11,Racing Point,44,110.19,31.199,49.336,29.655,HARD,2,26,10,12,False,None,None,True,7013.612,2020-08-30T14:36:53.676000000,True
RAI,7,Alfa Romeo Racing,1,123.357,None,55.009,30.24,MEDIUM,1,1,16,1,False,None,None,False,2021.719,2020-08-30T13:13:41.783000000,False
RAI,7,Alfa Romeo Racing,2,113.992,32.264,51.314,30.414,MEDIUM,1,2,16,1,True,None,None,False,2145.241,2020-08-30T13:15:45.305000000,True
RAI,7,Alfa Romeo Racing,3,112.884,31.651,51.19,30.043,MEDIUM,1,3,16,1,True,None,None,False,2259.233,2020-08-30T13:17:39.297000000,True
RAI,7,Alfa Romeo Racing,4,111.94,31.512,50.505,29.923,MEDIUM,1,4,15,1,True,None,None,False,2372.117,2020-08-30T13:19:32.181000000,True
RAI,7,Alfa Romeo Racing,5,112.223,31.613,50.489,30.121,MEDIUM,1,5,15,1,False,None,None,False,2484.057,2020-08-30T13:21:24.121000000,True
RAI,7,Alfa Romeo Racing,6,112.887,31.648,51.074,30.165,MEDIUM,1,6,15,1,False,None,None,False,2596.28,2020-08-30T13:23:16.344000000,True
RAI,7,Alfa Romeo Racing,7,112.997,31.385,51.233,30.379,MEDIUM,1,7,15,1,False,None,None,False,2709.167,2020-08-30T13:25:09.231000000,True
RAI,7,Alfa Romeo Racing,8,112.207,31.662,50.455,30.09,MEDIUM,1,8,15,1,False,None,None,False,2822.164,2020-08-30T13:27:02.228000000,True
RAI,7,Alfa Romeo Racing,9,111.843,31.425,50.4,30.018,MEDIUM,1,9,15,1,True,None,None,False,2934.371,2020-08-30T13:28:54.435000000,True
RAI,7,Alfa Romeo Racing,10,123.917,31.926,50.121,41.87,MEDIUM,1,10,14,124,False,None,3166.554,False,3046.214,2020-08-30T13:30:46.278000000,False
RAI,7,Alfa Romeo Racing,11,160.914,53.068,73.021,34.825,SOFT,2,1,13,4,False,3189.423,None,True,3170.131,2020-08-30T13:32:50.195000000,False
RAI,7,Alfa Romeo Racing,12,154.873,39.688,71.059,44.126,SOFT,2,2,13,4,False,None,None,True,3331.073,2020-08-30T13:35:31.137000000,False
RAI,7,Alfa Romeo Racing,13,178.234,47.124,81.245,49.865,SOFT,2,3,13,4,False,None,None,True,3485.919,2020-08-30T13:38:05.983000000,False
RAI,7,Alfa Romeo Racing,14,153.284,47.631,65.113,40.54,SOFT,2,4,13,41,False,None,None,True,3664.115,2020-08-30T13:41:04.179000000,False
RAI,7,Alfa Romeo Racing,15,112.758,31.673,51.314,29.771,SOFT,2,5,13,1,False,None,None,True,3817.436,2020-08-30T13:43:37.500000000,True
RAI,7,Alfa Romeo Racing,16,111.45,31.131,50.599,29.72,SOFT,2,6,12,1,True,None,None,True,3930.194,2020-08-30T13:45:30.258000000,True
RAI,7,Alfa Romeo Racing,17,111.731,31.782,50.227,29.722,SOFT,2,7,12,1,False,None,None,True,4041.644,2020-08-30T13:47:21.708000000,True
RAI,7,Alfa Romeo Racing,18,111.554,31.356,50.462,29.736,SOFT,2,8,11,1,False,None,None,True,4153.375,2020-08-30T13:49:13.439000000,True
RAI,7,Alfa Romeo Racing,19,110.662,31.315,49.82,29.527,SOFT,2,9,11,1,True,None,None,True,4264.929,2020-08-30T13:51:04.993000000,True
RAI,7,Alfa Romeo Racing,20,110.501,31.282,49.717,29.502,SOFT,2,10,11,1,True,None,None,True,4375.591,2020-08-30T13:52:55.655000000,True
RAI,7,Alfa Romeo Racing,21,110.637,31.301,49.721,29.615,SOFT,2,11,11,1,False,None,None,True,4486.092,2020-08-30T13:54:46.156000000,True
RAI,7,Alfa Romeo Racing,22,110.476,31.532,49.317,29.627,SOFT,2,12,11,1,True,None,None,True,4596.729,2020-08-30T13:56:36.793000000,True
RAI,7,Alfa Romeo Racing,23,110.215,31.4,49.303,29.512,SOFT,2,13,11,1,True,None,None,True,4707.205,2020-08-30T13:58:27.269000000,True
RAI,7,Alfa Romeo Racing,24,110.583,31.321,49.646,29.616,SOFT,2,14,11,1,False,None,None,True,4817.42,2020-08-30T14:00:17.484000000,True
RAI,7,Alfa Romeo Racing,25,110.198,31.3,49.169,29.729,SOFT,2,15,11,1,True,None,None,True,4928.003,2020-08-30T14:02:08.067000000,True
RAI,7,Alfa Romeo Racing,26,110.181,31.267,49.218,29.696,SOFT,2,16,11,1,True,None,None,True,5038.201,2020-08-30T14:03:58.265000000,True
RAI,7,Alfa Romeo Racing,27,109.897,31.421,48.923,29.553,SOFT,2,17,10,1,True,None,None,True,5148.382,2020-08-30T14:05:48.446000000,True
RAI,7,Alfa Romeo Racing,28,109.822,31.334,48.903,29.585,SOFT,2,18,10,1,True,None,None,True,5258.279,2020-08-30T14:07:38.343000000,True
RAI,7,Alfa Romeo Racing,29,110.117,31.674,48.869,29.574,SOFT,2,19,10,1,False,None,None,True,5368.101,2020-08-30T14:09:28.165000000,True
RAI,7,Alfa Romeo Racing,30,109.89,31.659,48.561,29.67,SOFT,2,20,10,1,False,None,None,True,5478.218,2020-08-30T14:11:18.282000000,True
RAI,7,Alfa Romeo Racing,31,110.018,31.657,48.763,29.598,SOFT,2,21,10,1,False,None,None,True,5588.108,2020-08-30T14:13:08.172000000,True
RAI,7,Alfa Romeo Racing,32,110.526,31.613,48.818,30.095,SOFT,2,22,10,1,False,None,None,True,5698.126,2020-08-30T14:14:58.190000000,True
RAI,7,Alfa Romeo Racing,33,111.548,31.926,49.818,29.804,SOFT,2,23,11,1,False,None,None,True,5808.652,2020-08-30T14:16:48.716000000,True
RAI,7,Alfa Romeo Racing,34,111.71,31.598,50.274,29.838,SOFT,2,24,12,1,False,None,None,True,5920.2,2020-08-30T14:18:40.264000000,True
RAI,7,Alfa Romeo Racing,35,110.508,31.857,48.877,29.774,SOFT,2,25,12,1,False,None,None,True,6031.91,2020-08-30T14:20:31.974000000,True
RAI,7,Alfa Romeo Racing,36,110.645,31.731,48.815,30.099,SOFT,2,26,12,1,False,None,None,True,6142.418,2020-08-30T14:22:22.482000000,True
RAI,7,Alfa Romeo Racing,37,111.345,31.91,49.655,29.78,SOFT,2,27,12,1,False,None,None,True,6253.063,2020-08-30T14:24:13.127000000,True
RAI,7,Alfa Romeo Racing,38,110.382,31.897,48.763,29.722,SOFT,2,28,12,1,False,None,None,True,6364.408,2020-08-30T14:26:04.472000000,True
RAI,7,Alfa Romeo Racing,39,111.47,32.001,49.116,30.353,SOFT,2,29,12,1,False,None,None,True,6474.79,2020-08-30T14:27:54.854000000,True
RAI,7,Alfa Romeo Racing,40,110.695,31.955,48.796,29.944,SOFT,2,30,12,1,False,None,None,True,6586.26,2020-08-30T14:29:46.324000000,True
RAI,7,Alfa Romeo Racing,41,110.52,31.824,48.9,29.796,SOFT,2,31,12,1,False,None,None,True,6696.955,2020-08-30T14:31:37.019000000,True
RAI,7,Alfa Romeo Racing,42,111.319,31.913,49.584,29.822,SOFT,2,32,12,1,False,None,None,True,6807.475,2020-08-30T14:33:27.539000000,True
RAI,7,Alfa Romeo Racing,43,111.418,31.616,49.882,29.92,SOFT,2,33,12,1,False,None,None,True,6918.794,2020-08-30T14:35:18.858000000,True
RAI,7,Alfa Romeo Racing,44,111.937,31.675,50.111,30.151,SOFT,2,34,12,12,False,None,None,True,7030.212,2020-08-30T14:37:10.276000000,True
RIC,3,Renault,1,115.698,None,51.373,29.661,SOFT,1,4,4,1,False,None,None,False,2021.719,2020-08-30T13:13:41.783000000,False
RIC,3,Renault,2,111.446,31.631,49.895,29.92,SOFT,1,5,4,1,True,None,None,False,2137.582,2020-08-30T13:15:37.646000000,True
RIC,3,Renault,3,111.069,31.691,49.506,29.872,SOFT,1,6,4,1,True,None,None,False,2249.028,2020-08-30T13:17:29.092000000,True
RIC,3,Renault,4,111.461,31.754,49.773,29.934,SOFT,1,7,4,1,False,None,None,False,2360.097,2020-08-30T13:19:20.161000000,True
RIC,3,Renault,5,111.187,31.783,49.496,29.908,SOFT,1,8,4,1,False,None,None,False,2471.558,2020-08-30T13:21:11.622000000,True
RIC,3,Renault,6,111.434,31.829,49.663,29.942,SOFT,1,9,4,1,False,None,None,False,2582.745,2020-08-30T13:23:02.809000000,True
RIC,3,Renault,7,111.142,31.789,49.509,29.844,SOFT,1,10,4,1,False,None,None,False,2694.179,2020-08-30T13:24:54.243000000,True
RIC,3,Renault,8,110.943,31.813,49.239,29.891,SOFT,1,11,4,1,True,None,None,False,2805.321,2020-08-30T13:26:45.385000000,True
RIC,3,Renault,9,110.796,31.728,49.303,29.765,SOFT,1,12,4,1,True,None,None,False,2916.264,2020-08-30T13:28:36.328000000,True
RIC,3,Renault,10,110.911,31.88,49.199,29.832,SOFT,1,13,4,12,False,None,None,False,3027.06,2020-08-30T13:30:27.124000000,True
RIC,3,Renault,11,155.708,43.827,72.827,39.054,SOFT,1,14,4,24,False,None,3289.94,False,3137.971,2020-08-30T13:32:18.035000000,False
RIC,3,Renault,12,179.828,55.537,79.926,44.365,HARD,2,1,6,4,False,3313.849,None,True,3293.703,2020-08-30T13:34:53.767000000,False
RIC,3,Renault,13,178.497,43.909,86.093,48.495,HARD,2,2,6,4,False,None,None,True,3473.501,2020-08-30T13:37:53.565000000,False
RIC,3,Renault,14,162.159,45.79,71.393,44.976,HARD,2,3,6,41,False,None,None,True,3652.013,2020-08-30T13:40:52.077000000,False
RIC,3,Renault,15,111.894,31.326,50.98,29.588,HARD,2,4,6,1,False,None,None,True,3814.148,2020-08-30T13:43:34.212000000,True
RIC,3,Renault,16,111.179,31.176,50.542,29.461,HARD,2,5,6,1,False,None,None,True,3926.042,2020-08-30T13:45:26.106000000,True
RIC,3,Renault,17,109.913,31.133,49.288,29.492,HARD,2,6,5,1,True,None,None,True,4037.221,2020-08-30T13:47:17.285000000,True
RIC,3,Renault,18,109.59,31.398,48.766,29.426,HARD,2,7,5,1,True,None,None,True,4147.134,2020-08-30T13:49:07.198000000,True
RIC,3,Renault,19,110.531,30.85,50.158,29.523,HARD,2,8,5,1,False,None,None,True,4256.724,2020-08-30T13:50:56.788000000,True
RIC,3,Renault,20,110.407,31.219,49.819,29.369,HARD,2,9,5,1,False,None,None,True,4367.255,2020-08-30T13:52:47.319000000,True
RIC,3,Renault,21,109.485,30.918,48.893,29.674,HARD,2,10,4,1,True,None,None,True,4477.662,2020-08-30T13:54:37.726000000,True
RIC,3,Renault,22,109.549,31.667,48.4,29.482,HARD,2,11,4,1,False,None,None,True,4587.147,2020-08-30T13:56:27.211000000,True
RIC,3,Renault,23,109.481,31.65,48.326,29.505,HARD,2,12,4,1,True,None,None,True,4696.696,2020-08-30T13:58:16.760000000,True
RIC,3,Renault,24,109.568,31.644,48.356,29.568,HARD,2,13,4,1,False,None,None,True,4806.177,2020-08-30T14:00:06.241000000,True
RIC,3,Renault,25,109.021,31.541,48.046,29.434,HARD,2,14,4,1,True,None,None,True,4915.745,2020-08-30T14:01:55.809000000,True
RIC,3,Renault,26,109.112,31.632,48.003,29.477,HARD,2,15,4,1,False,None,None,True,5024.766,2020-08-30T14:03:44.830000000,True
RIC,3,Renault,27,108.913,31.588,47.889,29.436,HARD,2,16,4,1,True,None,None,True,5133.878,2020-08-30T14:05:33.942000000,True
RIC,3,Renault,28,108.723,31.592,47.808,29.323,HARD,2,17,4,1,True,None,None,True,5242.791,2020-08-30T14:07:22.855000000,True
RIC,3,Renault,29,108.688,31.596,47.792,29.3,HARD,2,18,4,1,True,None,None,True,5351.514,2020-08-30T14:09:11.578000000,True
RIC,3,Renault,30,108.66,31.639,47.756,29.265,HARD,2,19,4,1,True,None,None,True,5460.202,2020-08-30T14:11:00.266000000,True
RIC,3,Renault,31,108.677,31.54,47.888,29.249,HARD,2,20,4,1,False,None,None,True,5568.862,2020-08-30T14:12:48.926000000,True
RIC,3,Renault,32,108.7,31.614,47.839,29.247,HARD,2,21,4,1,False,None,None,True,5677.539,2020-08-30T14:14:37.603000000,True
RIC,3,Renault,33,108.756,31.562,47.886,29.308,HARD,2,22,4,1,False,None,None,True,5786.239,2020-08-30T14:16:26.303000000,True
RIC,3,Renault,34,108.897,31.56,48.005,29.332,HARD,2,23,4,1,False,None,None,True,5894.995,2020-08-30T14:18:15.059000000,True
RIC,3,Renault,35,108.88,31.496,47.883,29.501,HARD,2,24,4,1,False,None,None,True,6003.892,2020-08-30T14:20:03.956000000,True
RIC,3,Renault,36,108.566,31.556,47.659,29.351,HARD,2,25,4,1,True,None,None,True,6112.772,2020-08-30T14:21:52.836000000,True
RIC,3,Renault,37,108.986,31.607,47.893,29.486,HARD,2,26,4,1,False,None,None,True,6221.338,2020-08-30T14:23:41.402000000,True
RIC,3,Renault,38,109.047,31.649,47.707,29.691,HARD,2,27,4,1,False,None,None,True,6330.324,2020-08-30T14:25:30.388000000,True
RIC,3,Renault,39,108.889,31.571,47.765,29.553,HARD,2,28,4,1,False,None,None,True,6439.371,2020-08-30T14:27:19.435000000,True
RIC,3,Renault,40,108.454,31.484,47.609,29.361,HARD,2,29,4,1,True,None,None,True,6548.26,2020-08-30T14:29:08.324000000,True
RIC,3,Renault,41,108.293,31.425,47.585,29.283,HARD,2,30,4,1,True,None,None,True,6656.714,2020-08-30T14:30:56.778000000,True
RIC,3,Renault,42,108.259,31.376,47.629,29.254,HARD,2,31,4,1,True,None,None,True,6765.007,2020-08-30T14:32:45.071000000,True
RIC,3,Renault,43,108.758,31.415,47.906,29.437,HARD,2,32,4,1,False,None,None,True,6873.266,2020-08-30T14:34:33.330000000,True
RIC,3,Renault,44,107.483,31.288,47.228,28.967,HARD,2,33,4,1,True,None,None,True,6982.024,2020-08-30T14:36:22.088000000,True
RUS,63,Williams,1,123.524,None,56.141,30.66,MEDIUM,1,1,17,1,False,None,None,True,2021.719,2020-08-30T13:13:41.783000000,False
RUS,63,Williams,2,114.314,32.126,51.991,30.197,MEDIUM,1,2,17,1,True,None,None,True,2145.408,2020-08-30T13:15:45.472000000,True
RUS,63,Williams,3,113.217,31.686,51.485,30.046,MEDIUM,1,3,17,1,True,None,None,True,2259.722,2020-08-30T13:17:39.786000000,True
RUS,63,Williams,4,113.034,31.681,51.278,30.075,MEDIUM,1,4,17,1,True,None,None,True,2372.939,2020-08-30T13:19:33.003000000,True
RUS,63,Williams,5,111.754,31.26,50.498,29.996,MEDIUM,1,5,16,1,True,None,None,True,2485.973,2020-08-30T13:21:26.037000000,True
RUS,63,Williams,6,112.541,32.01,50.489,30.042,MEDIUM,1,6,16,1,False,None,None,True,2597.727,2020-08-30T13:23:17.791000000,True
RUS,63,Williams,7,112.724,31.909,50.758,30.057,MEDIUM,1,7,16,1,False,None,None,True,2710.268,2020-08-30T13:25:10.332000000,True
RUS,63,Williams,8,112.565,31.781,50.697,30.087,MEDIUM,1,8,16,1,False,None,None,True,2822.992,2020-08-30T13:27:03.056000000,True
RUS,63,Williams,9,112.105,31.805,50.272,30.028,MEDIUM,1,9,16,1,False,None,None,True,2935.557,2020-08-30T13:28:55.621000000,True
RUS,63,Williams,10,None,None,None,None,MEDIUM,1,10,None,124,None,None,None,True,3047.662,2020-08-30T13:30:47.726000000,False
SAI,55,McLaren,1,None,None,None,None,SOFT,1,4,None,1,False,None,None,False,2021.719,2020-08-30T13:13:41.783000000,False
STR,18,Racing Point,1,118.071,None,52.732,29.909,SOFT,1,4,7,1,False,None,None,False,2021.719,2020-08-30T13:13:41.783000000,False
STR,18,Racing Point,2,112.145,31.574,50.801,29.77,SOFT,1,5,7,1,True,None,None,False,2139.955,2020-08-30T13:15:40.019000000,True
STR,18,Racing Point,3,111.977,31.404,50.701,29.872,SOFT,1,6,7,1,True,None,None,False,2252.1,2020-08-30T13:17:32.164000000,True
STR,18,Racing Point,4,112.005,31.641,50.549,29.815,SOFT,1,7,7,1,False,None,None,False,2364.077,2020-08-30T13:19:24.141000000,True
STR,18,Racing Point,5,111.696,31.529,50.29,29.877,SOFT,1,8,7,1,True,None,None,False,2476.082,2020-08-30T13:21:16.146000000,True
STR,18,Racing Point,6,111.637,31.659,50.096,29.882,SOFT,1,9,7,1,True,None,None,False,2587.778,2020-08-30T13:23:07.842000000,True
STR,18,Racing Point,7,111.826,31.711,50.177,29.938,SOFT,1,10,7,1,False,None,None,False,2699.415,2020-08-30T13:24:59.479000000,True
STR,18,Racing Point,8,111.796,31.675,50.319,29.802,SOFT,1,11,7,1,False,None,None,False,2811.241,2020-08-30T13:26:51.305000000,True
STR,18,Racing Point,9,111.503,31.692,50.06,29.751,SOFT,1,12,7,1,True,None,None,False,2923.037,2020-08-30T13:28:43.101000000,True
STR,18,Racing Point,10,111.683,31.839,49.766,30.078,SOFT,1,13,7,124,False,None,None,False,3034.54,2020-08-30T13:30:34.604000000,False
STR,18,Racing Point,11,156.348,51.631,64.514,40.203,SOFT,1,14,8,4,False,None,3298.889,False,3146.223,2020-08-30T13:32:26.287000000,False
STR,18,Racing Point,12,175.37,54.029,77.019,44.322,HARD,2,1,9,4,False,3322.591,None,True,3302.589,2020-08-30T13:35:02.653000000,False
STR,18,Racing Point,13,178.548,44.361,84.901,49.286,HARD,2,2,9,4,False,None,None,True,3477.967,2020-08-30T13:37:58.031000000,False
STR,18,Racing Point,14,158.986,46.269,69.135,43.582,HARD,2,3,9,41,False,None,None,True,3656.502,2020-08-30T13:40:56.566000000,False
STR,18,Racing Point,15,112.439,31.39,51.414,29.635,HARD,2,4,9,1,False,None,None,True,3815.488,2020-08-30T13:43:35.552000000,True
STR,18,Racing Point,16,111.762,31.304,50.695,29.763,HARD,2,5,9,1,False,None,None,True,3927.927,2020-08-30T13:45:27.991000000,True
STR,18,Racing Point,17,111.489,31.27,50.519,29.7,HARD,2,6,9,1,True,None,None,True,4039.689,2020-08-30T13:47:19.753000000,True
STR,18,Racing Point,18,111.253,31.063,50.56,29.63,HARD,2,7,8,1,True,None,None,True,4151.178,2020-08-30T13:49:11.242000000,True
STR,18,Racing Point,19,110.002,30.943,49.497,29.562,HARD,2,8,8,1,True,None,None,True,4262.431,2020-08-30T13:51:02.495000000,True
STR,18,Racing Point,20,110.005,31.407,49.083,29.515,HARD,2,9,8,1,False,None,None,True,4372.433,2020-08-30T13:52:52.497000000,True
STR,18,Racing Point,21,110.262,31.455,49.067,29.74,HARD,2,10,8,1,False,None,None,True,4482.438,2020-08-30T13:54:42.502000000,True
STR,18,Racing Point,22,110.217,31.453,49.07,29.694,HARD,2,11,8,1,False,None,None,True,4592.7,2020-08-30T13:56:32.764000000,True
STR,18,Racing Point,23,110.319,31.508,49.269,29.542,HARD,2,12,8,1,False,None,None,True,4702.917,2020-08-30T13:58:22.981000000,True
STR,18,Racing Point,24,110.513,31.487,49.378,29.648,HARD,2,13,8,1,False,None,None,True,4813.236,2020-08-30T14:00:13.300000000,True
STR,18,Racing Point,25,110.466,31.298,49.462,29.706,HARD,2,14,8,1,False,None,None,True,4923.749,2020-08-30T14:02:03.813000000,True
STR,18,Racing Point,26,110.443,31.381,49.575,29.487,HARD,2,15,7,1,False,None,None,True,5034.215,2020-08-30T14:03:54.279000000,True
STR,18,Racing Point,27,109.432,31.536,48.341,29.555,HARD,2,16,7,1,True,None,None,True,5144.658,2020-08-30T14:05:44.722000000,True
STR,18,Racing Point,28,109.176,31.507,48.181,29.488,HARD,2,17,7,1,True,None,None,True,5254.09,2020-08-30T14:07:34.154000000,True
STR,18,Racing Point,29,109.381,31.54,48.269,29.572,HARD,2,18,7,1,False,None,None,True,5363.266,2020-08-30T14:09:23.330000000,True
STR,18,Racing Point,30,109.3,31.569,48.148,29.583,HARD,2,19,7,1,False,None,None,True,5472.647,2020-08-30T14:11:12.711000000,True
STR,18,Racing Point,31,109.181,31.629,48.006,29.546,HARD,2,20,7,1,False,None,None,True,5581.947,2020-08-30T14:13:02.011000000,True
STR,18,Racing Point,32,109.301,31.74,48.038,29.523,HARD,2,21,7,1,False,None,None,True,5691.128,2020-08-30T14:14:51.192000000,True
STR,18,Racing Point,33,109.427,31.7,48.197,29.53,HARD,2,22,7,1,False,None,None,True,5800.429,2020-08-30T14:16:40.493000000,True
STR,18,Racing Point,34,109.136,31.586,48.197,29.353,HARD,2,23,7,1,True,None,None,True,5909.856,2020-08-30T14:18:29.920000000,True
STR,18,Racing Point,35,109.829,31.682,48.455,29.692,HARD,2,24,7,1,False,None,None,True,6018.992,2020-08-30T14:20:19.056000000,True
STR,18,Racing Point,36,109.673,31.507,48.383,29.783,HARD,2,25,7,1,False,None,None,True,6128.821,2020-08-30T14:22:08.885000000,True
STR,18,Racing Point,37,111.554,31.592,50.312,29.65,HARD,2,26,8,1,False,None,None,True,6238.494,2020-08-30T14:23:58.558000000,True
STR,18,Racing Point,38,110.321,31.646,48.888,29.787,HARD,2,27,8,1,False,None,None,True,6350.048,2020-08-30T14:25:50.112000000,True
STR,18,Racing Point,39,109.843,31.556,48.703,29.584,HARD,2,28,8,1,False,None,None,True,6460.369,2020-08-30T14:27:40.433000000,True
STR,18,Racing Point,40,110.217,31.772,48.828,29.617,HARD,2,29,8,1,False,None,None,True,6570.212,2020-08-30T14:29:30.276000000,True
STR,18,Racing Point,41,110.472,31.741,48.713,30.018,HARD,2,30,8,1,False,None,None,True,6680.429,2020-08-30T14:31:20.493000000,True
STR,18,Racing Point,42,110.413,31.889,48.72,29.804,HARD,2,31,8,1,False,None,None,True,6790.901,2020-08-30T14:33:10.965000000,True
STR,18,Racing Point,43,111.217,31.655,49.929,29.633,HARD,2,32,9,1,False,None,None,True,6901.314,2020-08-30T14:35:01.378000000,True
STR,18,Racing Point,44,110.73,31.64,49.127,29.963,HARD,2,33,9,12,False,None,None,True,7012.531,2020-08-30T14:36:52.595000000,True
VER,33,Red Bull Racing,1,114.844,None,50.52,29.633,MEDIUM,1,4,3,1,False,None,None,False,2021.719,2020-08-30T13:13:41.783000000,False
VER,33,Red Bull Racing,2,110.614,31.726,49.267,29.621,MEDIUM,1,5,3,1,True,None,None,False,2136.728,2020-08-30T13:15:36.792000000,True
VER,33,Red Bull Racing,3,110.335,31.742,48.888,29.705,MEDIUM,1,6,3,1,True,None,None,False,2247.342,2020-08-30T13:17:27.406000000,True
VER,33,Red Bull Racing,4,110.568,31.755,49.155,29.658,MEDIUM,1,7,3,1,False,None,None,False,2357.677,2020-08-30T13:19:17.741000000,True
VER,33,Red Bull Racing,5,110.19,31.686,48.91,29.594,MEDIUM,1,8,3,1,True,None,None,False,2468.245,2020-08-30T13:21:08.309000000,True
VER,33,Red Bull Racing,6,110.468,31.828,48.962,29.678,MEDIUM,1,9,3,1,False,None,None,False,2578.435,2020-08-30T13:22:58.499000000,True
VER,33,Red Bull Racing,7,110.347,31.737,48.983,29.627,MEDIUM,1,10,3,1,False,None,None,False,2688.903,2020-08-30T13:24:48.967000000,True
VER,33,Red Bull Racing,8,110.125,31.762,48.793,29.57,MEDIUM,1,11,3,1,True,None,None,False,2799.25,2020-08-30T13:26:39.314000000,True
VER,33,Red Bull Racing,9,110.274,31.797,48.919,29.558,MEDIUM,1,12,3,1,False,None,None,False,2909.375,2020-08-30T13:28:29.439000000,True
VER,33,Red Bull Racing,10,110.761,31.976,48.993,29.792,MEDIUM,1,13,3,12,False,None,None,False,3019.649,2020-08-30T13:30:19.713000000,True
VER,33,Red Bull Racing,11,153.964,42.441,75.985,35.538,MEDIUM,1,14,3,24,False,None,3280.839,False,3130.41,2020-08-30T13:32:10.474000000,False
VER,33,Red Bull Racing,12,183.917,56.118,83.385,44.414,SOFT,2,4,3,4,False,3304.012,None,False,3284.396,2020-08-30T13:34:44.460000000,False
VER,33,Red Bull Racing,13,179.405,45.349,85.174,48.882,SOFT,2,5,3,4,False,None,None,False,3468.284,2020-08-30T13:37:48.348000000,False
VER,33,Red Bull Racing,14,165.101,45.711,72.286,47.104,SOFT,2,6,3,41,False,None,None,False,3647.719,2020-08-30T13:40:47.783000000,False
VER,33,Red Bull Racing,15,109.597,31.446,48.92,29.231,SOFT,2,7,3,1,True,None,None,False,3812.788,2020-08-30T13:43:32.852000000,True
VER,33,Red Bull Racing,16,108.614,31.316,48.194,29.104,SOFT,2,8,3,1,True,None,None,False,3922.385,2020-08-30T13:45:22.449000000,True
VER,33,Red Bull Racing,17,108.684,31.465,47.972,29.247,SOFT,2,9,3,1,False,None,None,False,4030.999,2020-08-30T13:47:11.063000000,True
VER,33,Red Bull Racing,18,108.603,31.431,47.876,29.296,SOFT,2,10,3,1,True,None,None,False,4139.683,2020-08-30T13:48:59.747000000,True
VER,33,Red Bull Racing,19,108.704,31.39,48.06,29.254,SOFT,2,11,3,1,False,None,None,False,4248.286,2020-08-30T13:50:48.350000000,True
VER,33,Red Bull Racing,20,108.72,31.401,48.042,29.277,SOFT,2,12,3,1,False,None,None,False,4356.99,2020-08-30T13:52:37.054000000,True
VER,33,Red Bull Racing,21,108.905,31.378,48.228,29.299,SOFT,2,13,3,1,False,None,None,False,4465.71,2020-08-30T13:54:25.774000000,True
VER,33,Red Bull Racing,22,108.81,31.467,48.074,29.269,SOFT,2,14,3,1,False,None,None,False,4574.615,2020-08-30T13:56:14.679000000,True
VER,33,Red Bull Racing,23,108.591,31.454,47.895,29.242,SOFT,2,15,3,1,True,None,None,False,4683.425,2020-08-30T13:58:03.489000000,True
VER,33,Red Bull Racing,24,108.618,31.383,47.968,29.267,SOFT,2,16,3,1,False,None,None,False,4792.016,2020-08-30T13:59:52.080000000,True
VER,33,Red Bull Racing,25,108.694,31.375,48.046,29.273,SOFT,2,17,3,1,False,None,None,False,4900.634,2020-08-30T14:01:40.698000000,True
VER,33,Red Bull Racing,26,108.527,31.363,47.871,29.293,SOFT,2,18,3,1,True,None,None,False,5009.328,2020-08-30T14:03:29.392000000,True
VER,33,Red Bull Racing,27,108.305,31.359,47.754,29.192,SOFT,2,19,3,1,True,None,None,False,5117.855,2020-08-30T14:05:17.919000000,True
VER,33,Red Bull Racing,28,108.448,31.364,47.724,29.36,SOFT,2,20,3,1,False,None,None,False,5226.16,2020-08-30T14:07:06.224000000,True
VER,33,Red Bull Racing,29,108.562,31.507,47.813,29.242,SOFT,2,21,3,1,False,None,None,False,5334.608,2020-08-30T14:08:54.672000000,True
VER,33,Red Bull Racing,30,108.748,31.511,47.889,29.348,SOFT,2,22,3,1,False,None,None,False,5443.17,2020-08-30T14:10:43.234000000,True
VER,33,Red Bull Racing,31,108.7,31.553,47.812,29.335,SOFT,2,23,3,1,False,None,None,False,5551.918,2020-08-30T14:12:31.982000000,True
VER,33,Red Bull Racing,32,108.829,31.728,47.745,29.356,SOFT,2,24,3,1,False,None,None,False,5660.618,2020-08-30T14:14:20.682000000,True
VER,33,Red Bull Racing,33,108.776,31.584,47.861,29.331,SOFT,2,25,3,1,False,None,None,False,5769.447,2020-08-30T14:16:09.511000000,True
VER,33,Red Bull Racing,34,108.994,31.622,47.998,29.374,SOFT,2,26,3,1,False,None,None,False,5878.223,2020-08-30T14:17:58.287000000,True
VER,33,Red Bull Racing,35,108.782,31.525,47.817,29.44,SOFT,2,27,3,1,False,None,None,False,5987.217,2020-08-30T14:19:47.281000000,True
VER,33,Red Bull Racing,36,109.376,31.718,48.016,29.642,SOFT,2,28,3,1,False,None,None,False,6095.999,2020-08-30T14:21:36.063000000,True
VER,33,Red Bull Racing,37,109.215,31.608,48.054,29.553,SOFT,2,29,3,1,False,None,None,False,6205.375,2020-08-30T14:23:25.439000000,True
VER,33,Red Bull Racing,38,109.146,31.635,48.023,29.488,SOFT,2,30,3,1,False,None,None,False,6314.59,2020-08-30T14:25:14.654000000,True
VER,33,Red Bull Racing,39,109.651,31.601,48.253,29.797,SOFT,2,31,3,1,False,None,None,False,6423.736,2020-08-30T14:27:03.800000000,True
VER,33,Red Bull Racing,40,110.046,31.758,48.682,29.606,SOFT,2,32,3,1,False,None,None,False,6533.387,2020-08-30T14:28:53.451000000,True
VER,33,Red Bull Racing,41,110.08,31.662,48.785,29.633,SOFT,2,33,3,1,False,None,None,False,6643.433,2020-08-30T14:30:43.497000000,True
VER,33,Red Bull Racing,42,110.118,31.838,48.581,29.699,SOFT,2,34,3,1,False,None,None,False,6753.513,2020-08-30T14:32:33.577000000,True
VER,33,Red Bull Racing,43,110.511,31.771,49.079,29.661,SOFT,2,35,3,1,False,None,None,False,6863.631,2020-08-30T14:34:23.695000000,True
VER,33,Red Bull Racing,44,111.949,31.958,50.058,29.933,SOFT,2,36,3,1,False,None,None,False,6974.142,2020-08-30T14:36:14.206000000,True
VET,5,Ferrari,1,121.6,None,54.915,30.033,MEDIUM,1,1,13,1,False,None,None,True,2021.719,2020-08-30T13:13:41.783000000,False
VET,5,Ferrari,2,114.126,31.851,52.287,29.988,MEDIUM,1,2,13,1,True,None,None,True,2143.484,2020-08-30T13:15:43.548000000,True
VET,5,Ferrari,3,112.223,31.708,50.602,29.913,MEDIUM,1,3,13,1,True,None,None,True,2257.61,2020-08-30T13:17:37.674000000,True
VET,5,Ferrari,4,112.351,31.927,50.569,29.855,MEDIUM,1,4,13,1,False,None,None,True,2369.833,2020-08-30T13:19:29.897000000,True
VET,5,Ferrari,5,112.485,31.863,50.672,29.95,MEDIUM,1,5,13,1,False,None,None,True,2482.184,2020-08-30T13:21:22.248000000,True
VET,5,Ferrari,6,112.951,31.894,51.066,29.991,MEDIUM,1,6,13,1,False,None,None,True,2594.669,2020-08-30T13:23:14.733000000,True
VET,5,Ferrari,7,112.409,31.955,50.638,29.816,MEDIUM,1,7,13,1,False,None,None,True,2707.62,2020-08-30T13:25:07.684000000,True
VET,5,Ferrari,8,112.04,31.287,50.933,29.82,MEDIUM,1,8,13,1,True,None,None,True,2820.029,2020-08-30T13:27:00.093000000,True
VET,5,Ferrari,9,112.245,31.573,50.583,30.089,MEDIUM,1,9,13,1,False,None,None,True,2932.069,2020-08-30T13:28:52.133000000,True
VET,5,Ferrari,10,119.218,31.863,50.113,37.242,MEDIUM,1,10,12,124,False,None,None,True,3044.314,2020-08-30T13:30:44.378000000,False
VET,5,Ferrari,11,153.12,43.85,70.275,38.995,MEDIUM,1,11,12,4,False,None,3312.958,True,3163.532,2020-08-30T13:32:43.596000000,False
VET,5,Ferrari,12,166.999,52.51,70.648,43.841,HARD,2,1,12,4,False,3335.952,None,True,3316.67,2020-08-30T13:35:16.734000000,False
VET,5,Ferrari,13,179.101,48.096,79.71,51.295,HARD,2,2,12,4,False,None,None,True,3483.66,2020-08-30T13:38:03.724000000,False
VET,5,Ferrari,14,154.215,47.491,65.556,41.168,HARD,2,3,12,41,False,None,None,True,3662.764,2020-08-30T13:41:02.828000000,False
VET,5,Ferrari,15,112.777,31.645,51.419,29.713,HARD,2,4,12,1,False,None,None,True,3816.959,2020-08-30T13:43:37.023000000,True
VET,5,Ferrari,16,112.297,31.587,51.096,29.614,HARD,2,5,13,1,False,None,None,True,3929.736,2020-08-30T13:45:29.800000000,True
VET,5,Ferrari,17,111.903,31.48,50.686,29.737,HARD,2,6,13,1,True,None,None,True,4042.033,2020-08-30T13:47:22.097000000,True
VET,5,Ferrari,18,111.56,31.211,50.506,29.843,HARD,2,7,13,1,True,None,None,True,4153.936,2020-08-30T13:49:14.000000000,True
VET,5,Ferrari,19,111.01,31.316,50.059,29.635,HARD,2,8,12,1,True,None,None,True,4265.496,2020-08-30T13:51:05.560000000,True
VET,5,Ferrari,20,110.551,31.548,49.412,29.591,HARD,2,9,12,1,True,None,None,True,4376.506,2020-08-30T13:52:56.570000000,True
VET,5,Ferrari,21,110.793,31.549,49.54,29.704,HARD,2,10,12,1,False,None,None,True,4487.057,2020-08-30T13:54:47.121000000,True
VET,5,Ferrari,22,110.524,31.644,49.256,29.624,HARD,2,11,12,1,True,None,None,True,4597.85,2020-08-30T13:56:37.914000000,True
VET,5,Ferrari,23,110.2,31.611,49.049,29.54,HARD,2,12,12,1,True,None,None,True,4708.374,2020-08-30T13:58:28.438000000,True
VET,5,Ferrari,24,110.463,31.589,49.257,29.617,HARD,2,13,12,1,False,None,None,True,4818.574,2020-08-30T14:00:18.638000000,True
VET,5,Ferrari,25,110.232,31.435,49.171,29.626,HARD,2,14,12,1,False,None,None,True,4929.037,2020-08-30T14:02:09.101000000,True
VET,5,Ferrari,26,110.351,31.477,49.226,29.648,HARD,2,15,12,1,False,None,None,True,5039.269,2020-08-30T14:03:59.333000000,True
VET,5,Ferrari,27,110.507,31.618,49.177,29.712,HARD,2,16,11,1,False,None,None,True,5149.62,2020-08-30T14:05:49.684000000,True
VET,5,Ferrari,28,110.38,31.663,49.031,29.686,HARD,2,17,11,1,False,None,None,True,5260.127,2020-08-30T14:07:40.191000000,True
VET,5,Ferrari,29,111.378,31.681,50.129,29.568,HARD,2,18,12,1,False,None,None,True,5370.507,2020-08-30T14:09:30.571000000,True
VET,5,Ferrari,30,110.179,31.673,48.766,29.74,HARD,2,19,12,1,True,None,None,True,5481.885,2020-08-30T14:11:21.949000000,True
VET,5,Ferrari,31,109.958,31.777,48.674,29.507,HARD,2,20,12,1,True,None,None,True,5592.064,2020-08-30T14:13:12.128000000,True
VET,5,Ferrari,32,111.882,31.856,50.442,29.584,HARD,2,21,13,1,False,None,None,True,5702.022,2020-08-30T14:15:02.086000000,True
VET,5,Ferrari,33,110.499,31.801,48.983,29.715,HARD,2,22,13,1,False,None,None,True,5813.904,2020-08-30T14:16:53.968000000,True
VET,5,Ferrari,34,110.492,31.685,49.138,29.669,HARD,2,23,13,1,False,None,None,True,5924.403,2020-08-30T14:18:44.467000000,True
VET,5,Ferrari,35,110.552,31.723,49.159,29.67,HARD,2,24,13,1,False,None,None,True,6034.895,2020-08-30T14:20:34.959000000,True
VET,5,Ferrari,36,110.671,31.717,49.139,29.815,HARD,2,25,13,1,False,None,None,True,6145.447,2020-08-30T14:22:25.511000000,True
VET,5,Ferrari,37,110.99,31.987,49.31,29.693,HARD,2,26,13,1,False,None,None,True,6256.118,2020-08-30T14:24:16.182000000,True
VET,5,Ferrari,38,110.684,31.835,49.164,29.685,HARD,2,27,13,1,False,None,None,True,6367.108,2020-08-30T14:26:07.172000000,True
VET,5,Ferrari,39,110.691,31.856,49.195,29.64,HARD,2,28,13,1,False,None,None,True,6477.792,2020-08-30T14:27:57.856000000,True
VET,5,Ferrari,40,110.679,31.778,49.189,29.712,HARD,2,29,13,1,False,None,None,True,6588.483,2020-08-30T14:29:48.547000000,True
VET,5,Ferrari,41,110.69,31.771,49.192,29.727,HARD,2,30,13,1,False,None,None,True,6699.162,2020-08-30T14:31:39.226000000,True
VET,5,Ferrari,42,111.509,31.744,49.95,29.815,HARD,2,31,13,1,False,None,None,True,6809.852,2020-08-30T14:33:29.916000000,True
VET,5,Ferrari,43,110.785,31.775,49.389,29.621,HARD,2,32,13,1,False,None,None,True,6921.361,2020-08-30T14:35:21.425000000,True
VET,5,Ferrari,44,111.385,31.867,49.691,29.827,HARD,2,33,13,12,False,None,None,True,7032.146,2020-08-30T14:37:12.210000000,True
