DriverNumber,BroadcastName,Abbreviation,DriverId,TeamName,TeamColor,TeamId,FirstName,LastName,FullName,HeadshotUrl,CountryCode,Position,ClassifiedPosition,GridPosition,Q1,Q2,Q3,Time,Status,Points,Laps,Year,RoundNumber
28,B HARTLEY,HAR,brendon_hartley,Toro Rosso,469BFF,toro_rosso,Brendon,Hartley,Brendon Hartley,,,15.0,15,16.0,,,,,+1 Lap,0.0,57.0,2018,1
8,R GROSJEAN,GRO,grosjean,Haas F1 Team,828282,haas,Romain,Grosjean,Romain Grosjean,,,16.0,R,6.0,,,,,Wheel,0.0,24.0,2018,1
20,K MAGNUSSEN,MAG,kevin_magnussen,Haas F1 Team,828282,haas,Kevin,Magnussen,Kevin Magnussen,,,17.0,R,5.0,,,,,Wheel,0.0,22.0,2018,1
10,P GASLY,GAS,gasly,Toro Rosso,469BFF,toro_rosso,Pierre,Gasly,Pierre Gasly,,,18.0,R,20.0,,,,,Engine,0.0,13.0,2018,1
9,M ERICSSON,ERI,ericsson,Sauber,9B0000,sauber,Marcus,Ericsson,Marcus Ericsson,,,19.0,R,17.0,,,,,Steering,0.0,5.0,2018,1
35,S SIROTKIN,SIR,sirotkin,Williams,FFFFFF,williams,Sergey,Sirotkin,Sergey Sirotkin,,,20.0,R,19.0,,,,,Brakes,0.0,4.0,2018,1
14,F ALONSO,ALO,alonso,McLaren,FF8700,mclaren,Fernando,Alonso,Fernando Alonso,,,7.0,7,13.0,,,,,+1 Lap,6.0,56.0,2018,2
2,S VANDOORNE,VAN,vandoorne,McLaren,FF8700,mclaren,Stoffel,Vandoorne,Stoffel Vandoorne,,,8.0,8,14.0,,,,,+1 Lap,4.0,56.0,2018,2
9,M ERICSSON,ERI,ericsson,Sauber,9B0000,sauber,Marcus,Ericsson,Marcus Ericsson,,,9.0,9,17.0,,,,,+1 Lap,2.0,56.0,2018,2
31,E OCON,OCO,ocon,Force India,F596C8,force_india,Esteban,Ocon,Esteban Ocon,,,10.0,10,8.0,,,,,+1 Lap,1.0,56.0,2018,2
55,C SAINZ,SAI,sainz,Renault,FFF500,renault,Carlos,Sainz,Carlos Sainz,,,11.0,11,10.0,,,,,+1 Lap,0.0,56.0,2018,2
16,C LECLERC,LEC,leclerc,Sauber,9B0000,sauber,Charles,Leclerc,Charles Leclerc,,,12.0,12,19.0,,,,,+1 Lap,0.0,56.0,2018,2
8,R GROSJEAN,GRO,grosjean,Haas F1 Team,828282,haas,Romain,Grosjean,Romain Grosjean,,,13.0,13,16.0,,,,,+1 Lap,0.0,56.0,2018,2
18,L STROLL,STR,stroll,Williams,FFFFFF,williams,Lance,Stroll,Lance Stroll,,,14.0,14,20.0,,,,,+1 Lap,0.0,56.0,2018,2
35,S SIROTKIN,SIR,sirotkin,Williams,FFFFFF,williams,Sergey,Sirotkin,Sergey Sirotkin,,,15.0,15,18.0,,,,,+1 Lap,0.0,56.0,2018,2
11,S PEREZ,PER,perez,Force India,F596C8,force_india,Sergio,Perez,Sergio Perez,,,16.0,16,12.0,,,,,+1 Lap,0.0,56.0,2018,2
28,B HARTLEY,HAR,brendon_hartley,Toro Rosso,469BFF,toro_rosso,Brendon,Hartley,Brendon Hartley,,,17.0,17,11.0,,,,,+1 Lap,0.0,56.0,2018,2
7,K RAIKKONEN,RAI,raikkonen,Ferrari,DC0000,ferrari,Kimi,Räikkönen,Kimi Räikkönen,,,18.0,R,2.0,,,,,Wheel,0.0,35.0,2018,2
33,M VERSTAPPEN,VER,max_verstappen,Red Bull Racing,1E41FF,red_bull,Max,Verstappen,Max Verstappen,,,19.0,R,15.0,,,,,Puncture,0.0,3.0,2018,2
3,D RICCIARDO,RIC,ricciardo,Red Bull Racing,1E41FF,red_bull,Daniel,Ricciardo,Daniel Ricciardo,,,20.0,R,4.0,,,,,Electrical,0.0,1.0,2018,2
28,B HARTLEY,HAR,brendon_hartley,Toro Rosso,469BFF,toro_rosso,Brendon,Hartley,Brendon Hartley,,,20.0,20,15.0,,,,,Collision damage,0.0,51.0,2018,3
77,V BOTTAS,BOT,bottas,Mercedes,00D2BE,mercedes,Valtteri,Bottas,Valtteri Bottas,,,14.0,R,3.0,,,,,Puncture,0.0,48.0,2018,4
8,R GROSJEAN,GRO,grosjean,Haas F1 Team,828282,haas,Romain,Grosjean,Romain Grosjean,,,15.0,R,20.0,,,,,Accident,0.0,42.0,2018,4
33,M VERSTAPPEN,VER,max_verstappen,Red Bull Racing,1E41FF,red_bull,Max,Verstappen,Max Verstappen,,,16.0,R,5.0,,,,,Collision,0.0,39.0,2018,4
3,D RICCIARDO,RIC,ricciardo,Red Bull Racing,1E41FF,red_bull,Daniel,Ricciardo,Daniel Ricciardo,,,17.0,R,4.0,,,,,Collision,0.0,39.0,2018,4
27,N HULKENBERG,HUL,hulkenberg,Renault,FFF500,renault,Nico,Hulkenberg,Nico Hulkenberg,,,18.0,R,14.0,,,,,Accident,0.0,10.0,2018,4
31,E OCON,OCO,ocon,Force India,F596C8,force_india,Esteban,Ocon,Esteban Ocon,,,19.0,R,7.0,,,,,Collision,0.0,0.0,2018,4
35,S SIROTKIN,SIR,sirotkin,Williams,FFFFFF,williams,Sergey,Sirotkin,Sergey Sirotkin,,,20.0,R,11.0,,,,,Collision,0.0,0.0,2018,4
20,K MAGNUSSEN,MAG,kevin_magnussen,Haas F1 Team,828282,haas,Kevin,Magnussen,Kevin Magnussen,,,6.0,6,7.0,,,,,+1 Lap,8.0,65.0,2018,5
55,C SAINZ,SAI,sainz,Renault,FFF500,renault,Carlos,Sainz,Carlos Sainz,,,7.0,7,9.0,,,,,+1 Lap,6.0,65.0,2018,5
14,F ALONSO,ALO,alonso,McLaren,FF8700,mclaren,Fernando,Alonso,Fernando Alonso,,,8.0,8,8.0,,,,,+1 Lap,4.0,65.0,2018,5
11,S PEREZ,PER,perez,Force India,F596C8,force_india,Sergio,Perez,Sergio Perez,,,9.0,9,15.0,,,,,+2 Laps,2.0,64.0,2018,5
16,C LECLERC,LEC,leclerc,Sauber,9B0000,sauber,Charles,Leclerc,Charles Leclerc,,,10.0,10,14.0,,,,,+2 Laps,1.0,64.0,2018,5
18,L STROLL,STR,stroll,Williams,FFFFFF,williams,Lance,Stroll,Lance Stroll,,,11.0,11,18.0,,,,,+2 Laps,0.0,64.0,2018,5
28,B HARTLEY,HAR,brendon_hartley,Toro Rosso,469BFF,toro_rosso,Brendon,Hartley,Brendon Hartley,,,12.0,12,20.0,,,,,+2 Laps,0.0,64.0,2018,5
9,M ERICSSON,ERI,ericsson,Sauber,9B0000,sauber,Marcus,Ericsson,Marcus Ericsson,,,13.0,13,17.0,,,,,+2 Laps,0.0,64.0,2018,5
35,S SIROTKIN,SIR,sirotkin,Williams,FFFFFF,williams,Sergey,Sirotkin,Sergey Sirotkin,,,14.0,14,19.0,,,,,+3 Laps,0.0,63.0,2018,5
2,S VANDOORNE,VAN,vandoorne,McLaren,FF8700,mclaren,Stoffel,Vandoorne,Stoffel Vandoorne,,,15.0,R,11.0,,,,,Gearbox,0.0,45.0,2018,5
31,E OCON,OCO,ocon,Force India,F596C8,force_india,Esteban,Ocon,Esteban Ocon,,,16.0,R,13.0,,,,,Oil leak,0.0,38.0,2018,5
7,K RAIKKONEN,RAI,raikkonen,Ferrari,DC0000,ferrari,Kimi,Räikkönen,Kimi Räikkönen,,,17.0,R,4.0,,,,,Turbo,0.0,25.0,2018,5
8,R GROSJEAN,GRO,grosjean,Haas F1 Team,828282,haas,Romain,Grosjean,Romain Grosjean,,,18.0,R,10.0,,,,,Collision,0.0,0.0,2018,5
10,P GASLY,GAS,gasly,Toro Rosso,469BFF,toro_rosso,Pierre,Gasly,Pierre Gasly,,,19.0,R,12.0,,,,,Collision,0.0,0.0,2018,5
27,N HULKENBERG,HUL,hulkenberg,Renault,FFF500,renault,Nico,Hulkenberg,Nico Hulkenberg,,,20.0,R,16.0,,,,,Collision,0.0,0.0,2018,5
2,S VANDOORNE,VAN,vandoorne,McLaren,FF8700,mclaren,Stoffel,Vandoorne,Stoffel Vandoorne,,,14.0,14,12.0,,,,,+1 Lap,0.0,77.0,2018,6
8,R GROSJEAN,GRO,grosjean,Haas F1 Team,828282,haas,Romain,Grosjean,Romain Grosjean,,,15.0,15,18.0,,,,,+1 Lap,0.0,77.0,2018,6
35,S SIROTKIN,SIR,sirotkin,Williams,FFFFFF,williams,Sergey,Sirotkin,Sergey Sirotkin,,,16.0,16,13.0,,,,,+1 Lap,0.0,77.0,2018,6
18,L STROLL,STR,stroll,Williams,FFFFFF,williams,Lance,Stroll,Lance Stroll,,,17.0,17,17.0,,,,,+2 Laps,0.0,76.0,2018,6
16,C LECLERC,LEC,leclerc,Sauber,9B0000,sauber,Charles,Leclerc,Charles Leclerc,,,18.0,R,14.0,,,,,Collision,0.0,70.0,2018,6
28,B HARTLEY,HAR,brendon_hartley,Toro Rosso,469BFF,toro_rosso,Brendon,Hartley,Brendon Hartley,,,19.0,R,15.0,,,,,Collision,0.0,70.0,2018,6
14,F ALONSO,ALO,alonso,McLaren,FF8700,mclaren,Fernando,Alonso,Fernando Alonso,,,20.0,R,7.0,,,,,Gearbox,0.0,52.0,2018,6
27,N HULKENBERG,HUL,hulkenberg,Renault,FFF500,renault,Nico,Hulkenberg,Nico Hulkenberg,,,7.0,7,7.0,,,,,+1 Lap,6.0,67.0,2018,7
55,C SAINZ,SAI,sainz,Renault,FFF500,renault,Carlos,Sainz,Carlos Sainz,,,8.0,8,9.0,,,,,+1 Lap,4.0,67.0,2018,7
31,E OCON,OCO,ocon,Force India,F596C8,force_india,Esteban,Ocon,Esteban Ocon,,,9.0,9,8.0,,,,,+1 Lap,2.0,67.0,2018,7
16,C LECLERC,LEC,leclerc,Sauber,9B0000,sauber,Charles,Leclerc,Charles Leclerc,,,10.0,10,13.0,,,,,+1 Lap,1.0,67.0,2018,7
10,P GASLY,GAS,gasly,Toro Rosso,469BFF,toro_rosso,Pierre,Gasly,Pierre Gasly,,,11.0,11,16.0,,,,,+1 Lap,0.0,67.0,2018,7
8,R GROSJEAN,GRO,grosjean,Haas F1 Team,828282,haas,Romain,Grosjean,Romain Grosjean,,,12.0,12,20.0,,,,,+1 Lap,0.0,67.0,2018,7
20,K MAGNUSSEN,MAG,kevin_magnussen,Haas F1 Team,828282,haas,Kevin,Magnussen,Kevin Magnussen,,,13.0,13,11.0,,,,,+1 Lap,0.0,67.0,2018,7
11,S PEREZ,PER,perez,Force India,F596C8,force_india,Sergio,Perez,Sergio Perez,,,14.0,14,10.0,,,,,+1 Lap,0.0,67.0,2018,7
9,M ERICSSON,ERI,ericsson,Sauber,9B0000,sauber,Marcus,Ericsson,Marcus Ericsson,,,15.0,15,19.0,,,,,+2 Laps,0.0,66.0,2018,7
2,S VANDOORNE,VAN,vandoorne,McLaren,FF8700,mclaren,Stoffel,Vandoorne,Stoffel Vandoorne,,,16.0,16,15.0,,,,,+2 Laps,0.0,66.0,2018,7
35,S SIROTKIN,SIR,sirotkin,Williams,FFFFFF,williams,Sergey,Sirotkin,Sergey Sirotkin,,,17.0,17,18.0,,,,,+2 Laps,0.0,66.0,2018,7
14,F ALONSO,ALO,alonso,McLaren,FF8700,mclaren,Fernando,Alonso,Fernando Alonso,,,18.0,R,14.0,,,,,Exhaust,0.0,40.0,2018,7
28,B HARTLEY,HAR,brendon_hartley,Toro Rosso,469BFF,toro_rosso,Brendon,Hartley,Brendon Hartley,,,19.0,R,12.0,,,,,Collision,0.0,0.0,2018,7
18,L STROLL,STR,stroll,Williams,FFFFFF,williams,Lance,Stroll,Lance Stroll,,,20.0,R,17.0,,,,,Collision,0.0,0.0,2018,7
8,R GROSJEAN,GRO,grosjean,Haas F1 Team,828282,haas,Romain,Grosjean,Romain Grosjean,,,11.0,11,10.0,,,,,+1 Lap,0.0,52.0,2018,8
2,S VANDOORNE,VAN,vandoorne,McLaren,FF8700,mclaren,Stoffel,Vandoorne,Stoffel Vandoorne,,,12.0,12,17.0,,,,,+1 Lap,0.0,52.0,2018,8
9,M ERICSSON,ERI,ericsson,Sauber,9B0000,sauber,Marcus,Ericsson,Marcus Ericsson,,,13.0,13,15.0,,,,,+1 Lap,0.0,52.0,2018,8
28,B HARTLEY,HAR,brendon_hartley,Toro Rosso,469BFF,toro_rosso,Brendon,Hartley,Brendon Hartley,,,14.0,14,20.0,,,,,+1 Lap,0.0,52.0,2018,8
35,S SIROTKIN,SIR,sirotkin,Williams,FFFFFF,williams,Sergey,Sirotkin,Sergey Sirotkin,,,15.0,15,18.0,,,,,+1 Lap,0.0,52.0,2018,8
14,F ALONSO,ALO,alonso,McLaren,FF8700,mclaren,Fernando,Alonso,Fernando Alonso,,,16.0,16,16.0,,,,,Wheel,0.0,50.0,2018,8
18,L STROLL,STR,stroll,Williams,FFFFFF,williams,Lance,Stroll,Lance Stroll,,,17.0,17,19.0,,,,,Puncture,0.0,48.0,2018,8
11,S PEREZ,PER,perez,Force India,F596C8,force_india,Sergio,Perez,Sergio Perez,,,18.0,R,13.0,,,,,Engine,0.0,27.0,2018,8
31,E OCON,OCO,ocon,Force India,F596C8,force_india,Esteban,Ocon,Esteban Ocon,,,19.0,R,11.0,,,,,Collision,0.0,0.0,2018,8
10,P GASLY,GAS,gasly,Toro Rosso,469BFF,toro_rosso,Pierre,Gasly,Pierre Gasly,,,20.0,R,14.0,,,,,Collision,0.0,0.0,2018,8
8,R GROSJEAN,GRO,grosjean,Haas F1 Team,828282,haas,Romain,Grosjean,Romain Grosjean,,,4.0,4,5.0,,,,,+1 Lap,12.0,70.0,2018,9
20,K MAGNUSSEN,MAG,kevin_magnussen,Haas F1 Team,828282,haas,Kevin,Magnussen,Kevin Magnussen,,,5.0,5,8.0,,,,,+1 Lap,10.0,70.0,2018,9
31,E OCON,OCO,ocon,Force India,F596C8,force_india,Esteban,Ocon,Esteban Ocon,,,6.0,6,11.0,,,,,+1 Lap,8.0,70.0,2018,9
11,S PEREZ,PER,perez,Force India,F596C8,force_india,Sergio,Perez,Sergio Perez,,,7.0,7,16.0,,,,,+1 Lap,6.0,70.0,2018,9
14,F ALONSO,ALO,alonso,McLaren,FF8700,mclaren,Fernando,Alonso,Fernando Alonso,,,8.0,8,13.0,,,,,+1 Lap,4.0,70.0,2018,9
16,C LECLERC,LEC,leclerc,Sauber,9B0000,sauber,Charles,Leclerc,Charles Leclerc,,,9.0,9,18.0,,,,,+1 Lap,2.0,70.0,2018,9
9,M ERICSSON,ERI,ericsson,Sauber,9B0000,sauber,Marcus,Ericsson,Marcus Ericsson,,,10.0,10,20.0,,,,,+1 Lap,1.0,70.0,2018,9
10,P GASLY,GAS,gasly,Toro Rosso,469BFF,toro_rosso,Pierre,Gasly,Pierre Gasly,,,11.0,11,12.0,,,,,+1 Lap,0.0,70.0,2018,9
55,C SAINZ,SAI,sainz,Renault,FFF500,renault,Carlos,Sainz,Carlos Sainz,,,12.0,12,9.0,,,,,+1 Lap,0.0,70.0,2018,9
35,S SIROTKIN,SIR,sirotkin,Williams,FFFFFF,williams,Sergey,Sirotkin,Sergey Sirotkin,,,13.0,13,17.0,,,,,+2 Laps,0.0,69.0,2018,9
18,L STROLL,STR,stroll,Williams,FFFFFF,williams,Lance,Stroll,Lance Stroll,,,14.0,14,14.0,,,,,+2 Laps,0.0,69.0,2018,9
2,S VANDOORNE,VAN,vandoorne,McLaren,FF8700,mclaren,Stoffel,Vandoorne,Stoffel Vandoorne,,,15.0,15,15.0,,,,,Collision damage,0.0,65.0,2018,9
44,L HAMILTON,HAM,hamilton,Mercedes,00D2BE,mercedes,Lewis,Hamilton,Lewis Hamilton,,,16.0,R,2.0,,,,,Fuel pressure,0.0,62.0,2018,9
28,B HARTLEY,HAR,brendon_hartley,Toro Rosso,469BFF,toro_rosso,Brendon,Hartley,Brendon Hartley,,,17.0,R,19.0,,,,,Hydraulics,0.0,54.0,2018,9
3,D RICCIARDO,RIC,ricciardo,Red Bull Racing,1E41FF,red_bull,Daniel,Ricciardo,Daniel Ricciardo,,,18.0,R,7.0,,,,,Exhaust,0.0,53.0,2018,9
77,V BOTTAS,BOT,bottas,Mercedes,00D2BE,mercedes,Valtteri,Bottas,Valtteri Bottas,,,19.0,R,1.0,,,,,Hydraulics,0.0,13.0,2018,9
27,N HULKENBERG,HUL,hulkenberg,Renault,FFF500,renault,Nico,Hulkenberg,Nico Hulkenberg,,,20.0,R,10.0,,,,,Engine,0.0,11.0,2018,9
33,M VERSTAPPEN,VER,max_verstappen,Red Bull Racing,1E41FF,red_bull,Max,Verstappen,Max Verstappen,,,15.0,R,5.0,,,,,Brakes,0.0,46.0,2018,10
8,R GROSJEAN,GRO,grosjean,Haas F1 Team,828282,haas,Romain,Grosjean,Romain Grosjean,,,16.0,R,8.0,,,,,Collision,0.0,37.0,2018,10
55,C SAINZ,SAI,sainz,Renault,FFF500,renault,Carlos,Sainz,Carlos Sainz,,,17.0,R,16.0,,,,,Collision,0.0,37.0,2018,10
9,M ERICSSON,ERI,ericsson,Sauber,9B0000,sauber,Marcus,Ericsson,Marcus Ericsson,,,18.0,R,15.0,,,,,Accident,0.0,31.0,2018,10
16,C LECLERC,LEC,leclerc,Sauber,9B0000,sauber,Charles,Leclerc,Charles Leclerc,,,19.0,R,9.0,,,,,Tyre,0.0,18.0,2018,10
28,B HARTLEY,HAR,brendon_hartley,Toro Rosso,469BFF,toro_rosso,Brendon,Hartley,Brendon Hartley,,,20.0,R,0.0,,,,,Power Unit,0.0,1.0,2018,10
10,P GASLY,GAS,gasly,Toro Rosso,469BFF,toro_rosso,Pierre,Gasly,Pierre Gasly,,,14.0,14,16.0,,,,,+1 Lap,0.0,66.0,2018,11
16,C LECLERC,LEC,leclerc,Sauber,9B0000,sauber,Charles,Leclerc,Charles Leclerc,,,15.0,15,9.0,,,,,+1 Lap,0.0,66.0,2018,11
14,F ALONSO,ALO,alonso,McLaren,FF8700,mclaren,Fernando,Alonso,Fernando Alonso,,,16.0,16,11.0,,,,,Retired,0.0,65.0,2018,11
18,L STROLL,STR,stroll,Williams,FFFFFF,williams,Lance,Stroll,Lance Stroll,,,17.0,R,18.0,,,,,Engine,0.0,53.0,2018,11
5,S VETTEL,VET,vettel,Ferrari,DC0000,ferrari,Sebastian,Vettel,Sebastian Vettel,,,18.0,R,1.0,,,,,Accident,0.0,51.0,2018,11
35,S SIROTKIN,SIR,sirotkin,Williams,FFFFFF,williams,Sergey,Sirotkin,Sergey Sirotkin,,,19.0,R,12.0,,,,,Engine,0.0,51.0,2018,11
3,D RICCIARDO,RIC,ricciardo,Red Bull Racing,1E41FF,red_bull,Daniel,Ricciardo,Daniel Ricciardo,,,20.0,R,20.0,,,,,Engine,0.0,27.0,2018,11
20,K MAGNUSSEN,MAG,kevin_magnussen,Haas F1 Team,828282,haas,Kevin,Magnussen,Kevin Magnussen,,,7.0,7,9.0,,,,,+1 Lap,6.0,69.0,2018,12
14,F ALONSO,ALO,alonso,McLaren,FF8700,mclaren,Fernando,Alonso,Fernando Alonso,,,8.0,8,11.0,,,,,+1 Lap,4.0,69.0,2018,12
55,C SAINZ,SAI,sainz,Renault,FFF500,renault,Carlos,Sainz,Carlos Sainz,,,9.0,9,5.0,,,,,+1 Lap,2.0,69.0,2018,12
8,R GROSJEAN,GRO,grosjean,Haas F1 Team,828282,haas,Romain,Grosjean,Romain Grosjean,,,10.0,10,10.0,,,,,+1 Lap,1.0,69.0,2018,12
28,B HARTLEY,HAR,brendon_hartley,Toro Rosso,469BFF,toro_rosso,Brendon,Hartley,Brendon Hartley,,,11.0,11,8.0,,,,,+1 Lap,0.0,69.0,2018,12
27,N HULKENBERG,HUL,hulkenberg,Renault,FFF500,renault,Nico,Hulkenberg,Nico Hulkenberg,,,12.0,12,13.0,,,,,+1 Lap,0.0,69.0,2018,12
31,E OCON,OCO,ocon,Force India,F596C8,force_india,Esteban,Ocon,Esteban Ocon,,,13.0,13,18.0,,,,,+1 Lap,0.0,69.0,2018,12
11,S PEREZ,PER,perez,Force India,F596C8,force_india,Sergio,Perez,Sergio Perez,,,14.0,14,19.0,,,,,+1 Lap,0.0,69.0,2018,12
9,M ERICSSON,ERI,ericsson,Sauber,9B0000,sauber,Marcus,Ericsson,Marcus Ericsson,,,15.0,15,14.0,,,,,+2 Laps,0.0,68.0,2018,12
35,S SIROTKIN,SIR,sirotkin,Williams,FFFFFF,williams,Sergey,Sirotkin,Sergey Sirotkin,,,16.0,16,20.0,,,,,+2 Laps,0.0,68.0,2018,12
18,L STROLL,STR,stroll,Williams,FFFFFF,williams,Lance,Stroll,Lance Stroll,,,17.0,17,15.0,,,,,+2 Laps,0.0,68.0,2018,12
2,S VANDOORNE,VAN,vandoorne,McLaren,FF8700,mclaren,Stoffel,Vandoorne,Stoffel Vandoorne,,,18.0,R,16.0,,,,,Gearbox,0.0,49.0,2018,12
33,M VERSTAPPEN,VER,max_verstappen,Red Bull Racing,1E41FF,red_bull,Max,Verstappen,Max Verstappen,,,19.0,R,7.0,,,,,Power loss,0.0,5.0,2018,12
16,C LECLERC,LEC,leclerc,Sauber,9B0000,sauber,Charles,Leclerc,Charles Leclerc,,,20.0,R,17.0,,,,,Suspension,0.0,0.0,2018,12
9,M ERICSSON,ERI,ericsson,Sauber,9B0000,sauber,Marcus,Ericsson,Marcus Ericsson,,,10.0,10,13.0,,,,,+1 Lap,1.0,43.0,2018,13
55,C SAINZ,SAI,sainz,Renault,FFF500,renault,Carlos,Sainz,Carlos Sainz,,,11.0,11,14.0,,,,,+1 Lap,0.0,43.0,2018,13
35,S SIROTKIN,SIR,sirotkin,Williams,FFFFFF,williams,Sergey,Sirotkin,Sergey Sirotkin,,,12.0,12,16.0,,,,,+1 Lap,0.0,43.0,2018,13
18,L STROLL,STR,stroll,Williams,FFFFFF,williams,Lance,Stroll,Lance Stroll,,,13.0,13,17.0,,,,,+1 Lap,0.0,43.0,2018,13
28,B HARTLEY,HAR,brendon_hartley,Toro Rosso,469BFF,toro_rosso,Brendon,Hartley,Brendon Hartley,,,14.0,14,11.0,,,,,+1 Lap,0.0,43.0,2018,13
2,S VANDOORNE,VAN,vandoorne,McLaren,FF8700,mclaren,Stoffel,Vandoorne,Stoffel Vandoorne,,,15.0,15,18.0,,,,,+1 Lap,0.0,43.0,2018,13
3,D RICCIARDO,RIC,ricciardo,Red Bull Racing,1E41FF,red_bull,Daniel,Ricciardo,Daniel Ricciardo,,,16.0,R,8.0,,,,,Retired,0.0,28.0,2018,13
7,K RAIKKONEN,RAI,raikkonen,Ferrari,DC0000,ferrari,Kimi,Räikkönen,Kimi Räikkönen,,,17.0,R,6.0,,,,,Brakes,0.0,8.0,2018,13
16,C LECLERC,LEC,leclerc,Sauber,9B0000,sauber,Charles,Leclerc,Charles Leclerc,,,18.0,R,12.0,,,,,Accident,0.0,0.0,2018,13
14,F ALONSO,ALO,alonso,McLaren,FF8700,mclaren,Fernando,Alonso,Fernando Alonso,,,19.0,R,15.0,,,,,Accident,0.0,0.0,2018,13
27,N HULKENBERG,HUL,hulkenberg,Renault,FFF500,renault,Nico,Hulkenberg,Nico Hulkenberg,,,20.0,R,20.0,,,,,Accident,0.0,0.0,2018,13
18,L STROLL,STR,stroll,Williams,FFFFFF,williams,Lance,Stroll,Lance Stroll,,,9.0,9,10.0,,,,,+1 Lap,2.0,52.0,2018,14
35,S SIROTKIN,SIR,sirotkin,Williams,FFFFFF,williams,Sergey,Sirotkin,Sergey Sirotkin,,,10.0,10,12.0,,,,,+1 Lap,1.0,52.0,2018,14
16,C LECLERC,LEC,leclerc,Sauber,9B0000,sauber,Charles,Leclerc,Charles Leclerc,,,11.0,11,15.0,,,,,+1 Lap,0.0,52.0,2018,14
2,S VANDOORNE,VAN,vandoorne,McLaren,FF8700,mclaren,Stoffel,Vandoorne,Stoffel Vandoorne,,,12.0,12,17.0,,,,,+1 Lap,0.0,52.0,2018,14
27,N HULKENBERG,HUL,hulkenberg,Renault,FFF500,renault,Nico,Hulkenberg,Nico Hulkenberg,,,13.0,13,20.0,,,,,+1 Lap,0.0,52.0,2018,14
10,P GASLY,GAS,gasly,Toro Rosso,469BFF,toro_rosso,Pierre,Gasly,Pierre Gasly,,,14.0,14,9.0,,,,,+1 Lap,0.0,52.0,2018,14
9,M ERICSSON,ERI,ericsson,Sauber,9B0000,sauber,Marcus,Ericsson,Marcus Ericsson,,,15.0,15,18.0,,,,,+1 Lap,0.0,52.0,2018,14
20,K MAGNUSSEN,MAG,kevin_magnussen,Haas F1 Team,828282,haas,Kevin,Magnussen,Kevin Magnussen,,,16.0,16,11.0,,,,,+1 Lap,0.0,52.0,2018,14
3,D RICCIARDO,RIC,ricciardo,Red Bull Racing,1E41FF,red_bull,Daniel,Ricciardo,Daniel Ricciardo,,,17.0,R,19.0,,,,,Engine,0.0,23.0,2018,14
14,F ALONSO,ALO,alonso,McLaren,FF8700,mclaren,Fernando,Alonso,Fernando Alonso,,,18.0,R,13.0,,,,,Engine,0.0,9.0,2018,14
28,B HARTLEY,HAR,brendon_hartley,Toro Rosso,469BFF,toro_rosso,Brendon,Hartley,Brendon Hartley,,,19.0,R,16.0,,,,,Brakes,0.0,0.0,2018,14
8,R GROSJEAN,GRO,grosjean,Haas F1 Team,828282,haas,Romain,Grosjean,Romain Grosjean,,,20.0,D,6.0,,,,,Disqualified,0.0,53.0,2018,14
55,C SAINZ,SAI,sainz,Renault,FFF500,renault,Carlos,Sainz,Carlos Sainz,,,8.0,8,12.0,,,,,+1 Lap,4.0,60.0,2018,15
16,C LECLERC,LEC,leclerc,Sauber,9B0000,sauber,Charles,Leclerc,Charles Leclerc,,,9.0,9,13.0,,,,,+1 Lap,2.0,60.0,2018,15
27,N HULKENBERG,HUL,hulkenberg,Renault,FFF500,renault,Nico,Hulkenberg,Nico Hulkenberg,,,10.0,10,10.0,,,,,+1 Lap,1.0,60.0,2018,15
9,M ERICSSON,ERI,ericsson,Sauber,9B0000,sauber,Marcus,Ericsson,Marcus Ericsson,,,11.0,11,14.0,,,,,+1 Lap,0.0,60.0,2018,15
2,S VANDOORNE,VAN,vandoorne,McLaren,FF8700,mclaren,Stoffel,Vandoorne,Stoffel Vandoorne,,,12.0,12,18.0,,,,,+1 Lap,0.0,60.0,2018,15
10,P GASLY,GAS,gasly,Toro Rosso,469BFF,toro_rosso,Pierre,Gasly,Pierre Gasly,,,13.0,13,15.0,,,,,+1 Lap,0.0,60.0,2018,15
18,L STROLL,STR,stroll,Williams,FFFFFF,williams,Lance,Stroll,Lance Stroll,,,14.0,14,20.0,,,,,+1 Lap,0.0,60.0,2018,15
8,R GROSJEAN,GRO,grosjean,Haas F1 Team,828282,haas,Romain,Grosjean,Romain Grosjean,,,15.0,15,8.0,,,,,+1 Lap,0.0,60.0,2018,15
11,S PEREZ,PER,perez,Racing Point,f596c8,force_india,Sergio,Perez,Sergio Perez,,,16.0,16,7.0,,,,,+1 Lap,0.0,60.0,2018,15
28,B HARTLEY,HAR,brendon_hartley,Toro Rosso,469BFF,toro_rosso,Brendon,Hartley,Brendon Hartley,,,17.0,17,17.0,,,,,+1 Lap,0.0,60.0,2018,15
20,K MAGNUSSEN,MAG,kevin_magnussen,Haas F1 Team,828282,haas,Kevin,Magnussen,Kevin Magnussen,,,18.0,18,16.0,,,,,+2 Laps,0.0,59.0,2018,15
35,S SIROTKIN,SIR,sirotkin,Williams,FFFFFF,williams,Sergey,Sirotkin,Sergey Sirotkin,,,19.0,19,19.0,,,,,+2 Laps,0.0,59.0,2018,15
31,E OCON,OCO,ocon,Racing Point,f596c8,force_india,Esteban,Ocon,Esteban Ocon,,,20.0,R,9.0,,,,,Collision,0.0,0.0,2018,15
20,K MAGNUSSEN,MAG,kevin_magnussen,Haas F1 Team,828282,haas,Kevin,Magnussen,Kevin Magnussen,,,8.0,8,5.0,,,,,+1 Lap,4.0,52.0,2018,16
31,E OCON,OCO,ocon,Racing Point,f596c8,force_india,Esteban,Ocon,Esteban Ocon,,,9.0,9,6.0,,,,,+1 Lap,2.0,52.0,2018,16
11,S PEREZ,PER,perez,Racing Point,f596c8,force_india,Sergio,Perez,Sergio Perez,,,10.0,10,8.0,,,,,+1 Lap,1.0,52.0,2018,16
8,R GROSJEAN,GRO,grosjean,Haas F1 Team,828282,haas,Romain,Grosjean,Romain Grosjean,,,11.0,11,9.0,,,,,+1 Lap,0.0,52.0,2018,16
27,N HULKENBERG,HUL,hulkenberg,Renault,FFF500,renault,Nico,Hulkenberg,Nico Hulkenberg,,,12.0,12,12.0,,,,,+1 Lap,0.0,52.0,2018,16
9,M ERICSSON,ERI,ericsson,Sauber,9B0000,sauber,Marcus,Ericsson,Marcus Ericsson,,,13.0,13,10.0,,,,,+1 Lap,0.0,52.0,2018,16
14,F ALONSO,ALO,alonso,McLaren,FF8700,mclaren,Fernando,Alonso,Fernando Alonso,,,14.0,14,16.0,,,,,+1 Lap,0.0,52.0,2018,16
18,L STROLL,STR,stroll,Williams,FFFFFF,williams,Lance,Stroll,Lance Stroll,,,15.0,15,14.0,,,,,+1 Lap,0.0,52.0,2018,16
2,S VANDOORNE,VAN,vandoorne,McLaren,FF8700,mclaren,Stoffel,Vandoorne,Stoffel Vandoorne,,,16.0,16,15.0,,,,,+2 Laps,0.0,51.0,2018,16
55,C SAINZ,SAI,sainz,Renault,FFF500,renault,Carlos,Sainz,Carlos Sainz,,,17.0,17,11.0,,,,,+2 Laps,0.0,51.0,2018,16
35,S SIROTKIN,SIR,sirotkin,Williams,FFFFFF,williams,Sergey,Sirotkin,Sergey Sirotkin,,,18.0,18,13.0,,,,,+2 Laps,0.0,51.0,2018,16
10,P GASLY,GAS,gasly,Toro Rosso,469BFF,toro_rosso,Pierre,Gasly,Pierre Gasly,,,19.0,R,17.0,,,,,Brakes,0.0,4.0,2018,16
28,B HARTLEY,HAR,brendon_hartley,Toro Rosso,469BFF,toro_rosso,Brendon,Hartley,Brendon Hartley,,,20.0,R,20.0,,,,,Brakes,0.0,4.0,2018,16
55,C SAINZ,SAI,sainz,Renault,FFF500,renault,Carlos,Sainz,Carlos Sainz,,,10.0,10,13.0,,,,,+1 Lap,1.0,52.0,2018,17
10,P GASLY,GAS,gasly,Toro Rosso,469BFF,toro_rosso,Pierre,Gasly,Pierre Gasly,,,11.0,11,7.0,,,,,+1 Lap,0.0,52.0,2018,17
9,M ERICSSON,ERI,ericsson,Sauber,9B0000,sauber,Marcus,Ericsson,Marcus Ericsson,,,12.0,12,20.0,,,,,+1 Lap,0.0,52.0,2018,17
28,B HARTLEY,HAR,brendon_hartley,Toro Rosso,469BFF,toro_rosso,Brendon,Hartley,Brendon Hartley,,,13.0,13,6.0,,,,,+1 Lap,0.0,52.0,2018,17
14,F ALONSO,ALO,alonso,McLaren,FF8700,mclaren,Fernando,Alonso,Fernando Alonso,,,14.0,14,18.0,,,,,+1 Lap,0.0,52.0,2018,17
2,S VANDOORNE,VAN,vandoorne,McLaren,FF8700,mclaren,Stoffel,Vandoorne,Stoffel Vandoorne,,,15.0,15,19.0,,,,,+1 Lap,0.0,52.0,2018,17
35,S SIROTKIN,SIR,sirotkin,Williams,FFFFFF,williams,Sergey,Sirotkin,Sergey Sirotkin,,,16.0,16,17.0,,,,,+1 Lap,0.0,52.0,2018,17
18,L STROLL,STR,stroll,Williams,FFFFFF,williams,Lance,Stroll,Lance Stroll,,,17.0,17,14.0,,,,,+1 Lap,0.0,52.0,2018,17
16,C LECLERC,LEC,leclerc,Sauber,9B0000,sauber,Charles,Leclerc,Charles Leclerc,,,18.0,R,10.0,,,,,Mechanical,0.0,38.0,2018,17
27,N HULKENBERG,HUL,hulkenberg,Renault,FFF500,renault,Nico,Hulkenberg,Nico Hulkenberg,,,19.0,R,16.0,,,,,Engine,0.0,37.0,2018,17
20,K MAGNUSSEN,MAG,kevin_magnussen,Haas F1 Team,828282,haas,Kevin,Magnussen,Kevin Magnussen,,,20.0,R,12.0,,,,,Collision damage,0.0,8.0,2018,17
28,B HARTLEY,HAR,brendon_hartley,Toro Rosso,469BFF,toro_rosso,Brendon,Hartley,Brendon Hartley,,,9.0,9,20.0,,,,,+1 Lap,2.0,55.0,2018,18
9,M ERICSSON,ERI,ericsson,Sauber,9B0000,sauber,Marcus,Ericsson,Marcus Ericsson,,,10.0,10,16.0,,,,,+1 Lap,1.0,55.0,2018,18
2,S VANDOORNE,VAN,vandoorne,McLaren,FF8700,mclaren,Stoffel,Vandoorne,Stoffel Vandoorne,,,11.0,11,17.0,,,,,+1 Lap,0.0,55.0,2018,18
10,P GASLY,GAS,gasly,Toro Rosso,469BFF,toro_rosso,Pierre,Gasly,Pierre Gasly,,,12.0,12,19.0,,,,,+1 Lap,0.0,55.0,2018,18
35,S SIROTKIN,SIR,sirotkin,Williams,FFFFFF,williams,Sergey,Sirotkin,Sergey Sirotkin,,,13.0,13,14.0,,,,,+1 Lap,0.0,55.0,2018,18
18,L STROLL,STR,stroll,Williams,FFFFFF,williams,Lance,Stroll,Lance Stroll,,,14.0,14,15.0,,,,,+2 Laps,0.0,54.0,2018,18
16,C LECLERC,LEC,leclerc,Sauber,9B0000,sauber,Charles,Leclerc,Charles Leclerc,,,15.0,R,9.0,,,,,Collision damage,0.0,31.0,2018,18
3,D RICCIARDO,RIC,ricciardo,Red Bull Racing,1E41FF,red_bull,Daniel,Ricciardo,Daniel Ricciardo,,,16.0,R,4.0,,,,,Battery,0.0,8.0,2018,18
8,R GROSJEAN,GRO,grosjean,Haas F1 Team,828282,haas,Romain,Grosjean,Romain Grosjean,,,17.0,R,8.0,,,,,Collision damage,0.0,2.0,2018,18
14,F ALONSO,ALO,alonso,McLaren,FF8700,mclaren,Fernando,Alonso,Fernando Alonso,,,18.0,R,13.0,,,,,Collision,0.0,1.0,2018,18
31,E OCON,OCO,ocon,Racing Point,f596c8,force_india,Esteban,Ocon,Esteban Ocon,,,19.0,D,6.0,,,,,Disqualified,0.0,56.0,2018,18
20,K MAGNUSSEN,MAG,kevin_magnussen,Haas F1 Team,828282,haas,Kevin,Magnussen,Kevin Magnussen,,,20.0,D,12.0,,,,,Disqualified,0.0,56.0,2018,18
77,V BOTTAS,BOT,bottas,Mercedes,00D2BE,mercedes,Valtteri,Bottas,Valtteri Bottas,,,5.0,5,5.0,,,,,+1 Lap,10.0,70.0,2018,19
27,N HULKENBERG,HUL,hulkenberg,Renault,FFF500,renault,Nico,Hulkenberg,Nico Hulkenberg,,,6.0,6,7.0,,,,,+2 Laps,8.0,69.0,2018,19
16,C LECLERC,LEC,leclerc,Sauber,9B0000,sauber,Charles,Leclerc,Charles Leclerc,,,7.0,7,9.0,,,,,+2 Laps,6.0,69.0,2018,19
2,S VANDOORNE,VAN,vandoorne,McLaren,FF8700,mclaren,Stoffel,Vandoorne,Stoffel Vandoorne,,,8.0,8,15.0,,,,,+2 Laps,4.0,69.0,2018,19
9,M ERICSSON,ERI,ericsson,Sauber,9B0000,sauber,Marcus,Ericsson,Marcus Ericsson,,,9.0,9,10.0,,,,,+2 Laps,2.0,69.0,2018,19
10,P GASLY,GAS,gasly,Toro Rosso,469BFF,toro_rosso,Pierre,Gasly,Pierre Gasly,,,10.0,10,20.0,,,,,+2 Laps,1.0,69.0,2018,19
31,E OCON,OCO,ocon,Racing Point,f596c8,force_india,Esteban,Ocon,Esteban Ocon,,,11.0,11,11.0,,,,,+2 Laps,0.0,69.0,2018,19
18,L STROLL,STR,stroll,Williams,FFFFFF,williams,Lance,Stroll,Lance Stroll,,,12.0,12,17.0,,,,,+2 Laps,0.0,69.0,2018,19
35,S SIROTKIN,SIR,sirotkin,Williams,FFFFFF,williams,Sergey,Sirotkin,Sergey Sirotkin,,,13.0,13,19.0,,,,,+2 Laps,0.0,69.0,2018,19
28,B HARTLEY,HAR,brendon_hartley,Toro Rosso,469BFF,toro_rosso,Brendon,Hartley,Brendon Hartley,,,14.0,14,14.0,,,,,+2 Laps,0.0,69.0,2018,19
20,K MAGNUSSEN,MAG,kevin_magnussen,Haas F1 Team,828282,haas,Kevin,Magnussen,Kevin Magnussen,,,15.0,15,16.0,,,,,+2 Laps,0.0,69.0,2018,19
8,R GROSJEAN,GRO,grosjean,Haas F1 Team,828282,haas,Romain,Grosjean,Romain Grosjean,,,16.0,16,18.0,,,,,+3 Laps,0.0,68.0,2018,19
3,D RICCIARDO,RIC,ricciardo,Red Bull Racing,1E41FF,red_bull,Daniel,Ricciardo,Daniel Ricciardo,,,17.0,R,1.0,,,,,Engine,0.0,61.0,2018,19
11,S PEREZ,PER,perez,Racing Point,f596c8,force_india,Sergio,Perez,Sergio Perez,,,18.0,R,13.0,,,,,Brakes,0.0,38.0,2018,19
55,C SAINZ,SAI,sainz,Renault,FFF500,renault,Carlos,Sainz,Carlos Sainz,,,19.0,R,8.0,,,,,Suspension,0.0,28.0,2018,19
14,F ALONSO,ALO,alonso,McLaren,FF8700,mclaren,Fernando,Alonso,Fernando Alonso,,,20.0,R,12.0,,,,,Engine,0.0,3.0,2018,19
11,S PEREZ,PER,perez,Racing Point,f596c8,force_india,Sergio,Perez,Sergio Perez,,,10.0,10,12.0,,,,,+1 Lap,1.0,70.0,2018,20
28,B HARTLEY,HAR,brendon_hartley,Toro Rosso,469BFF,toro_rosso,Brendon,Hartley,Brendon Hartley,,,11.0,11,16.0,,,,,+1 Lap,0.0,70.0,2018,20
55,C SAINZ,SAI,sainz,Renault,FFF500,renault,Carlos,Sainz,Carlos Sainz,,,12.0,12,15.0,,,,,+1 Lap,0.0,70.0,2018,20
10,P GASLY,GAS,gasly,Toro Rosso,469BFF,toro_rosso,Pierre,Gasly,Pierre Gasly,,,13.0,13,9.0,,,,,+1 Lap,0.0,70.0,2018,20
2,S VANDOORNE,VAN,vandoorne,McLaren,FF8700,mclaren,Stoffel,Vandoorne,Stoffel Vandoorne,,,14.0,14,20.0,,,,,+1 Lap,0.0,70.0,2018,20
31,E OCON,OCO,ocon,Racing Point,f596c8,force_india,Esteban,Ocon,Esteban Ocon,,,15.0,15,18.0,,,,,+1 Lap,0.0,70.0,2018,20
35,S SIROTKIN,SIR,sirotkin,Williams,FFFFFF,williams,Sergey,Sirotkin,Sergey Sirotkin,,,16.0,16,14.0,,,,,+2 Laps,0.0,69.0,2018,20
14,F ALONSO,ALO,alonso,McLaren,FF8700,mclaren,Fernando,Alonso,Fernando Alonso,,,17.0,17,17.0,,,,,+2 Laps,0.0,69.0,2018,20
18,L STROLL,STR,stroll,Williams,FFFFFF,williams,Lance,Stroll,Lance Stroll,,,18.0,18,19.0,,,,,+2 Laps,0.0,69.0,2018,20
27,N HULKENBERG,HUL,hulkenberg,Renault,FFF500,renault,Nico,Hulkenberg,Nico Hulkenberg,,,19.0,R,13.0,,,,,Overheating,0.0,32.0,2018,20
9,M ERICSSON,ERI,ericsson,Sauber,9B0000,sauber,Marcus,Ericsson,Marcus Ericsson,,,20.0,R,6.0,,,,,Collision,0.0,20.0,2018,20
8,R GROSJEAN,GRO,grosjean,Haas F1 Team,828282,haas,Romain,Grosjean,Romain Grosjean,,,9.0,9,7.0,,,,,+1 Lap,2.0,54.0,2018,21
20,K MAGNUSSEN,MAG,kevin_magnussen,Haas F1 Team,828282,haas,Kevin,Magnussen,Kevin Magnussen,,,10.0,10,13.0,,,,,+1 Lap,1.0,54.0,2018,21
14,F ALONSO,ALO,alonso,McLaren,FF8700,mclaren,Fernando,Alonso,Fernando Alonso,,,11.0,11,15.0,,,,,+1 Lap,0.0,54.0,2018,21
28,B HARTLEY,HAR,brendon_hartley,Toro Rosso,469BFF,toro_rosso,Brendon,Hartley,Brendon Hartley,,,12.0,12,16.0,,,,,+1 Lap,0.0,54.0,2018,21
18,L STROLL,STR,stroll,Williams,FFFFFF,williams,Lance,Stroll,Lance Stroll,,,13.0,13,20.0,,,,,+1 Lap,0.0,54.0,2018,21
2,S VANDOORNE,VAN,vandoorne,McLaren,FF8700,mclaren,Stoffel,Vandoorne,Stoffel Vandoorne,,,14.0,14,18.0,,,,,+1 Lap,0.0,54.0,2018,21
35,S SIROTKIN,SIR,sirotkin,Williams,FFFFFF,williams,Sergey,Sirotkin,Sergey Sirotkin,,,15.0,15,19.0,,,,,+1 Lap,0.0,54.0,2018,21
10,P GASLY,GAS,gasly,Toro Rosso,469BFF,toro_rosso,Pierre,Gasly,Pierre Gasly,,,16.0,R,17.0,,,,,Engine,0.0,46.0,2018,21
31,E OCON,OCO,ocon,Racing Point,f596c8,force_india,Esteban,Ocon,Esteban Ocon,,,17.0,R,9.0,,,,,Engine,0.0,44.0,2018,21
9,M ERICSSON,ERI,ericsson,Sauber,9B0000,sauber,Marcus,Ericsson,Marcus Ericsson,,,18.0,R,12.0,,,,,Power loss,0.0,24.0,2018,21
7,K RAIKKONEN,RAI,raikkonen,Ferrari,DC0000,ferrari,Kimi,Räikkönen,Kimi Räikkönen,,,19.0,R,4.0,,,,,Power loss,0.0,6.0,2018,21
27,N HULKENBERG,HUL,hulkenberg,Renault,FFF500,renault,Nico,Hulkenberg,Nico Hulkenberg,,,20.0,R,10.0,,,,,Collision,0.0,0.0,2018,21
